accident_id,date,hour,day_of_week,weather,light_condition,road_type,speed_limit,num_vehicles,junction,alcohol_involved,driver_fatigue,casualties,severity
1,2024-05-10,21,Fri,Clear,Dark,Intersection,100,5,Yes,0,0,3,Fatal
2,2024-11-10,12,Sun,Clear,Daylight,Urban Road,40,2,No,1,0,0,Minor
3,2022-05-02,16,Mon,Clear,Daylight,Urban Road,30,2,No,0,0,5,Minor
4,2023-04-12,13,Wed,Clear,Daylight,Highway,70,2,Yes,0,0,3,Fatal
5,2022-11-27,16,Sun,Clear,Daylight,Highway,50,5,Yes,0,0,3,Serious
6,2022-03-29,12,Tue,Cloudy,Daylight,Rural Road,60,2,No,0,1,2,Minor
7,2024-05-21,8,Tue,Cloudy,Daylight,Urban Road,70,2,No,0,0,2,Minor
8,2022-05-11,13,Wed,Cloudy,Daylight,Highway,30,2,No,0,0,4,Serious
9,2024-02-09,14,Fri,Cloudy,Daylight,Urban Road,50,5,No,0,0,2,Serious
10,2022-12-10,18,Sat,Cloudy,Daylight,Urban Road,60,3,Yes,0,1,2,Fatal
11,2024-03-16,17,Sat,Rain,Daylight,Intersection,50,2,No,0,1,0,Serious
12,2023-01-21,16,Sat,Clear,Daylight,Intersection,30,1,No,0,0,2,Minor
13,2024-08-13,7,Tue,Snow,Daylight,Urban Road,30,2,Yes,0,0,2,Serious
14,2022-10-04,17,Tue,Clear,Daylight,Intersection,100,2,No,0,0,4,Serious
15,2023-04-05,13,Wed,Clear,Daylight,Urban Road,120,1,No,1,0,2,Fatal
16,2022-01-22,19,Sat,Clear,Dusk/Dawn,Rural Road,40,4,No,0,0,0,Serious
17,2022-09-10,20,Sat,Rain,Dark,Intersection,40,2,Yes,0,0,3,Fatal
18,2024-01-18,5,Thu,Clear,Dark,Urban Road,70,2,Yes,1,1,4,Fatal
19,2024-05-06,18,Mon,Clear,Daylight,Rural Road,120,4,No,0,0,0,Fatal
20,2023-04-20,3,Thu,Clear,Dark,Highway,50,1,Yes,0,0,2,Serious
21,2024-12-18,10,Wed,Cloudy,Daylight,Highway,100,3,No,0,0,1,Serious
22,2023-05-26,14,Fri,Rain,Daylight,Urban Road,60,2,Yes,0,0,2,Serious
23,2023-12-01,7,Fri,Cloudy,Daylight,Intersection,120,4,No,0,0,3,Fatal
24,2024-09-02,17,Mon,Clear,Daylight,Urban Road,40,3,Yes,0,0,1,Fatal
25,2022-07-09,0,Sat,Clear,Dark,Intersection,120,3,No,1,0,5,Fatal
26,2024-08-15,7,Thu,Rain,Daylight,Intersection,50,2,Yes,0,0,5,Fatal
27,2023-11-18,15,Sat,Clear,Daylight,Highway,120,2,Yes,0,1,5,Fatal
28,2024-08-15,17,Thu,Rain,Daylight,Urban Road,60,4,No,0,0,1,Fatal
29,2023-07-17,20,Mon,Snow,Dark,Urban Road,60,1,No,0,0,1,Serious
30,2024-04-11,17,Thu,Snow,Daylight,Urban Road,100,3,No,0,0,0,Fatal
31,2023-10-09,16,Mon,Cloudy,Daylight,Highway,80,2,Yes,0,0,5,Fatal
32,2022-01-21,11,Fri,Clear,Daylight,Intersection,70,1,Yes,0,0,2,Fatal
33,2024-04-20,0,Sat,Clear,Dark,Rural Road,50,1,No,0,0,2,Serious
34,2022-06-16,7,Thu,Rain,Daylight,Urban Road,80,1,No,0,0,1,Fatal
35,2023-01-23,14,Mon,Clear,Daylight,Urban Road,120,5,Yes,0,0,1,Fatal
36,2023-08-24,16,Thu,Clear,Daylight,Highway,30,3,Yes,0,0,3,Fatal
37,2022-11-12,12,Sat,Clear,Daylight,Urban Road,60,2,Yes,0,0,0,Minor
38,2022-01-14,17,Fri,Clear,Daylight,Intersection,100,3,Yes,0,0,1,Fatal
39,2022-08-30,14,Tue,Clear,Daylight,Intersection,70,2,Yes,0,0,2,Serious
40,2024-02-16,6,Fri,Clear,Daylight,Urban Road,100,3,No,0,0,5,Fatal
41,2023-07-19,8,Wed,Rain,Daylight,Urban Road,100,3,No,0,0,2,Fatal
42,2024-06-16,18,Sun,Rain,Daylight,Rural Road,80,1,Yes,0,0,2,Serious
43,2022-04-02,17,Sat,Fog,Daylight,Urban Road,80,2,No,1,0,4,Fatal
44,2024-08-13,19,Tue,Rain,Dusk/Dawn,Highway,120,2,No,0,0,3,Fatal
45,2023-05-24,7,Wed,Clear,Daylight,Urban Road,100,5,No,0,0,3,Fatal
46,2024-02-15,23,Thu,Clear,Dark,Urban Road,100,2,No,1,0,1,Fatal
47,2022-02-04,8,Fri,Clear,Daylight,Highway,30,4,No,0,0,2,Serious
48,2022-07-25,1,Mon,Cloudy,Dark,Highway,40,3,No,0,0,0,Minor
49,2024-10-22,23,Tue,Fog,Dark,Highway,60,2,No,0,0,1,Fatal
50,2024-10-18,9,Fri,Clear,Daylight,Urban Road,80,4,Yes,0,0,1,Fatal
51,2023-07-20,16,Thu,Clear,Daylight,Urban Road,50,2,Yes,1,0,3,Minor
52,2023-12-04,7,Mon,Cloudy,Daylight,Highway,30,2,No,0,0,2,Minor
53,2023-02-06,15,Mon,Rain,Daylight,Highway,50,3,No,0,0,6,Serious
54,2023-12-31,20,Sun,Cloudy,Dark,Intersection,80,1,Yes,0,0,3,Serious
55,2022-06-11,9,Sat,Clear,Daylight,Highway,100,2,No,0,0,1,Fatal
56,2022-07-21,16,Thu,Clear,Daylight,Urban Road,120,2,Yes,0,1,2,Fatal
57,2024-09-22,8,Sun,Snow,Daylight,Intersection,50,2,Yes,0,0,6,Fatal
58,2022-09-27,16,Tue,Fog,Daylight,Urban Road,50,4,No,0,0,1,Fatal
59,2024-03-26,10,Tue,Fog,Daylight,Rural Road,50,4,No,0,0,4,Fatal
60,2023-04-01,8,Sat,Rain,Daylight,Urban Road,50,2,No,0,0,1,Minor
61,2024-10-13,9,Sun,Rain,Daylight,Highway,70,2,Yes,0,0,2,Serious
62,2022-10-23,7,Sun,Fog,Daylight,Urban Road,50,3,No,0,0,2,Fatal
63,2023-12-21,20,Thu,Clear,Dark,Urban Road,30,2,No,0,0,2,Minor
64,2022-12-04,11,Sun,Clear,Daylight,Highway,50,1,Yes,0,0,1,Serious
65,2024-05-28,8,Tue,Cloudy,Daylight,Urban Road,40,3,Yes,0,0,3,Serious
66,2024-12-12,12,Thu,Clear,Daylight,Intersection,30,3,Yes,0,0,1,Serious
67,2024-03-02,9,Sat,Rain,Daylight,Highway,60,1,No,0,0,1,Serious
68,2022-08-05,17,Fri,Fog,Daylight,Urban Road,40,3,No,0,0,1,Serious
69,2024-02-03,22,Sat,Cloudy,Dark,Urban Road,60,2,No,1,0,1,Fatal
70,2022-07-07,12,Thu,Clear,Daylight,Intersection,50,1,No,0,0,1,Serious
71,2023-01-15,19,Sun,Clear,Dusk/Dawn,Intersection,70,2,No,0,0,2,Serious
72,2023-05-08,15,Mon,Cloudy,Daylight,Rural Road,120,1,No,0,0,3,Minor
73,2024-11-30,7,Sat,Cloudy,Daylight,Urban Road,60,2,Yes,0,0,4,Serious
74,2022-01-15,16,Sat,Fog,Daylight,Highway,70,3,Yes,0,0,2,Fatal
75,2022-03-06,14,Sun,Clear,Daylight,Urban Road,120,4,Yes,0,0,2,Serious
76,2023-06-05,16,Mon,Clear,Daylight,Rural Road,50,2,No,0,0,1,Minor
77,2023-10-10,19,Tue,Rain,Dusk/Dawn,Rural Road,40,4,Yes,0,0,1,Fatal
78,2024-12-22,12,Sun,Cloudy,Daylight,Intersection,50,1,Yes,0,0,1,Minor
79,2023-08-16,20,Wed,Cloudy,Dark,Urban Road,50,1,Yes,0,0,1,Fatal
80,2023-01-27,17,Fri,Clear,Daylight,Urban Road,70,1,No,0,0,0,Minor
81,2023-02-23,13,Thu,Clear,Daylight,Urban Road,30,1,No,0,0,2,Minor
82,2022-10-16,15,Sun,Clear,Daylight,Highway,100,2,No,1,0,2,Fatal
83,2023-01-14,9,Sat,Cloudy,Daylight,Urban Road,30,4,No,0,0,4,Serious
84,2022-08-19,22,Fri,Rain,Dark,Urban Road,120,1,No,0,0,3,Fatal
85,2024-10-14,16,Mon,Clear,Daylight,Intersection,120,2,No,0,0,0,Minor
86,2022-02-10,4,Thu,Clear,Dark,Urban Road,120,3,Yes,0,0,2,Fatal
87,2024-11-17,10,Sun,Rain,Daylight,Intersection,100,2,Yes,0,0,2,Serious
88,2022-05-15,16,Sun,Clear,Daylight,Urban Road,40,2,Yes,0,0,2,Serious
89,2022-07-20,5,Wed,Cloudy,Dark,Highway,80,2,No,0,0,2,Fatal
90,2024-02-19,2,Mon,Snow,Dark,Highway,40,1,Yes,0,0,3,Fatal
91,2024-07-18,12,Thu,Clear,Daylight,Highway,100,3,No,0,0,8,Fatal
92,2024-11-22,10,Fri,Clear,Daylight,Urban Road,50,1,Yes,0,0,0,Minor
93,2024-12-07,12,Sat,Cloudy,Daylight,Highway,50,2,Yes,0,0,2,Fatal
94,2023-05-18,8,Thu,Clear,Daylight,Urban Road,120,2,No,0,0,1,Fatal
95,2023-02-11,7,Sat,Clear,Daylight,Intersection,30,2,Yes,0,0,1,Minor
96,2024-03-15,16,Fri,Cloudy,Daylight,Rural Road,40,2,No,0,0,2,Serious
97,2022-04-09,14,Sat,Cloudy,Daylight,Rural Road,50,2,Yes,0,0,1,Serious
98,2023-11-15,8,Wed,Cloudy,Daylight,Highway,80,2,Yes,0,0,0,Minor
99,2023-12-27,9,Wed,Clear,Daylight,Urban Road,70,2,No,0,0,3,Minor
100,2024-08-18,15,Sun,Clear,Daylight,Highway,70,2,No,0,0,2,Minor
101,2023-09-05,6,Tue,Clear,Daylight,Intersection,100,4,Yes,0,0,2,Serious
102,2023-10-05,7,Thu,Clear,Daylight,Highway,40,4,No,0,0,0,Serious
103,2024-10-25,6,Fri,Snow,Daylight,Urban Road,60,2,No,0,0,0,Serious
104,2023-05-18,18,Thu,Clear,Daylight,Urban Road,80,1,Yes,0,0,1,Fatal
105,2024-02-06,17,Tue,Fog,Daylight,Urban Road,70,2,Yes,0,0,3,Serious
106,2023-02-02,17,Thu,Clear,Daylight,Intersection,50,1,No,0,0,2,Minor
107,2024-05-20,17,Mon,Clear,Daylight,Highway,30,2,No,0,0,2,Serious
108,2024-03-05,16,Tue,Cloudy,Daylight,Urban Road,30,1,Yes,0,0,1,Minor
109,2023-01-28,13,Sat,Clear,Daylight,Rural Road,40,3,Yes,1,0,1,Fatal
110,2022-07-26,16,Tue,Clear,Daylight,Urban Road,50,1,Yes,0,0,4,Serious
111,2024-11-04,3,Mon,Clear,Dark,Urban Road,40,4,Yes,0,0,1,Fatal
112,2024-06-10,15,Mon,Clear,Daylight,Highway,50,1,Yes,0,0,2,Serious
113,2024-05-13,18,Mon,Clear,Daylight,Rural Road,40,2,No,0,0,2,Serious
114,2024-01-13,13,Sat,Clear,Daylight,Intersection,80,4,No,0,0,0,Minor
115,2023-07-18,10,Tue,Fog,Daylight,Urban Road,100,1,No,0,0,2,Serious
116,2024-10-17,9,Thu,Cloudy,Daylight,Intersection,50,4,Yes,0,0,1,Fatal
117,2022-04-06,16,Wed,Rain,Daylight,Urban Road,60,2,Yes,0,0,3,Minor
118,2023-04-30,16,Sun,Clear,Daylight,Highway,120,5,Yes,0,0,2,Fatal
119,2022-08-19,19,Fri,Rain,Dusk/Dawn,Highway,60,5,No,0,0,1,Serious
120,2024-01-19,10,Fri,Clear,Daylight,Rural Road,120,1,Yes,0,0,1,Serious
121,2023-06-25,17,Sun,Rain,Daylight,Urban Road,40,3,Yes,0,0,0,Fatal
122,2024-11-25,15,Mon,Fog,Daylight,Rural Road,100,1,Yes,0,1,3,Fatal
123,2023-06-09,19,Fri,Clear,Dusk/Dawn,Rural Road,60,1,No,0,0,0,Minor
124,2023-08-01,14,Tue,Cloudy,Daylight,Intersection,30,1,No,0,0,0,Minor
125,2023-11-13,14,Mon,Cloudy,Daylight,Urban Road,120,1,Yes,0,0,1,Minor
126,2023-07-11,15,Tue,Cloudy,Daylight,Urban Road,120,2,No,0,0,7,Serious
127,2024-10-09,17,Wed,Clear,Daylight,Highway,50,2,No,0,0,2,Fatal
128,2023-10-08,21,Sun,Rain,Dark,Urban Road,120,3,Yes,0,1,6,Fatal
129,2024-03-06,6,Wed,Cloudy,Daylight,Intersection,40,2,Yes,0,0,1,Minor
130,2024-11-17,5,Sun,Clear,Dark,Highway,70,5,No,0,0,2,Fatal
131,2022-07-09,20,Sat,Cloudy,Dark,Intersection,40,1,Yes,0,0,4,Serious
132,2023-09-25,14,Mon,Clear,Daylight,Intersection,40,1,No,0,0,1,Serious
133,2023-09-20,15,Wed,Clear,Daylight,Urban Road,80,3,Yes,0,0,3,Fatal
134,2024-08-30,13,Fri,Snow,Daylight,Urban Road,50,4,No,1,0,4,Fatal
135,2023-12-11,6,Mon,Snow,Daylight,Highway,30,3,Yes,0,0,2,Fatal
136,2023-10-11,17,Wed,Snow,Daylight,Highway,50,2,No,0,0,3,Serious
137,2022-11-14,17,Mon,Cloudy,Daylight,Highway,40,2,No,0,0,0,Minor
138,2023-11-15,9,Wed,Clear,Daylight,Urban Road,70,1,No,0,0,5,Minor
139,2023-10-26,9,Thu,Clear,Daylight,Highway,40,2,Yes,0,0,1,Serious
140,2023-03-18,18,Sat,Cloudy,Daylight,Rural Road,100,2,Yes,0,0,2,Serious
141,2023-07-18,6,Tue,Clear,Daylight,Urban Road,50,2,No,0,0,2,Serious
142,2024-08-09,19,Fri,Fog,Dusk/Dawn,Highway,50,2,No,0,0,2,Fatal
143,2023-11-30,8,Thu,Rain,Daylight,Urban Road,50,3,Yes,0,0,0,Serious
144,2022-04-23,15,Sat,Clear,Daylight,Intersection,70,3,No,0,0,2,Fatal
145,2022-01-02,20,Sun,Clear,Dark,Rural Road,40,2,No,0,0,3,Minor
146,2023-10-04,16,Wed,Rain,Daylight,Urban Road,60,2,Yes,0,0,3,Fatal
147,2022-08-08,12,Mon,Cloudy,Daylight,Rural Road,50,1,No,0,0,0,Minor
148,2024-05-04,16,Sat,Fog,Daylight,Rural Road,100,1,No,0,0,4,Serious
149,2023-01-20,10,Fri,Rain,Daylight,Intersection,30,3,No,0,0,4,Minor
150,2024-12-12,9,Thu,Clear,Daylight,Highway,100,2,Yes,0,0,0,Serious
151,2023-12-31,23,Sun,Clear,Dark,Intersection,40,3,No,0,0,0,Minor
152,2022-09-04,17,Sun,Clear,Daylight,Urban Road,30,1,No,0,0,4,Minor
153,2024-04-15,16,Mon,Clear,Daylight,Intersection,40,4,No,0,0,2,Minor
154,2022-07-22,10,Fri,Clear,Daylight,Highway,40,1,Yes,0,0,1,Serious
155,2022-05-03,4,Tue,Clear,Dark,Intersection,60,3,No,0,0,2,Serious
156,2023-02-05,3,Sun,Clear,Dark,Intersection,120,2,No,0,0,2,Fatal
157,2024-02-06,14,Tue,Clear,Daylight,Highway,30,1,No,0,0,4,Minor
158,2022-10-21,17,Fri,Clear,Daylight,Intersection,60,2,Yes,0,0,2,Serious
159,2022-10-07,14,Fri,Rain,Daylight,Highway,50,1,No,0,1,2,Serious
160,2024-06-02,18,Sun,Rain,Daylight,Highway,50,2,No,0,0,1,Minor
161,2022-07-17,3,Sun,Clear,Dark,Urban Road,50,4,No,0,0,4,Serious
162,2024-09-08,10,Sun,Cloudy,Daylight,Intersection,100,2,Yes,0,0,1,Serious
163,2024-01-22,8,Mon,Clear,Daylight,Urban Road,30,2,No,0,0,2,Serious
164,2022-05-24,12,Tue,Cloudy,Daylight,Urban Road,80,4,Yes,0,0,3,Fatal
165,2023-09-01,6,Fri,Clear,Daylight,Rural Road,50,2,Yes,0,0,3,Minor
166,2022-07-06,21,Wed,Cloudy,Dark,Intersection,50,2,Yes,0,0,3,Serious
167,2023-04-09,8,Sun,Clear,Daylight,Rural Road,50,5,No,0,0,0,Minor
168,2023-10-22,20,Sun,Snow,Dark,Highway,50,1,No,0,0,3,Fatal
169,2024-02-03,12,Sat,Clear,Daylight,Urban Road,30,2,Yes,0,0,0,Minor
170,2024-08-12,22,Mon,Fog,Dark,Highway,40,3,No,0,0,2,Fatal
171,2023-02-07,14,Tue,Clear,Daylight,Urban Road,50,1,No,0,0,0,Minor
172,2022-05-27,20,Fri,Clear,Dark,Highway,100,3,No,1,0,4,Fatal
173,2024-05-13,0,Mon,Snow,Dark,Highway,40,2,No,0,0,4,Serious
174,2023-05-04,17,Thu,Clear,Daylight,Intersection,80,1,No,0,0,1,Serious
175,2024-07-17,20,Wed,Cloudy,Dark,Urban Road,50,2,Yes,0,0,3,Serious
176,2023-07-05,7,Wed,Clear,Daylight,Urban Road,100,5,No,0,0,1,Fatal
177,2022-12-04,6,Sun,Clear,Daylight,Urban Road,50,4,Yes,0,0,0,Serious
178,2024-05-21,12,Tue,Fog,Daylight,Highway,40,1,No,0,0,2,Serious
179,2023-10-03,20,Tue,Clear,Dark,Urban Road,120,1,No,0,0,3,Fatal
180,2023-04-18,14,Tue,Clear,Daylight,Urban Road,40,2,Yes,0,0,3,Minor
181,2022-05-31,14,Tue,Snow,Daylight,Intersection,60,2,No,0,0,1,Serious
182,2022-09-20,7,Tue,Snow,Daylight,Urban Road,60,3,Yes,0,0,0,Fatal
183,2022-05-24,0,Tue,Cloudy,Dark,Urban Road,50,5,Yes,0,0,3,Fatal
184,2022-12-12,18,Mon,Clear,Daylight,Rural Road,120,3,Yes,0,0,1,Fatal
185,2023-09-16,6,Sat,Rain,Daylight,Rural Road,100,2,No,0,0,4,Serious
186,2024-10-13,16,Sun,Clear,Daylight,Rural Road,100,1,Yes,0,0,2,Fatal
187,2024-05-30,20,Thu,Clear,Dark,Intersection,120,1,No,1,0,4,Fatal
188,2022-01-02,8,Sun,Snow,Daylight,Rural Road,60,2,No,0,0,3,Fatal
189,2024-06-15,16,Sat,Clear,Daylight,Urban Road,30,2,No,0,0,1,Minor
190,2022-09-11,6,Sun,Clear,Daylight,Intersection,80,3,No,0,0,3,Fatal
191,2023-03-29,15,Wed,Clear,Daylight,Urban Road,50,2,No,0,0,3,Serious
192,2024-11-26,7,Tue,Fog,Daylight,Highway,40,1,Yes,0,0,1,Fatal
193,2024-10-11,17,Fri,Cloudy,Daylight,Urban Road,60,2,Yes,0,0,2,Serious
194,2022-01-09,9,Sun,Rain,Daylight,Highway,120,5,No,0,0,1,Fatal
195,2024-03-26,13,Tue,Clear,Daylight,Highway,40,3,No,0,0,1,Minor
196,2022-07-27,15,Wed,Snow,Daylight,Highway,100,1,Yes,0,0,2,Fatal
197,2023-02-08,7,Wed,Rain,Daylight,Highway,50,3,No,0,0,0,Fatal
198,2022-06-01,17,Wed,Clear,Daylight,Intersection,40,2,No,0,0,0,Minor
199,2022-02-23,9,Wed,Clear,Daylight,Intersection,100,2,No,0,0,1,Serious
200,2023-09-20,16,Wed,Clear,Daylight,Urban Road,120,2,No,0,0,2,Minor
201,2023-08-10,7,Thu,Clear,Daylight,Intersection,50,2,No,0,0,4,Serious
202,2022-04-14,16,Thu,Cloudy,Daylight,Highway,50,2,No,0,0,2,Fatal
203,2022-09-11,7,Sun,Clear,Daylight,Intersection,50,2,No,0,0,2,Serious
204,2023-05-25,12,Thu,Clear,Daylight,Urban Road,100,2,No,0,0,4,Serious
205,2022-04-09,8,Sat,Cloudy,Daylight,Highway,30,1,No,0,0,3,Minor
206,2022-06-02,17,Thu,Cloudy,Daylight,Highway,40,2,Yes,0,0,2,Minor
207,2024-07-02,8,Tue,Rain,Daylight,Urban Road,80,3,No,0,0,2,Fatal
208,2024-05-27,19,Mon,Clear,Dusk/Dawn,Highway,50,2,No,0,0,2,Minor
209,2022-12-04,19,Sun,Clear,Dusk/Dawn,Urban Road,50,2,Yes,0,0,0,Minor
210,2024-04-01,8,Mon,Clear,Daylight,Highway,100,1,Yes,0,0,3,Serious
211,2024-08-14,15,Wed,Clear,Daylight,Highway,120,1,No,0,0,2,Serious
212,2022-06-10,6,Fri,Clear,Daylight,Highway,120,2,No,0,0,0,Serious
213,2024-03-11,11,Mon,Rain,Daylight,Intersection,50,1,Yes,0,0,2,Serious
214,2023-02-02,17,Thu,Clear,Daylight,Highway,120,2,No,0,0,0,Fatal
215,2024-03-26,16,Tue,Clear,Daylight,Highway,80,3,No,0,0,1,Fatal
216,2023-02-05,16,Sun,Clear,Daylight,Rural Road,40,2,No,0,0,2,Minor
217,2023-10-02,9,Mon,Rain,Daylight,Intersection,70,3,No,0,0,0,Fatal
218,2024-11-22,11,Fri,Rain,Daylight,Urban Road,30,3,Yes,0,0,1,Serious
219,2023-11-19,6,Sun,Rain,Daylight,Intersection,80,1,No,0,0,2,Serious
220,2023-04-05,17,Wed,Clear,Daylight,Urban Road,80,2,No,0,0,2,Minor
221,2024-08-12,13,Mon,Clear,Daylight,Highway,80,1,No,0,0,3,Serious
222,2023-04-15,17,Sat,Clear,Daylight,Urban Road,40,2,Yes,0,0,0,Minor
223,2024-11-11,8,Mon,Clear,Daylight,Urban Road,70,1,Yes,0,0,4,Serious
224,2024-01-20,9,Sat,Cloudy,Daylight,Urban Road,40,2,No,0,0,0,Minor
225,2022-02-07,10,Mon,Cloudy,Daylight,Rural Road,120,2,No,0,0,1,Serious
226,2022-08-18,2,Thu,Rain,Dark,Highway,70,1,No,1,0,3,Fatal
227,2023-07-17,10,Mon,Cloudy,Daylight,Rural Road,30,1,No,0,0,1,Serious
228,2023-03-14,18,Tue,Rain,Daylight,Urban Road,40,2,No,0,0,0,Minor
229,2022-01-27,19,Thu,Clear,Dusk/Dawn,Urban Road,70,2,No,0,0,1,Serious
230,2022-08-14,14,Sun,Cloudy,Daylight,Urban Road,60,3,No,0,0,3,Serious
231,2024-03-08,12,Fri,Clear,Daylight,Rural Road,80,1,No,0,0,0,Serious
232,2022-10-11,3,Tue,Fog,Dark,Highway,50,2,No,0,0,2,Fatal
233,2024-05-28,19,Tue,Clear,Dusk/Dawn,Intersection,70,2,No,0,0,0,Serious
234,2024-08-17,1,Sat,Clear,Dark,Rural Road,40,2,No,0,0,1,Minor
235,2023-03-29,21,Wed,Rain,Dark,Highway,60,2,Yes,0,0,4,Fatal
236,2024-10-16,13,Wed,Clear,Daylight,Intersection,120,2,No,0,0,4,Serious
237,2024-03-26,10,Tue,Clear,Daylight,Rural Road,70,3,No,0,0,1,Serious
238,2023-10-21,20,Sat,Clear,Dark,Urban Road,30,2,No,0,0,2,Minor
239,2023-07-01,2,Sat,Clear,Dark,Highway,120,1,Yes,0,0,3,Fatal
240,2024-12-08,15,Sun,Cloudy,Daylight,Urban Road,40,2,Yes,0,0,0,Minor
241,2022-01-17,14,Mon,Snow,Daylight,Highway,80,2,No,0,0,2,Fatal
242,2022-06-07,8,Tue,Clear,Daylight,Urban Road,60,2,No,0,0,0,Minor
243,2023-04-22,12,Sat,Clear,Daylight,Urban Road,50,1,Yes,0,0,2,Serious
244,2024-12-05,16,Thu,Cloudy,Daylight,Rural Road,40,1,No,0,0,1,Minor
245,2023-06-02,17,Fri,Clear,Daylight,Highway,40,2,Yes,0,0,2,Serious
246,2022-04-09,0,Sat,Clear,Dark,Intersection,100,1,No,0,0,1,Fatal
247,2024-11-26,20,Tue,Clear,Dark,Urban Road,100,2,Yes,0,1,5,Fatal
248,2022-10-07,7,Fri,Cloudy,Daylight,Urban Road,60,3,No,0,0,0,Fatal
249,2023-05-12,8,Fri,Clear,Daylight,Rural Road,40,3,No,0,0,3,Minor
250,2022-10-29,8,Sat,Clear,Daylight,Urban Road,100,2,Yes,0,0,1,Fatal
251,2022-06-30,3,Thu,Clear,Dark,Urban Road,60,2,No,0,0,1,Minor
252,2023-08-30,7,Wed,Clear,Daylight,Urban Road,50,2,Yes,0,0,1,Serious
253,2023-12-01,22,Fri,Rain,Dark,Urban Road,50,5,No,0,0,1,Serious
254,2024-09-19,9,Thu,Clear,Daylight,Urban Road,50,2,No,0,0,2,Minor
255,2022-07-10,7,Sun,Clear,Daylight,Urban Road,60,2,No,0,0,2,Serious
256,2022-09-10,6,Sat,Clear,Daylight,Rural Road,70,1,Yes,0,0,2,Serious
257,2024-09-07,17,Sat,Clear,Daylight,Urban Road,60,2,Yes,0,0,2,Serious
258,2024-07-16,19,Tue,Cloudy,Dusk/Dawn,Highway,100,1,No,0,0,4,Fatal
259,2022-05-08,8,Sun,Cloudy,Daylight,Urban Road,50,2,Yes,0,0,1,Serious
260,2022-01-18,2,Tue,Clear,Dark,Highway,60,2,No,0,0,1,Serious
261,2023-07-20,8,Thu,Clear,Daylight,Urban Road,50,4,No,0,0,2,Minor
262,2023-07-24,5,Mon,Clear,Dark,Urban Road,80,5,Yes,0,0,4,Fatal
263,2023-11-17,6,Fri,Rain,Daylight,Urban Road,40,3,Yes,0,0,3,Serious
264,2023-09-18,12,Mon,Fog,Daylight,Rural Road,40,2,No,0,0,2,Serious
265,2024-05-03,8,Fri,Clear,Daylight,Highway,100,3,No,0,0,0,Fatal
266,2024-08-19,14,Mon,Rain,Daylight,Intersection,40,3,Yes,0,0,1,Minor
267,2022-06-04,8,Sat,Fog,Daylight,Urban Road,70,4,Yes,0,0,0,Fatal
268,2023-05-05,21,Fri,Cloudy,Dark,Urban Road,120,2,Yes,0,0,1,Serious
269,2024-02-24,20,Sat,Clear,Dark,Rural Road,60,1,Yes,0,0,1,Serious
270,2022-09-03,15,Sat,Clear,Daylight,Intersection,40,1,No,0,0,0,Minor
271,2024-11-28,10,Thu,Clear,Daylight,Urban Road,50,4,No,0,0,0,Minor
272,2024-01-29,11,Mon,Cloudy,Daylight,Rural Road,100,1,No,0,0,0,Fatal
273,2023-06-22,12,Thu,Snow,Daylight,Intersection,50,2,No,0,0,0,Minor
274,2024-07-09,17,Tue,Rain,Daylight,Rural Road,80,2,No,0,0,2,Fatal
275,2023-02-12,12,Sun,Clear,Daylight,Highway,80,1,No,0,0,2,Minor
276,2023-06-09,19,Fri,Clear,Dusk/Dawn,Intersection,60,4,No,0,0,1,Serious
277,2024-04-07,21,Sun,Clear,Dark,Rural Road,80,2,No,0,0,0,Minor
278,2024-06-21,10,Fri,Rain,Daylight,Rural Road,50,1,Yes,0,0,2,Serious
279,2022-02-05,14,Sat,Clear,Daylight,Rural Road,60,5,No,0,0,4,Minor
280,2023-11-16,6,Thu,Clear,Daylight,Intersection,70,2,No,0,0,4,Minor
281,2022-01-20,8,Thu,Fog,Daylight,Urban Road,40,3,No,0,0,2,Serious
282,2022-11-17,12,Thu,Clear,Daylight,Highway,50,2,No,0,0,0,Minor
283,2023-05-27,8,Sat,Clear,Daylight,Urban Road,70,2,Yes,0,0,1,Serious
284,2023-02-04,19,Sat,Clear,Dusk/Dawn,Highway,70,1,Yes,0,0,0,Serious
285,2023-10-16,7,Mon,Cloudy,Daylight,Highway,60,2,No,0,0,3,Fatal
286,2024-08-29,12,Thu,Rain,Daylight,Urban Road,80,2,No,0,0,3,Serious
287,2023-04-16,15,Sun,Cloudy,Daylight,Urban Road,60,4,No,0,0,2,Serious
288,2024-04-13,16,Sat,Clear,Daylight,Rural Road,100,1,Yes,0,0,0,Minor
289,2023-12-28,11,Thu,Cloudy,Daylight,Intersection,80,2,Yes,0,0,1,Minor
290,2024-05-03,19,Fri,Cloudy,Dusk/Dawn,Urban Road,50,4,No,0,0,4,Fatal
291,2022-02-20,15,Sun,Rain,Daylight,Intersection,50,2,No,0,0,4,Serious
292,2023-07-29,12,Sat,Cloudy,Daylight,Highway,70,2,No,0,0,0,Minor
293,2022-05-30,5,Mon,Clear,Dark,Intersection,100,2,No,0,0,2,Fatal
294,2022-11-10,13,Thu,Clear,Daylight,Intersection,40,1,No,0,0,2,Serious
295,2023-07-24,18,Mon,Clear,Daylight,Urban Road,60,1,No,0,0,1,Serious
296,2022-11-01,15,Tue,Rain,Daylight,Highway,40,4,Yes,0,0,2,Fatal
297,2023-11-13,18,Mon,Fog,Daylight,Urban Road,50,2,Yes,0,0,0,Serious
298,2024-04-17,13,Wed,Snow,Daylight,Intersection,70,2,No,0,0,4,Serious
299,2024-12-13,7,Fri,Clear,Daylight,Intersection,30,2,Yes,0,0,3,Serious
300,2024-09-29,1,Sun,Clear,Dark,Urban Road,70,1,No,0,0,3,Fatal
301,2023-03-20,9,Mon,Clear,Daylight,Urban Road,120,3,No,1,0,1,Fatal
302,2023-09-05,17,Tue,Rain,Daylight,Highway,120,2,Yes,0,0,7,Fatal
303,2024-09-19,18,Thu,Clear,Daylight,Urban Road,40,3,Yes,0,0,1,Serious
304,2022-09-21,9,Wed,Cloudy,Daylight,Intersection,80,2,Yes,0,0,3,Serious
305,2024-12-12,13,Thu,Clear,Daylight,Highway,120,1,No,0,0,5,Fatal
306,2024-09-30,12,Mon,Clear,Daylight,Intersection,30,3,Yes,0,0,1,Serious
307,2022-01-05,12,Wed,Cloudy,Daylight,Intersection,50,2,No,0,0,1,Serious
308,2024-02-13,8,Tue,Clear,Daylight,Intersection,120,2,No,0,0,3,Fatal
309,2024-05-26,7,Sun,Clear,Daylight,Highway,40,3,Yes,0,0,4,Fatal
310,2024-09-18,8,Wed,Clear,Daylight,Highway,120,2,Yes,0,0,4,Fatal
311,2024-06-02,5,Sun,Clear,Dark,Highway,60,2,Yes,0,0,1,Fatal
312,2022-02-16,8,Wed,Cloudy,Daylight,Rural Road,30,1,Yes,0,0,0,Minor
313,2024-05-16,0,Thu,Rain,Dark,Urban Road,50,3,No,0,1,4,Fatal
314,2024-04-02,16,Tue,Clear,Daylight,Highway,50,1,No,0,0,2,Serious
315,2024-07-24,9,Wed,Rain,Daylight,Rural Road,50,4,Yes,0,0,1,Serious
316,2023-10-18,22,Wed,Clear,Dark,Highway,60,1,No,1,0,2,Fatal
317,2022-09-26,8,Mon,Snow,Daylight,Highway,60,3,No,0,0,1,Serious
318,2023-01-05,10,Thu,Cloudy,Daylight,Urban Road,60,2,No,0,0,1,Fatal
319,2023-09-28,10,Thu,Cloudy,Daylight,Highway,30,1,No,1,0,1,Fatal
320,2023-10-19,0,Thu,Clear,Dark,Highway,100,2,No,0,0,3,Serious
321,2022-04-30,18,Sat,Clear,Daylight,Urban Road,60,1,Yes,0,0,0,Minor
322,2024-04-10,3,Wed,Clear,Dark,Intersection,100,1,Yes,0,0,3,Fatal
323,2024-12-17,21,Tue,Rain,Dark,Rural Road,100,1,No,0,1,2,Fatal
324,2024-01-11,19,Thu,Rain,Dusk/Dawn,Urban Road,50,3,Yes,0,0,4,Fatal
325,2022-04-27,14,Wed,Clear,Daylight,Rural Road,30,1,No,0,0,0,Serious
326,2024-03-01,14,Fri,Cloudy,Daylight,Urban Road,120,5,No,0,0,2,Fatal
327,2024-10-09,16,Wed,Clear,Daylight,Urban Road,80,1,Yes,0,0,2,Minor
328,2024-12-17,11,Tue,Clear,Daylight,Rural Road,40,2,No,0,0,2,Minor
329,2023-09-26,16,Tue,Clear,Daylight,Rural Road,80,3,No,0,0,5,Serious
330,2023-05-28,4,Sun,Clear,Dark,Urban Road,30,4,No,0,0,0,Fatal
331,2024-03-12,5,Tue,Clear,Dark,Urban Road,30,1,Yes,0,0,0,Minor
332,2023-07-14,12,Fri,Rain,Daylight,Rural Road,60,2,Yes,0,0,0,Serious
333,2023-05-03,14,Wed,Clear,Daylight,Urban Road,30,1,No,0,0,0,Minor
334,2024-06-15,19,Sat,Clear,Dusk/Dawn,Intersection,120,2,No,0,0,5,Fatal
335,2023-12-05,6,Tue,Snow,Daylight,Highway,100,3,No,1,0,2,Fatal
336,2023-08-04,18,Fri,Clear,Daylight,Intersection,70,2,No,0,0,5,Minor
337,2024-02-29,8,Thu,Fog,Daylight,Urban Road,30,2,Yes,0,0,0,Minor
338,2024-05-10,11,Fri,Clear,Daylight,Highway,50,1,No,0,0,0,Minor
339,2022-09-04,9,Sun,Rain,Daylight,Urban Road,50,1,No,0,0,0,Minor
340,2022-06-03,11,Fri,Cloudy,Daylight,Urban Road,60,1,No,0,0,2,Serious
341,2024-09-23,7,Mon,Clear,Daylight,Intersection,40,3,Yes,0,0,3,Serious
342,2023-11-28,13,Tue,Rain,Daylight,Urban Road,60,1,No,1,0,3,Fatal
343,2024-12-28,18,Sat,Cloudy,Daylight,Rural Road,50,2,No,0,0,2,Minor
344,2024-12-06,12,Fri,Rain,Daylight,Urban Road,120,3,No,0,0,2,Fatal
345,2024-10-05,13,Sat,Clear,Daylight,Highway,120,2,Yes,0,0,4,Fatal
346,2022-04-04,19,Mon,Clear,Dusk/Dawn,Urban Road,60,3,Yes,0,0,4,Serious
347,2024-08-15,17,Thu,Fog,Daylight,Urban Road,70,2,No,0,0,1,Fatal
348,2024-10-08,13,Tue,Cloudy,Daylight,Rural Road,40,2,No,0,0,2,Minor
349,2023-03-29,8,Wed,Clear,Daylight,Urban Road,40,2,No,0,0,3,Minor
350,2024-06-30,19,Sun,Clear,Dusk/Dawn,Intersection,120,4,Yes,0,0,8,Fatal
351,2022-08-06,15,Sat,Clear,Daylight,Rural Road,70,5,No,0,0,1,Minor
352,2023-04-19,8,Wed,Clear,Daylight,Intersection,40,2,No,0,0,0,Minor
353,2023-03-08,9,Wed,Clear,Daylight,Highway,60,1,Yes,0,0,2,Serious
354,2022-12-07,18,Wed,Clear,Daylight,Highway,120,2,Yes,1,0,2,Fatal
355,2023-07-05,4,Wed,Clear,Dark,Urban Road,50,2,No,0,0,0,Minor
356,2022-12-23,23,Fri,Clear,Dark,Highway,40,3,Yes,0,0,3,Fatal
357,2022-01-23,7,Sun,Cloudy,Daylight,Urban Road,120,2,Yes,0,0,3,Serious
358,2023-06-06,18,Tue,Clear,Daylight,Urban Road,60,2,No,0,0,0,Minor
359,2024-03-12,11,Tue,Clear,Daylight,Urban Road,50,2,Yes,0,0,1,Serious
360,2024-02-01,13,Thu,Clear,Daylight,Rural Road,50,1,Yes,0,0,2,Minor
361,2023-03-18,19,Sat,Cloudy,Dusk/Dawn,Intersection,100,3,No,0,0,3,Fatal
362,2024-02-08,12,Thu,Snow,Daylight,Intersection,100,1,No,0,0,5,Fatal
363,2024-10-12,14,Sat,Snow,Daylight,Highway,50,2,Yes,0,0,2,Fatal
364,2023-05-31,4,Wed,Clear,Dark,Urban Road,30,1,Yes,0,1,2,Fatal
365,2024-11-05,0,Tue,Cloudy,Dark,Highway,50,1,No,0,0,4,Serious
366,2024-03-02,8,Sat,Clear,Daylight,Highway,40,1,Yes,0,0,2,Serious
367,2022-12-02,16,Fri,Clear,Daylight,Urban Road,40,4,No,0,0,2,Serious
368,2022-09-15,7,Thu,Rain,Daylight,Urban Road,50,2,No,0,0,4,Serious
369,2023-05-12,7,Fri,Cloudy,Daylight,Highway,30,2,No,0,0,0,Minor
370,2024-06-14,12,Fri,Snow,Daylight,Rural Road,120,3,Yes,1,0,5,Fatal
371,2022-06-09,16,Thu,Cloudy,Daylight,Rural Road,30,2,Yes,0,0,2,Minor
372,2024-05-01,17,Wed,Cloudy,Daylight,Highway,50,2,Yes,0,0,1,Serious
373,2023-11-21,7,Tue,Clear,Daylight,Urban Road,40,2,Yes,0,0,1,Minor
374,2023-01-15,6,Sun,Clear,Daylight,Intersection,70,1,Yes,0,0,3,Serious
375,2024-08-14,21,Wed,Clear,Dark,Urban Road,30,2,Yes,0,0,2,Serious
376,2023-11-22,8,Wed,Cloudy,Daylight,Urban Road,60,1,No,0,0,1,Minor
377,2024-12-02,19,Mon,Clear,Dusk/Dawn,Highway,80,2,No,0,0,2,Serious
378,2022-10-12,19,Wed,Cloudy,Dusk/Dawn,Highway,120,1,No,0,0,1,Serious
379,2023-02-01,17,Wed,Clear,Daylight,Highway,70,2,Yes,0,0,2,Serious
380,2022-01-12,7,Wed,Clear,Daylight,Intersection,30,2,No,0,0,1,Minor
381,2023-05-14,18,Sun,Clear,Daylight,Highway,30,1,Yes,0,0,0,Minor
382,2024-01-24,17,Wed,Clear,Daylight,Highway,80,4,Yes,0,0,2,Fatal
383,2022-02-04,15,Fri,Cloudy,Daylight,Highway,40,4,Yes,0,0,2,Fatal
384,2023-12-28,10,Thu,Clear,Daylight,Rural Road,50,1,No,0,0,2,Serious
385,2024-04-28,8,Sun,Clear,Daylight,Highway,120,3,Yes,0,0,5,Fatal
386,2022-03-31,7,Thu,Clear,Daylight,Urban Road,100,2,Yes,0,0,4,Serious
387,2024-02-15,13,Thu,Clear,Daylight,Urban Road,100,3,Yes,0,0,1,Fatal
388,2023-08-28,15,Mon,Clear,Daylight,Urban Road,100,1,No,0,0,3,Serious
389,2024-08-27,10,Tue,Clear,Daylight,Highway,70,1,Yes,0,0,4,Serious
390,2024-10-18,13,Fri,Cloudy,Daylight,Highway,80,4,Yes,0,0,1,Fatal
391,2023-02-22,10,Wed,Clear,Daylight,Rural Road,50,4,No,0,0,0,Serious
392,2022-04-25,16,Mon,Clear,Daylight,Intersection,120,2,Yes,0,0,2,Fatal
393,2023-09-09,20,Sat,Rain,Dark,Urban Road,50,3,No,1,0,3,Fatal
394,2024-04-05,7,Fri,Clear,Daylight,Highway,60,2,Yes,1,0,4,Fatal
395,2023-02-17,11,Fri,Clear,Daylight,Highway,50,1,No,0,0,2,Minor
396,2023-12-30,7,Sat,Rain,Daylight,Rural Road,40,2,No,0,0,4,Serious
397,2024-10-17,16,Thu,Clear,Daylight,Urban Road,60,1,No,0,0,2,Minor
398,2024-01-31,17,Wed,Rain,Daylight,Rural Road,50,3,Yes,0,0,5,Fatal
399,2023-11-07,20,Tue,Clear,Dark,Rural Road,60,5,No,0,0,1,Minor
400,2023-04-02,9,Sun,Snow,Daylight,Intersection,60,2,No,0,0,4,Fatal
401,2024-07-08,21,Mon,Cloudy,Dark,Intersection,60,2,No,0,0,2,Fatal
402,2022-07-11,5,Mon,Clear,Dark,Rural Road,40,3,No,1,0,3,Fatal
403,2024-01-09,15,Tue,Clear,Daylight,Urban Road,50,1,No,0,0,2,Serious
404,2024-09-04,5,Wed,Clear,Dark,Urban Road,100,2,No,0,0,3,Fatal
405,2024-10-05,19,Sat,Clear,Dusk/Dawn,Urban Road,50,2,Yes,0,0,0,Minor
406,2022-04-06,14,Wed,Cloudy,Daylight,Urban Road,50,2,No,0,0,2,Serious
407,2023-10-25,16,Wed,Snow,Daylight,Urban Road,60,3,No,0,0,4,Fatal
408,2022-02-06,18,Sun,Clear,Daylight,Highway,100,2,No,0,0,1,Minor
409,2022-10-06,7,Thu,Rain,Daylight,Rural Road,70,2,No,0,0,3,Minor
410,2022-08-05,3,Fri,Clear,Dark,Urban Road,40,3,No,0,1,3,Fatal
411,2024-05-16,19,Thu,Rain,Dusk/Dawn,Urban Road,100,1,No,0,0,1,Serious
412,2024-05-22,9,Wed,Snow,Daylight,Highway,100,2,No,0,0,3,Fatal
413,2022-03-03,7,Thu,Rain,Daylight,Urban Road,80,1,Yes,0,0,1,Serious
414,2023-08-19,13,Sat,Clear,Daylight,Highway,60,2,No,0,0,2,Minor
415,2023-12-30,15,Sat,Rain,Daylight,Intersection,80,3,No,0,0,1,Serious
416,2023-02-01,3,Wed,Clear,Dark,Urban Road,60,1,No,0,0,0,Minor
417,2023-11-30,9,Thu,Rain,Daylight,Highway,80,3,Yes,0,1,3,Fatal
418,2024-11-08,3,Fri,Clear,Dark,Highway,100,2,Yes,0,0,5,Fatal
419,2022-06-26,12,Sun,Clear,Daylight,Rural Road,100,1,Yes,0,0,1,Serious
420,2023-01-31,19,Tue,Fog,Dusk/Dawn,Highway,60,2,Yes,0,0,3,Fatal
421,2023-03-21,22,Tue,Cloudy,Dark,Intersection,100,3,Yes,0,0,4,Fatal
422,2022-03-17,16,Thu,Clear,Daylight,Urban Road,40,1,Yes,0,0,0,Minor
423,2022-09-22,7,Thu,Cloudy,Daylight,Highway,40,2,Yes,0,0,0,Minor
424,2023-03-31,20,Fri,Rain,Dark,Rural Road,60,2,No,0,0,0,Serious
425,2023-12-19,14,Tue,Fog,Daylight,Highway,70,2,No,0,0,6,Minor
426,2024-01-05,7,Fri,Cloudy,Daylight,Intersection,40,1,Yes,0,0,1,Minor
427,2024-04-30,20,Tue,Clear,Dark,Urban Road,60,2,No,0,0,1,Fatal
428,2022-05-24,17,Tue,Cloudy,Daylight,Intersection,30,3,No,0,0,0,Serious
429,2024-06-03,17,Mon,Clear,Daylight,Urban Road,70,5,No,0,0,0,Minor
430,2024-12-28,17,Sat,Clear,Daylight,Intersection,100,1,Yes,0,0,1,Serious
431,2023-01-31,8,Tue,Rain,Daylight,Highway,80,2,Yes,0,0,4,Fatal
432,2024-11-14,8,Thu,Cloudy,Daylight,Urban Road,50,1,Yes,0,0,2,Serious
433,2024-08-05,16,Mon,Cloudy,Daylight,Rural Road,120,2,Yes,0,0,1,Fatal
434,2024-06-09,8,Sun,Rain,Daylight,Rural Road,70,1,No,0,0,3,Fatal
435,2023-07-23,12,Sun,Rain,Daylight,Highway,100,1,Yes,0,0,0,Fatal
436,2024-11-28,18,Thu,Clear,Daylight,Urban Road,70,3,No,0,0,0,Serious
437,2022-04-19,18,Tue,Cloudy,Daylight,Highway,120,1,Yes,0,0,3,Fatal
438,2024-12-01,12,Sun,Clear,Daylight,Urban Road,100,2,No,0,0,0,Serious
439,2024-07-23,18,Tue,Fog,Daylight,Urban Road,60,4,Yes,0,0,1,Fatal
440,2023-02-02,18,Thu,Rain,Daylight,Urban Road,50,5,No,0,0,2,Serious
441,2023-09-26,16,Tue,Rain,Daylight,Highway,70,1,No,0,0,1,Serious
442,2024-01-03,8,Wed,Clear,Daylight,Urban Road,60,2,No,0,0,1,Minor
443,2022-08-23,9,Tue,Cloudy,Daylight,Highway,70,2,Yes,0,0,1,Fatal
444,2023-10-20,9,Fri,Rain,Daylight,Intersection,50,2,Yes,0,0,5,Minor
445,2024-01-21,7,Sun,Cloudy,Daylight,Highway,50,4,Yes,0,0,2,Serious
446,2023-08-11,9,Fri,Clear,Daylight,Intersection,60,3,No,1,0,1,Minor
447,2024-10-29,8,Tue,Rain,Daylight,Urban Road,100,3,Yes,0,0,3,Fatal
448,2024-08-11,12,Sun,Fog,Daylight,Urban Road,80,2,No,0,0,0,Serious
449,2023-05-07,20,Sun,Fog,Dark,Highway,40,2,Yes,0,0,4,Fatal
450,2024-07-01,6,Mon,Cloudy,Daylight,Urban Road,40,2,Yes,0,0,2,Minor
451,2022-06-19,17,Sun,Clear,Daylight,Rural Road,30,2,No,0,0,0,Minor
452,2024-08-03,16,Sat,Clear,Daylight,Urban Road,30,1,No,1,0,1,Serious
453,2024-03-05,6,Tue,Clear,Daylight,Highway,40,1,Yes,0,0,1,Minor
454,2023-09-26,20,Tue,Clear,Dark,Intersection,80,1,No,0,0,3,Serious
455,2022-01-29,15,Sat,Cloudy,Daylight,Intersection,120,1,No,0,0,1,Serious
456,2022-12-05,10,Mon,Clear,Daylight,Urban Road,50,1,Yes,0,0,3,Serious
457,2023-05-15,17,Mon,Clear,Daylight,Urban Road,60,2,Yes,0,0,1,Serious
458,2023-05-26,8,Fri,Clear,Daylight,Urban Road,80,2,No,0,0,5,Serious
459,2022-08-05,16,Fri,Rain,Daylight,Urban Road,120,2,No,0,0,2,Serious
460,2024-12-29,3,Sun,Clear,Dark,Highway,120,2,Yes,0,0,4,Fatal
461,2023-03-21,18,Tue,Clear,Daylight,Urban Road,30,4,No,0,0,4,Minor
462,2024-05-25,12,Sat,Clear,Daylight,Intersection,40,2,No,0,0,0,Minor
463,2022-06-16,16,Thu,Clear,Daylight,Highway,30,3,No,0,0,3,Serious
464,2022-04-01,8,Fri,Cloudy,Daylight,Urban Road,70,4,Yes,0,0,1,Serious
465,2023-12-15,16,Fri,Clear,Daylight,Intersection,80,1,No,0,0,1,Serious
466,2022-02-08,17,Tue,Rain,Daylight,Highway,50,2,Yes,0,0,2,Serious
467,2022-06-22,13,Wed,Cloudy,Daylight,Highway,100,2,Yes,0,0,4,Fatal
468,2023-10-15,15,Sun,Snow,Daylight,Rural Road,60,2,Yes,0,0,1,Fatal
469,2024-01-24,12,Wed,Cloudy,Daylight,Highway,120,1,Yes,0,0,0,Fatal
470,2024-12-17,19,Tue,Cloudy,Dusk/Dawn,Highway,30,3,Yes,0,0,0,Minor
471,2023-04-21,13,Fri,Clear,Daylight,Urban Road,40,1,No,0,0,1,Serious
472,2023-04-01,18,Sat,Fog,Daylight,Urban Road,50,5,No,1,0,4,Fatal
473,2024-04-08,18,Mon,Clear,Daylight,Intersection,30,3,Yes,0,0,1,Minor
474,2024-06-13,12,Thu,Clear,Daylight,Urban Road,80,2,Yes,0,0,2,Serious
475,2024-10-21,8,Mon,Cloudy,Daylight,Urban Road,30,1,No,0,0,0,Minor
476,2023-01-22,11,Sun,Rain,Daylight,Urban Road,80,2,No,0,0,1,Serious
477,2022-12-14,18,Wed,Fog,Daylight,Intersection,30,2,No,0,0,1,Minor
478,2022-07-09,8,Sat,Fog,Daylight,Highway,50,2,No,0,0,0,Fatal
479,2023-05-20,14,Sat,Clear,Daylight,Highway,100,3,No,0,0,3,Fatal
480,2024-04-03,18,Wed,Cloudy,Daylight,Intersection,120,2,Yes,1,0,3,Fatal
481,2024-07-17,10,Wed,Clear,Daylight,Intersection,50,2,Yes,0,0,0,Minor
482,2024-07-22,16,Mon,Clear,Daylight,Highway,120,3,Yes,0,0,2,Fatal
483,2022-05-14,8,Sat,Cloudy,Daylight,Highway,70,1,No,0,0,0,Serious
484,2022-02-27,6,Sun,Clear,Daylight,Urban Road,50,2,No,0,0,0,Minor
485,2023-11-16,18,Thu,Snow,Daylight,Highway,100,2,No,0,0,3,Fatal
486,2023-11-03,6,Fri,Rain,Daylight,Rural Road,50,2,No,0,0,2,Minor
487,2022-06-22,9,Wed,Clear,Daylight,Highway,50,3,Yes,0,0,4,Fatal
488,2024-03-25,19,Mon,Cloudy,Dusk/Dawn,Highway,70,4,No,0,0,1,Serious
489,2022-03-21,10,Mon,Rain,Daylight,Urban Road,50,2,Yes,0,0,1,Minor
490,2024-06-04,22,Tue,Clear,Dark,Intersection,40,2,No,0,0,2,Fatal
491,2022-07-22,22,Fri,Clear,Dark,Urban Road,30,2,Yes,0,0,3,Serious
492,2024-02-03,9,Sat,Cloudy,Daylight,Urban Road,80,3,Yes,0,0,3,Fatal
493,2022-02-16,4,Wed,Clear,Dark,Intersection,70,2,No,0,0,3,Serious
494,2023-10-18,17,Wed,Cloudy,Daylight,Urban Road,50,1,No,0,0,2,Serious
495,2023-04-16,12,Sun,Clear,Daylight,Urban Road,100,1,No,0,0,4,Serious
496,2024-08-28,6,Wed,Rain,Daylight,Urban Road,50,4,Yes,0,0,2,Serious
497,2024-11-01,17,Fri,Cloudy,Daylight,Highway,80,2,No,0,0,0,Serious
498,2024-01-06,3,Sat,Clear,Dark,Urban Road,120,2,No,0,0,1,Serious
499,2024-02-23,19,Fri,Rain,Dusk/Dawn,Urban Road,100,3,No,0,0,3,Fatal
500,2024-08-25,7,Sun,Snow,Daylight,Highway,60,2,No,0,0,7,Fatal
501,2022-12-24,7,Sat,Snow,Daylight,Highway,70,2,No,0,0,1,Fatal
502,2024-08-29,7,Thu,Rain,Daylight,Urban Road,50,1,No,0,0,1,Fatal
503,2023-10-30,21,Mon,Rain,Dark,Urban Road,70,5,Yes,0,0,2,Fatal
504,2023-01-08,16,Sun,Snow,Daylight,Highway,50,1,No,0,0,0,Fatal
505,2024-10-28,18,Mon,Cloudy,Daylight,Highway,50,2,No,0,0,6,Fatal
506,2023-11-07,11,Tue,Snow,Daylight,Intersection,40,2,Yes,0,0,1,Fatal
507,2022-03-31,10,Thu,Clear,Daylight,Urban Road,30,3,Yes,0,0,4,Fatal
508,2023-11-29,8,Wed,Cloudy,Daylight,Highway,60,1,No,1,0,2,Fatal
509,2023-06-24,13,Sat,Clear,Daylight,Rural Road,100,2,Yes,0,0,3,Fatal
510,2024-01-02,14,Tue,Clear,Daylight,Highway,30,2,Yes,0,0,0,Serious
511,2024-05-18,16,Sat,Clear,Daylight,Rural Road,40,2,No,0,0,1,Minor
512,2022-02-10,8,Thu,Clear,Daylight,Rural Road,60,3,Yes,0,0,3,Fatal
513,2024-01-10,21,Wed,Clear,Dark,Rural Road,70,1,Yes,0,0,2,Fatal
514,2023-05-17,7,Wed,Clear,Daylight,Rural Road,40,3,No,0,0,1,Minor
515,2024-08-16,21,Fri,Clear,Dark,Highway,30,3,No,0,0,3,Serious
516,2024-07-17,1,Wed,Fog,Dark,Rural Road,60,4,Yes,0,0,2,Fatal
517,2023-04-06,13,Thu,Clear,Daylight,Highway,100,2,No,0,0,1,Fatal
518,2024-01-02,10,Tue,Clear,Daylight,Urban Road,30,2,No,0,0,1,Minor
519,2024-01-22,12,Mon,Clear,Daylight,Intersection,50,2,Yes,0,0,1,Minor
520,2024-07-13,15,Sat,Clear,Daylight,Urban Road,70,5,Yes,0,0,1,Serious
521,2024-06-27,12,Thu,Clear,Daylight,Intersection,40,4,No,0,0,0,Minor
522,2023-01-25,12,Wed,Rain,Daylight,Highway,40,2,Yes,0,0,2,Serious
523,2024-06-01,17,Sat,Cloudy,Daylight,Urban Road,60,4,No,0,0,1,Minor
524,2022-09-13,16,Tue,Cloudy,Daylight,Highway,120,3,Yes,0,0,4,Fatal
525,2023-12-10,18,Sun,Cloudy,Daylight,Urban Road,50,4,No,0,0,0,Serious
526,2023-03-26,8,Sun,Clear,Daylight,Highway,60,2,No,0,0,0,Serious
527,2022-01-10,15,Mon,Clear,Daylight,Highway,50,3,No,0,0,0,Minor
528,2024-04-03,15,Wed,Clear,Daylight,Highway,100,4,Yes,0,0,3,Fatal
529,2024-03-08,11,Fri,Snow,Daylight,Rural Road,30,1,No,0,0,5,Serious
530,2024-05-26,13,Sun,Clear,Daylight,Highway,60,5,Yes,0,0,1,Fatal
531,2024-10-25,9,Fri,Rain,Daylight,Intersection,100,2,No,0,0,3,Fatal
532,2024-10-12,7,Sat,Clear,Daylight,Highway,120,2,No,0,0,1,Fatal
533,2023-01-09,8,Mon,Clear,Daylight,Highway,70,3,Yes,0,0,1,Fatal
534,2024-12-24,6,Tue,Cloudy,Daylight,Urban Road,50,2,No,0,0,0,Minor
535,2022-05-26,16,Thu,Snow,Daylight,Intersection,50,4,Yes,0,0,2,Fatal
536,2022-08-12,16,Fri,Cloudy,Daylight,Highway,50,2,Yes,0,0,1,Minor
537,2022-06-26,21,Sun,Rain,Dark,Highway,70,2,No,0,0,2,Fatal
538,2024-05-02,17,Thu,Cloudy,Daylight,Rural Road,80,1,Yes,0,0,0,Serious
539,2022-03-04,5,Fri,Rain,Dark,Urban Road,100,2,No,0,0,0,Serious
540,2024-04-06,19,Sat,Cloudy,Dusk/Dawn,Rural Road,50,3,Yes,0,0,2,Fatal
541,2024-03-05,19,Tue,Clear,Dusk/Dawn,Highway,80,2,No,0,0,0,Serious
542,2023-11-20,12,Mon,Rain,Daylight,Urban Road,120,2,No,0,0,4,Minor
543,2022-04-15,15,Fri,Fog,Daylight,Highway,120,1,Yes,0,0,4,Fatal
544,2023-05-26,22,Fri,Clear,Dark,Urban Road,80,3,Yes,0,0,3,Fatal
545,2023-01-20,14,Fri,Cloudy,Daylight,Rural Road,70,1,Yes,0,0,1,Minor
546,2023-02-09,20,Thu,Cloudy,Dark,Rural Road,60,3,No,0,0,5,Fatal
547,2024-04-02,6,Tue,Clear,Daylight,Urban Road,40,2,No,0,0,2,Minor
548,2023-06-02,8,Fri,Clear,Daylight,Intersection,40,1,Yes,0,0,1,Minor
549,2023-04-21,12,Fri,Clear,Daylight,Highway,60,3,Yes,0,0,3,Fatal
550,2023-12-10,15,Sun,Cloudy,Daylight,Highway,40,2,No,1,0,4,Fatal
551,2024-02-10,18,Sat,Rain,Daylight,Urban Road,60,2,No,0,0,1,Serious
552,2024-11-12,22,Tue,Clear,Dark,Urban Road,70,3,No,0,0,4,Serious
553,2024-09-23,11,Mon,Rain,Daylight,Highway,60,2,No,0,0,4,Serious
554,2023-11-08,4,Wed,Clear,Dark,Urban Road,30,3,No,0,0,1,Minor
555,2023-12-15,18,Fri,Snow,Daylight,Urban Road,30,3,No,0,0,1,Serious
556,2022-03-24,15,Thu,Clear,Daylight,Rural Road,40,2,No,0,0,0,Minor
557,2023-04-02,8,Sun,Clear,Daylight,Intersection,40,2,No,0,0,2,Minor
558,2022-01-01,13,Sat,Snow,Daylight,Urban Road,120,1,No,0,0,1,Serious
559,2022-02-20,17,Sun,Clear,Daylight,Highway,50,4,Yes,1,0,2,Fatal
560,2023-11-16,17,Thu,Clear,Daylight,Urban Road,50,5,Yes,0,0,2,Minor
561,2023-12-18,13,Mon,Clear,Daylight,Rural Road,30,2,No,0,0,0,Serious
562,2023-03-25,9,Sat,Clear,Daylight,Highway,70,1,Yes,0,0,2,Minor
563,2024-05-30,22,Thu,Clear,Dark,Urban Road,70,1,No,0,0,2,Serious
564,2023-05-03,16,Wed,Cloudy,Daylight,Intersection,40,2,No,0,0,1,Minor
565,2022-02-03,12,Thu,Cloudy,Daylight,Highway,120,1,No,1,0,2,Fatal
566,2022-04-05,9,Tue,Cloudy,Daylight,Highway,100,3,Yes,1,0,2,Fatal
567,2022-06-03,17,Fri,Cloudy,Daylight,Highway,40,4,Yes,0,0,0,Minor
568,2022-09-07,8,Wed,Clear,Daylight,Urban Road,60,5,Yes,0,0,0,Serious
569,2023-11-05,7,Sun,Clear,Daylight,Intersection,60,1,No,0,0,2,Fatal
570,2023-03-14,14,Tue,Clear,Daylight,Urban Road,50,4,Yes,0,0,1,Minor
571,2022-04-28,9,Thu,Cloudy,Daylight,Urban Road,100,3,No,0,0,1,Fatal
572,2024-02-10,16,Sat,Rain,Daylight,Urban Road,40,1,Yes,0,0,2,Minor
573,2022-09-25,7,Sun,Clear,Daylight,Urban Road,50,2,No,0,0,0,Minor
574,2024-12-13,16,Fri,Clear,Daylight,Urban Road,50,3,Yes,0,0,0,Minor
575,2022-08-24,9,Wed,Rain,Daylight,Highway,60,4,No,0,0,7,Fatal
576,2023-01-24,0,Tue,Rain,Dark,Urban Road,100,1,Yes,0,0,3,Serious
577,2024-09-16,7,Mon,Cloudy,Daylight,Urban Road,40,1,Yes,0,0,2,Minor
578,2024-02-02,20,Fri,Clear,Dark,Highway,40,2,No,0,0,0,Serious
579,2023-02-05,19,Sun,Cloudy,Dusk/Dawn,Urban Road,70,5,No,0,0,2,Fatal
580,2023-09-16,8,Sat,Clear,Daylight,Intersection,40,5,Yes,0,0,3,Fatal
581,2024-02-06,18,Tue,Fog,Daylight,Urban Road,30,1,Yes,0,0,4,Serious
582,2024-07-07,15,Sun,Cloudy,Daylight,Intersection,50,2,No,0,0,0,Minor
583,2024-05-02,22,Thu,Cloudy,Dark,Highway,40,4,No,0,0,2,Serious
584,2023-08-01,11,Tue,Clear,Daylight,Rural Road,50,3,Yes,0,0,1,Minor
585,2022-03-16,16,Wed,Clear,Daylight,Highway,50,5,Yes,0,0,4,Fatal
586,2023-03-11,5,Sat,Clear,Dark,Highway,30,4,Yes,0,0,3,Serious
587,2022-04-13,11,Wed,Clear,Daylight,Urban Road,60,1,Yes,0,0,1,Fatal
588,2024-02-03,21,Sat,Rain,Dark,Urban Road,30,3,Yes,0,0,0,Fatal
589,2024-01-08,14,Mon,Cloudy,Daylight,Rural Road,120,1,Yes,1,0,2,Fatal
590,2024-03-16,9,Sat,Clear,Daylight,Urban Road,50,3,No,0,0,4,Fatal
591,2022-04-08,7,Fri,Clear,Daylight,Urban Road,70,2,No,0,0,0,Minor
592,2024-03-08,17,Fri,Clear,Daylight,Intersection,100,4,Yes,1,0,4,Fatal
593,2024-05-08,16,Wed,Cloudy,Daylight,Urban Road,50,5,No,0,0,2,Serious
594,2023-03-11,11,Sat,Cloudy,Daylight,Highway,80,1,Yes,0,0,5,Fatal
595,2023-03-23,21,Thu,Clear,Dark,Highway,100,1,Yes,0,0,1,Fatal
596,2022-09-06,2,Tue,Clear,Dark,Urban Road,40,2,Yes,0,0,5,Serious
597,2022-06-15,9,Wed,Snow,Daylight,Rural Road,120,3,Yes,0,0,3,Fatal
598,2024-09-10,20,Tue,Fog,Dark,Highway,30,3,No,1,0,4,Fatal
599,2024-10-16,9,Wed,Clear,Daylight,Highway,40,5,Yes,0,0,2,Serious
600,2023-06-26,8,Mon,Cloudy,Daylight,Highway,80,2,No,0,0,3,Serious
601,2024-01-29,14,Mon,Cloudy,Daylight,Urban Road,40,2,No,0,1,2,Minor
602,2022-03-22,18,Tue,Rain,Daylight,Highway,70,1,No,0,0,4,Minor
603,2022-05-13,6,Fri,Rain,Daylight,Highway,100,1,No,0,0,2,Fatal
604,2024-03-07,21,Thu,Clear,Dark,Urban Road,120,2,Yes,0,0,3,Serious
605,2024-06-18,18,Tue,Rain,Daylight,Rural Road,60,4,Yes,0,0,1,Fatal
606,2022-05-18,7,Wed,Clear,Daylight,Urban Road,120,2,Yes,0,0,1,Serious
607,2022-07-03,17,Sun,Clear,Daylight,Urban Road,50,3,No,0,0,1,Serious
608,2024-02-24,11,Sat,Clear,Daylight,Highway,40,2,No,0,0,2,Minor
609,2024-09-10,11,Tue,Clear,Daylight,Intersection,60,2,No,0,0,1,Serious
610,2022-03-10,18,Thu,Clear,Daylight,Urban Road,70,2,Yes,0,0,0,Serious
611,2023-06-30,21,Fri,Rain,Dark,Intersection,60,2,No,0,0,2,Fatal
612,2022-02-22,7,Tue,Rain,Daylight,Intersection,60,4,Yes,0,0,1,Fatal
613,2022-07-24,12,Sun,Rain,Daylight,Rural Road,50,2,Yes,0,0,2,Minor
614,2022-05-06,13,Fri,Clear,Daylight,Highway,60,2,No,1,0,1,Fatal
615,2022-02-12,11,Sat,Clear,Daylight,Urban Road,120,3,Yes,0,0,3,Fatal
616,2022-04-21,10,Thu,Cloudy,Daylight,Highway,60,5,No,0,0,1,Serious
617,2024-01-31,5,Wed,Clear,Dark,Intersection,50,2,Yes,0,0,0,Serious
618,2024-04-27,16,Sat,Cloudy,Daylight,Rural Road,80,2,Yes,0,0,4,Serious
619,2022-04-05,12,Tue,Clear,Daylight,Intersection,50,1,Yes,0,0,2,Minor
620,2024-06-18,8,Tue,Rain,Daylight,Urban Road,100,1,No,0,0,0,Serious
621,2022-12-26,18,Mon,Clear,Daylight,Urban Road,30,1,No,1,0,3,Fatal
622,2024-06-18,18,Tue,Rain,Daylight,Urban Road,50,4,Yes,0,0,2,Serious
623,2022-10-08,13,Sat,Cloudy,Daylight,Urban Road,30,1,Yes,0,0,2,Minor
624,2023-10-29,9,Sun,Cloudy,Daylight,Urban Road,30,2,Yes,0,0,0,Minor
625,2022-04-03,16,Sun,Cloudy,Daylight,Urban Road,70,2,Yes,0,0,2,Serious
626,2023-11-03,9,Fri,Clear,Daylight,Intersection,50,3,No,0,0,1,Serious
627,2022-03-02,8,Wed,Rain,Daylight,Urban Road,100,1,Yes,0,0,2,Fatal
628,2023-09-26,17,Tue,Clear,Daylight,Intersection,60,2,No,0,1,2,Serious
629,2024-12-10,3,Tue,Rain,Dark,Intersection,50,2,Yes,0,0,1,Fatal
630,2024-10-25,6,Fri,Clear,Daylight,Urban Road,80,2,Yes,0,0,0,Serious
631,2023-08-27,0,Sun,Cloudy,Dark,Urban Road,70,2,No,1,0,0,Minor
632,2023-11-13,7,Mon,Cloudy,Daylight,Urban Road,80,2,No,0,0,0,Serious
633,2023-06-18,5,Sun,Clear,Dark,Urban Road,70,1,No,0,1,2,Fatal
634,2024-04-17,23,Wed,Clear,Dark,Highway,40,2,No,0,0,1,Serious
635,2023-10-07,9,Sat,Clear,Daylight,Urban Road,70,1,Yes,0,0,3,Fatal
636,2022-08-21,7,Sun,Fog,Daylight,Intersection,50,5,Yes,0,0,2,Serious
637,2023-06-08,8,Thu,Clear,Daylight,Highway,60,2,No,0,0,4,Serious
638,2022-12-12,20,Mon,Cloudy,Dark,Rural Road,120,3,Yes,0,0,2,Fatal
639,2024-12-05,14,Thu,Rain,Daylight,Intersection,50,1,No,0,0,1,Serious
640,2023-06-30,10,Fri,Rain,Daylight,Urban Road,70,3,No,0,0,1,Serious
641,2024-03-04,19,Mon,Rain,Dusk/Dawn,Urban Road,50,2,No,0,0,1,Minor
642,2022-09-06,11,Tue,Clear,Daylight,Rural Road,30,1,No,0,0,0,Minor
643,2022-02-16,10,Wed,Cloudy,Daylight,Urban Road,60,3,No,0,0,1,Minor
644,2022-08-02,8,Tue,Rain,Daylight,Highway,60,3,Yes,0,0,5,Serious
645,2022-08-27,11,Sat,Cloudy,Daylight,Intersection,50,5,No,0,0,1,Minor
646,2024-12-15,9,Sun,Rain,Daylight,Urban Road,50,3,Yes,0,0,0,Serious
647,2022-12-16,16,Fri,Fog,Daylight,Rural Road,100,1,No,0,0,1,Fatal
648,2022-04-17,9,Sun,Clear,Daylight,Urban Road,30,2,No,0,0,0,Minor
649,2024-04-10,15,Wed,Rain,Daylight,Highway,50,2,No,0,0,3,Fatal
650,2022-02-17,5,Thu,Snow,Dark,Intersection,100,1,No,0,1,6,Fatal
651,2022-12-03,8,Sat,Snow,Daylight,Rural Road,120,3,No,0,0,2,Fatal
652,2024-11-15,11,Fri,Snow,Daylight,Highway,50,2,Yes,0,0,3,Serious
653,2024-03-14,20,Thu,Clear,Dark,Intersection,100,4,No,0,1,4,Fatal
654,2022-01-08,11,Sat,Cloudy,Daylight,Rural Road,40,2,Yes,0,0,5,Serious
655,2023-09-17,16,Sun,Cloudy,Daylight,Urban Road,40,2,No,0,0,1,Minor
656,2023-12-20,8,Wed,Clear,Daylight,Urban Road,100,1,No,0,0,3,Serious
657,2022-10-30,7,Sun,Cloudy,Daylight,Highway,120,1,No,1,0,2,Fatal
658,2023-10-01,5,Sun,Clear,Dark,Urban Road,40,3,No,0,0,0,Serious
659,2022-02-25,9,Fri,Fog,Daylight,Highway,30,5,No,0,0,1,Fatal
660,2023-12-27,7,Wed,Clear,Daylight,Urban Road,30,2,Yes,0,0,3,Minor
661,2023-06-10,7,Sat,Cloudy,Daylight,Urban Road,50,3,No,0,0,0,Minor
662,2023-04-19,17,Wed,Clear,Daylight,Intersection,80,2,Yes,0,0,0,Serious
663,2022-01-28,1,Fri,Clear,Dark,Rural Road,60,4,No,0,0,0,Serious
664,2022-03-19,14,Sat,Clear,Daylight,Highway,60,1,Yes,0,0,3,Fatal
665,2022-12-31,11,Sat,Clear,Daylight,Intersection,60,2,No,0,0,1,Minor
666,2023-10-28,13,Sat,Rain,Daylight,Urban Road,100,2,Yes,0,0,1,Fatal
667,2023-06-10,15,Sat,Clear,Daylight,Urban Road,30,2,Yes,0,0,0,Serious
668,2023-11-30,9,Thu,Fog,Daylight,Highway,70,2,No,0,0,3,Fatal
669,2024-06-01,9,Sat,Cloudy,Daylight,Intersection,120,2,No,0,0,1,Serious
670,2024-10-27,17,Sun,Cloudy,Daylight,Intersection,40,2,No,0,0,3,Minor
671,2024-10-23,19,Wed,Cloudy,Dusk/Dawn,Rural Road,100,1,No,0,0,2,Fatal
672,2024-07-07,8,Sun,Clear,Daylight,Intersection,70,3,Yes,0,0,1,Serious
673,2024-01-20,6,Sat,Clear,Daylight,Urban Road,30,3,Yes,0,0,0,Minor
674,2022-12-29,19,Thu,Rain,Dusk/Dawn,Intersection,40,4,Yes,0,0,0,Fatal
675,2024-03-16,10,Sat,Clear,Daylight,Urban Road,70,2,Yes,0,0,1,Minor
676,2024-01-09,14,Tue,Cloudy,Daylight,Highway,60,1,Yes,0,0,1,Serious
677,2024-11-04,10,Mon,Clear,Daylight,Rural Road,60,2,No,0,0,0,Minor
678,2023-04-30,7,Sun,Cloudy,Daylight,Rural Road,40,1,Yes,0,0,2,Minor
679,2022-01-28,15,Fri,Clear,Daylight,Highway,70,2,Yes,0,0,0,Minor
680,2023-12-15,14,Fri,Cloudy,Daylight,Highway,50,1,No,0,0,2,Minor
681,2024-11-28,8,Thu,Clear,Daylight,Highway,50,2,Yes,0,0,0,Minor
682,2022-03-27,12,Sun,Clear,Daylight,Urban Road,50,1,Yes,0,0,1,Serious
683,2022-05-06,18,Fri,Fog,Daylight,Highway,70,1,Yes,0,0,0,Serious
684,2024-03-22,15,Fri,Clear,Daylight,Highway,30,5,No,0,1,3,Fatal
685,2023-06-21,6,Wed,Fog,Daylight,Urban Road,40,5,Yes,0,0,4,Fatal
686,2022-05-25,14,Wed,Rain,Daylight,Intersection,40,2,No,0,0,1,Serious
687,2022-01-25,17,Tue,Clear,Daylight,Rural Road,40,1,No,0,0,1,Minor
688,2022-03-08,18,Tue,Cloudy,Daylight,Urban Road,40,4,Yes,0,0,4,Serious
689,2022-08-21,16,Sun,Clear,Daylight,Intersection,70,4,Yes,0,0,0,Fatal
690,2022-04-19,7,Tue,Fog,Daylight,Urban Road,80,3,No,0,0,4,Fatal
691,2022-04-21,17,Thu,Rain,Daylight,Urban Road,70,2,No,0,0,0,Serious
692,2022-08-16,16,Tue,Rain,Daylight,Urban Road,60,1,Yes,0,0,6,Fatal
693,2022-04-21,2,Thu,Clear,Dark,Urban Road,30,1,Yes,0,0,5,Serious
694,2022-02-03,12,Thu,Clear,Daylight,Highway,120,4,Yes,0,0,3,Fatal
695,2023-09-15,10,Fri,Rain,Daylight,Urban Road,40,3,Yes,0,0,4,Fatal
696,2024-01-18,16,Thu,Clear,Daylight,Urban Road,70,2,No,0,0,3,Minor
697,2023-08-18,8,Fri,Clear,Daylight,Urban Road,120,2,No,0,0,4,Fatal
698,2023-03-01,15,Wed,Rain,Daylight,Rural Road,70,2,Yes,0,0,0,Serious
699,2023-09-05,20,Tue,Fog,Dark,Urban Road,40,3,No,0,0,6,Fatal
700,2023-11-23,18,Thu,Clear,Daylight,Rural Road,50,3,Yes,0,0,1,Serious
701,2022-11-11,20,Fri,Clear,Dark,Urban Road,30,2,No,0,0,1,Serious
702,2024-05-26,22,Sun,Clear,Dark,Intersection,70,1,No,0,0,0,Minor
703,2023-10-24,1,Tue,Clear,Dark,Urban Road,70,2,Yes,0,0,2,Serious
704,2022-10-04,16,Tue,Clear,Daylight,Intersection,80,3,Yes,0,0,3,Serious
705,2023-09-16,12,Sat,Clear,Daylight,Intersection,30,3,Yes,0,0,1,Minor
706,2023-05-31,19,Wed,Cloudy,Dusk/Dawn,Urban Road,100,1,No,0,0,3,Serious
707,2024-04-22,8,Mon,Fog,Daylight,Rural Road,80,1,No,0,0,1,Fatal
708,2022-12-16,22,Fri,Clear,Dark,Highway,40,2,Yes,0,0,0,Serious
709,2024-04-02,15,Tue,Clear,Daylight,Intersection,50,2,No,0,0,2,Serious
710,2024-01-29,18,Mon,Fog,Daylight,Highway,70,2,No,0,0,1,Serious
711,2024-06-17,6,Mon,Clear,Daylight,Urban Road,60,2,Yes,0,0,1,Serious
712,2022-08-31,7,Wed,Snow,Daylight,Urban Road,40,3,No,0,0,2,Serious
713,2023-06-27,17,Tue,Cloudy,Daylight,Urban Road,30,3,No,0,0,1,Serious
714,2024-11-29,2,Fri,Rain,Dark,Urban Road,80,2,Yes,0,0,4,Fatal
715,2022-08-17,18,Wed,Clear,Daylight,Intersection,40,2,No,0,0,1,Serious
716,2023-07-02,1,Sun,Snow,Dark,Urban Road,40,1,No,0,1,3,Fatal
717,2024-07-08,16,Mon,Cloudy,Daylight,Intersection,100,3,Yes,0,0,3,Fatal
718,2022-01-06,10,Thu,Rain,Daylight,Urban Road,70,3,No,0,0,4,Minor
719,2023-04-13,15,Thu,Fog,Daylight,Highway,70,2,Yes,0,0,4,Fatal
720,2022-03-16,17,Wed,Clear,Daylight,Highway,60,1,No,0,0,3,Serious
721,2022-01-04,10,Tue,Clear,Daylight,Rural Road,60,1,Yes,0,0,1,Serious
722,2023-10-08,6,Sun,Fog,Daylight,Highway,70,2,No,0,0,4,Fatal
723,2022-04-28,5,Thu,Cloudy,Dark,Urban Road,120,1,No,0,1,3,Fatal
724,2024-05-30,15,Thu,Rain,Daylight,Highway,40,2,Yes,0,0,1,Serious
725,2023-05-19,14,Fri,Snow,Daylight,Urban Road,40,2,Yes,0,0,2,Serious
726,2024-08-04,17,Sun,Clear,Daylight,Rural Road,30,2,No,0,0,1,Minor
727,2023-07-28,13,Fri,Clear,Daylight,Urban Road,70,3,No,0,0,2,Fatal
728,2022-07-13,12,Wed,Rain,Daylight,Highway,60,2,Yes,0,0,5,Fatal
729,2024-04-26,11,Fri,Clear,Daylight,Highway,40,4,No,0,0,1,Serious
730,2023-12-16,2,Sat,Rain,Dark,Urban Road,50,1,No,1,0,2,Fatal
731,2024-11-15,10,Fri,Clear,Daylight,Highway,40,1,Yes,0,0,4,Serious
732,2022-06-22,22,Wed,Snow,Dark,Urban Road,50,2,No,0,0,1,Fatal
733,2022-11-22,19,Tue,Cloudy,Dusk/Dawn,Urban Road,120,2,No,0,0,5,Serious
734,2024-04-15,10,Mon,Clear,Daylight,Highway,70,1,No,0,0,1,Minor
735,2023-12-25,15,Mon,Clear,Daylight,Urban Road,30,2,Yes,0,0,2,Serious
736,2022-08-13,19,Sat,Rain,Dusk/Dawn,Urban Road,50,2,Yes,1,0,1,Fatal
737,2023-06-16,12,Fri,Cloudy,Daylight,Urban Road,30,4,Yes,0,0,2,Serious
738,2022-04-23,1,Sat,Rain,Dark,Urban Road,80,2,No,0,0,3,Serious
739,2022-05-20,6,Fri,Clear,Daylight,Urban Road,60,2,Yes,0,0,1,Minor
740,2023-07-13,14,Thu,Clear,Daylight,Urban Road,120,4,Yes,1,0,4,Fatal
741,2022-01-01,22,Sat,Clear,Dark,Rural Road,80,3,No,1,0,6,Fatal
742,2022-03-31,16,Thu,Clear,Daylight,Highway,60,2,Yes,0,0,3,Minor
743,2023-10-16,5,Mon,Cloudy,Dark,Urban Road,100,2,Yes,0,0,3,Fatal
744,2022-11-16,8,Wed,Cloudy,Daylight,Urban Road,80,2,No,0,0,0,Minor
745,2022-05-19,17,Thu,Clear,Daylight,Urban Road,40,1,Yes,0,0,7,Serious
746,2024-04-24,18,Wed,Clear,Daylight,Rural Road,60,1,No,1,0,1,Serious
747,2022-09-16,15,Fri,Clear,Daylight,Urban Road,60,2,Yes,0,0,2,Serious
748,2024-06-20,16,Thu,Cloudy,Daylight,Urban Road,60,3,No,0,0,0,Serious
749,2023-11-21,2,Tue,Rain,Dark,Rural Road,40,2,Yes,0,0,3,Fatal
750,2022-01-10,18,Mon,Rain,Daylight,Intersection,40,1,No,0,0,1,Serious
751,2022-09-18,18,Sun,Clear,Daylight,Intersection,50,1,Yes,0,0,1,Serious
752,2022-06-21,8,Tue,Rain,Daylight,Urban Road,30,2,Yes,0,0,0,Serious
753,2024-06-16,17,Sun,Clear,Daylight,Intersection,120,2,Yes,0,0,3,Fatal
754,2022-01-13,8,Thu,Clear,Daylight,Highway,70,2,No,0,0,0,Serious
755,2022-11-17,3,Thu,Rain,Dark,Urban Road,70,2,Yes,0,0,3,Fatal
756,2022-11-25,8,Fri,Rain,Daylight,Highway,60,4,No,0,0,3,Serious
757,2024-02-24,7,Sat,Clear,Daylight,Highway,70,2,No,1,0,1,Fatal
758,2024-02-16,10,Fri,Clear,Daylight,Urban Road,120,2,No,0,0,3,Fatal
759,2024-06-29,12,Sat,Clear,Daylight,Rural Road,50,4,Yes,0,0,1,Fatal
760,2022-11-14,13,Mon,Clear,Daylight,Urban Road,80,5,No,0,0,2,Serious
761,2022-08-24,13,Wed,Rain,Daylight,Rural Road,50,2,No,0,1,4,Fatal
762,2022-11-30,9,Wed,Cloudy,Daylight,Urban Road,100,4,Yes,0,0,2,Fatal
763,2023-01-11,2,Wed,Clear,Dark,Urban Road,100,2,Yes,1,0,2,Fatal
764,2023-08-11,15,Fri,Clear,Daylight,Highway,120,2,Yes,0,0,4,Fatal
765,2023-05-28,11,Sun,Clear,Daylight,Urban Road,30,2,No,0,0,2,Fatal
766,2024-07-06,9,Sat,Rain,Daylight,Urban Road,50,2,Yes,0,0,4,Fatal
767,2024-05-22,19,Wed,Clear,Dusk/Dawn,Urban Road,40,2,No,0,0,1,Minor
768,2022-09-27,17,Tue,Fog,Daylight,Highway,60,2,No,0,0,2,Minor
769,2024-03-08,19,Fri,Clear,Dusk/Dawn,Highway,60,4,Yes,0,0,1,Fatal
770,2023-12-26,13,Tue,Rain,Daylight,Rural Road,50,2,No,0,0,5,Fatal
771,2022-01-05,7,Wed,Cloudy,Daylight,Urban Road,80,2,Yes,0,1,0,Fatal
772,2024-04-30,17,Tue,Cloudy,Daylight,Urban Road,50,1,Yes,0,0,2,Fatal
773,2022-03-19,8,Sat,Cloudy,Daylight,Highway,100,5,Yes,0,0,1,Serious
774,2023-07-28,12,Fri,Snow,Daylight,Urban Road,40,3,Yes,0,0,1,Fatal
775,2022-05-12,5,Thu,Cloudy,Dark,Rural Road,50,2,No,0,1,3,Fatal
776,2023-08-24,18,Thu,Clear,Daylight,Intersection,70,3,Yes,0,0,3,Fatal
777,2024-12-01,7,Sun,Clear,Daylight,Rural Road,70,3,No,0,0,3,Serious
778,2022-03-30,20,Wed,Clear,Dark,Highway,30,4,No,0,0,2,Fatal
779,2023-02-06,19,Mon,Fog,Dusk/Dawn,Rural Road,100,2,Yes,0,0,1,Fatal
780,2022-10-23,13,Sun,Cloudy,Daylight,Highway,60,2,No,0,0,1,Fatal
781,2023-09-08,17,Fri,Clear,Daylight,Urban Road,100,1,No,0,0,3,Serious
782,2024-03-10,15,Sun,Rain,Daylight,Highway,100,5,No,0,0,1,Fatal
783,2023-02-26,18,Sun,Fog,Daylight,Rural Road,60,5,Yes,0,0,3,Fatal
784,2024-11-12,12,Tue,Cloudy,Daylight,Urban Road,120,3,Yes,0,0,5,Fatal
785,2023-07-29,18,Sat,Rain,Daylight,Urban Road,100,2,No,0,0,1,Serious
786,2022-05-23,13,Mon,Cloudy,Daylight,Rural Road,120,2,Yes,0,0,4,Fatal
787,2024-09-19,21,Thu,Clear,Dark,Highway,100,2,Yes,0,0,2,Fatal
788,2023-10-27,13,Fri,Clear,Daylight,Urban Road,100,2,No,0,0,0,Minor
789,2022-05-25,13,Wed,Rain,Daylight,Urban Road,60,2,Yes,0,0,0,Serious
790,2024-10-03,18,Thu,Clear,Daylight,Urban Road,40,1,No,0,0,0,Serious
791,2023-05-18,18,Thu,Clear,Daylight,Rural Road,120,5,No,0,0,3,Minor
792,2024-03-31,14,Sun,Fog,Daylight,Highway,80,2,No,0,0,3,Serious
793,2022-04-14,7,Thu,Snow,Daylight,Rural Road,50,4,No,0,0,3,Serious
794,2024-11-28,13,Thu,Fog,Daylight,Urban Road,50,3,Yes,0,0,1,Fatal
795,2022-07-17,21,Sun,Clear,Dark,Rural Road,70,2,No,0,0,4,Serious
796,2023-08-02,17,Wed,Rain,Daylight,Urban Road,60,1,No,0,0,2,Serious
797,2023-01-26,18,Thu,Clear,Daylight,Intersection,30,5,Yes,0,0,0,Minor
798,2023-07-08,3,Sat,Clear,Dark,Highway,40,3,Yes,1,1,3,Fatal
799,2024-11-04,13,Mon,Rain,Daylight,Rural Road,80,1,No,0,0,3,Serious
800,2023-04-23,16,Sun,Clear,Daylight,Urban Road,50,1,Yes,0,0,0,Minor
801,2024-07-11,18,Thu,Clear,Daylight,Highway,60,2,No,0,0,3,Fatal
802,2023-02-24,4,Fri,Snow,Dark,Highway,80,2,Yes,0,1,2,Fatal
803,2022-06-06,19,Mon,Clear,Dusk/Dawn,Rural Road,80,1,Yes,0,0,1,Minor
804,2023-07-04,14,Tue,Cloudy,Daylight,Highway,40,3,Yes,0,0,2,Fatal
805,2024-10-17,8,Thu,Rain,Daylight,Highway,30,2,No,0,0,3,Serious
806,2024-09-23,9,Mon,Cloudy,Daylight,Intersection,60,2,No,0,0,0,Serious
807,2024-08-08,9,Thu,Clear,Daylight,Rural Road,80,4,No,1,0,4,Fatal
808,2022-10-16,14,Sun,Rain,Daylight,Highway,40,2,Yes,0,0,0,Serious
809,2022-07-15,5,Fri,Clear,Dark,Urban Road,50,4,Yes,1,0,5,Fatal
810,2023-08-21,7,Mon,Cloudy,Daylight,Urban Road,100,1,Yes,0,0,2,Minor
811,2023-06-01,18,Thu,Clear,Daylight,Intersection,120,2,Yes,0,0,3,Fatal
812,2024-05-14,7,Tue,Clear,Daylight,Rural Road,60,1,No,0,0,0,Minor
813,2024-03-16,8,Sat,Cloudy,Daylight,Intersection,30,2,No,0,0,1,Minor
814,2024-03-25,12,Mon,Clear,Daylight,Highway,50,5,Yes,1,0,5,Fatal
815,2022-08-16,14,Tue,Clear,Daylight,Urban Road,40,5,No,0,0,0,Serious
816,2022-08-04,17,Thu,Clear,Daylight,Highway,40,3,Yes,0,0,2,Serious
817,2024-08-05,12,Mon,Rain,Daylight,Highway,60,2,No,0,0,1,Serious
818,2022-01-15,18,Sat,Clear,Daylight,Rural Road,60,3,Yes,1,0,2,Fatal
819,2022-02-16,15,Wed,Clear,Daylight,Highway,40,2,Yes,0,0,2,Serious
820,2022-11-20,7,Sun,Clear,Daylight,Urban Road,100,1,No,0,0,1,Fatal
821,2024-04-23,7,Tue,Rain,Daylight,Intersection,70,2,Yes,0,0,4,Serious
822,2022-05-10,12,Tue,Snow,Daylight,Urban Road,60,2,Yes,0,0,5,Fatal
823,2022-04-05,11,Tue,Clear,Daylight,Highway,120,2,Yes,0,0,3,Fatal
824,2023-09-19,17,Tue,Clear,Daylight,Rural Road,70,1,Yes,0,0,3,Serious
825,2024-01-25,15,Thu,Clear,Daylight,Intersection,120,2,No,0,0,2,Minor
826,2024-03-04,11,Mon,Clear,Daylight,Rural Road,50,2,No,0,0,4,Fatal
827,2022-03-10,7,Thu,Clear,Daylight,Urban Road,40,1,Yes,0,0,1,Minor
828,2022-01-11,8,Tue,Clear,Daylight,Highway,60,3,Yes,0,0,3,Serious
829,2024-05-21,15,Tue,Rain,Daylight,Highway,60,2,No,0,0,1,Fatal
830,2023-07-04,12,Tue,Cloudy,Daylight,Rural Road,40,2,Yes,0,0,2,Serious
831,2023-12-13,14,Wed,Clear,Daylight,Highway,70,3,No,0,0,3,Fatal
832,2022-01-23,7,Sun,Rain,Daylight,Intersection,30,2,No,0,0,1,Serious
833,2024-03-25,16,Mon,Rain,Daylight,Urban Road,70,2,Yes,0,0,1,Serious
834,2022-12-12,19,Mon,Rain,Dusk/Dawn,Urban Road,60,3,Yes,0,0,0,Fatal
835,2022-10-29,8,Sat,Cloudy,Daylight,Rural Road,70,2,No,0,0,0,Minor
836,2022-12-29,13,Thu,Clear,Daylight,Rural Road,60,3,Yes,0,0,0,Minor
837,2023-01-31,22,Tue,Clear,Dark,Urban Road,120,2,Yes,0,0,0,Serious
838,2022-08-06,10,Sat,Rain,Daylight,Intersection,50,1,No,0,0,2,Serious
839,2022-05-21,15,Sat,Clear,Daylight,Intersection,120,2,Yes,0,0,0,Serious
840,2024-08-15,6,Thu,Clear,Daylight,Intersection,30,2,No,0,0,0,Minor
841,2024-09-11,15,Wed,Clear,Daylight,Intersection,70,1,Yes,0,0,3,Fatal
842,2024-09-19,6,Thu,Clear,Daylight,Rural Road,60,1,No,0,0,1,Serious
843,2024-04-07,21,Sun,Rain,Dark,Rural Road,100,1,No,0,0,3,Fatal
844,2023-11-14,17,Tue,Clear,Daylight,Highway,80,3,No,0,0,2,Fatal
845,2024-09-30,18,Mon,Clear,Daylight,Highway,100,3,No,0,0,6,Fatal
846,2022-12-22,17,Thu,Clear,Daylight,Highway,30,3,No,0,0,1,Serious
847,2024-10-04,15,Fri,Clear,Daylight,Highway,100,2,No,0,0,5,Fatal
848,2024-06-06,12,Thu,Cloudy,Daylight,Urban Road,40,2,Yes,0,0,1,Serious
849,2022-05-07,19,Sat,Clear,Dusk/Dawn,Highway,30,1,No,0,0,1,Serious
850,2024-10-05,21,Sat,Cloudy,Dark,Intersection,40,2,Yes,0,0,2,Serious
851,2023-08-27,13,Sun,Rain,Daylight,Intersection,60,4,No,0,0,7,Fatal
852,2024-10-10,20,Thu,Snow,Dark,Highway,80,1,Yes,0,0,2,Fatal
853,2022-02-20,15,Sun,Clear,Daylight,Highway,40,5,No,0,0,1,Serious
854,2024-11-18,14,Mon,Clear,Daylight,Intersection,40,3,Yes,0,0,1,Minor
855,2024-02-18,12,Sun,Cloudy,Daylight,Intersection,70,3,No,0,0,0,Minor
856,2024-03-24,8,Sun,Cloudy,Daylight,Intersection,120,2,Yes,0,0,4,Serious
857,2023-02-24,0,Fri,Clear,Dark,Intersection,70,3,No,0,0,2,Serious
858,2024-09-09,8,Mon,Clear,Daylight,Intersection,70,5,No,0,0,4,Fatal
859,2024-04-04,13,Thu,Clear,Daylight,Urban Road,60,3,No,0,0,1,Serious
860,2024-10-21,11,Mon,Cloudy,Daylight,Highway,80,2,No,0,0,2,Serious
861,2023-07-21,12,Fri,Clear,Daylight,Rural Road,120,2,No,0,0,2,Serious
862,2023-01-06,22,Fri,Rain,Dark,Highway,60,2,No,0,0,5,Fatal
863,2024-07-24,10,Wed,Fog,Daylight,Intersection,50,5,No,1,0,1,Fatal
864,2023-10-23,12,Mon,Snow,Daylight,Urban Road,100,4,Yes,0,0,5,Fatal
865,2024-08-26,7,Mon,Rain,Daylight,Rural Road,120,2,No,0,0,0,Fatal
866,2022-07-21,4,Thu,Clear,Dark,Highway,40,3,Yes,1,0,1,Fatal
867,2022-11-09,17,Wed,Cloudy,Daylight,Urban Road,60,4,Yes,0,0,2,Serious
868,2022-04-27,15,Wed,Rain,Daylight,Urban Road,80,1,No,0,0,0,Serious
869,2024-07-25,17,Thu,Fog,Daylight,Intersection,60,2,Yes,0,0,3,Fatal
870,2023-07-29,7,Sat,Clear,Daylight,Highway,50,2,Yes,0,0,1,Minor
871,2022-09-01,15,Thu,Rain,Daylight,Intersection,70,3,Yes,0,0,2,Serious
872,2023-06-21,8,Wed,Clear,Daylight,Intersection,50,2,Yes,0,0,1,Minor
873,2022-03-16,8,Wed,Clear,Daylight,Rural Road,50,3,Yes,0,0,2,Serious
874,2023-01-21,1,Sat,Fog,Dark,Rural Road,120,2,Yes,0,0,6,Fatal
875,2023-04-20,7,Thu,Rain,Daylight,Urban Road,70,1,Yes,0,0,6,Fatal
876,2023-02-22,9,Wed,Fog,Daylight,Highway,100,1,No,0,0,3,Fatal
877,2022-12-13,7,Tue,Clear,Daylight,Highway,100,1,Yes,0,0,3,Fatal
878,2023-10-02,22,Mon,Rain,Dark,Intersection,70,1,No,1,0,5,Fatal
879,2024-07-27,9,Sat,Clear,Daylight,Rural Road,100,2,No,0,0,1,Serious
880,2024-08-12,7,Mon,Rain,Daylight,Highway,50,2,Yes,0,1,1,Serious
881,2024-05-25,8,Sat,Clear,Daylight,Urban Road,70,1,Yes,0,0,0,Minor
882,2024-02-02,15,Fri,Fog,Daylight,Urban Road,60,2,Yes,0,0,4,Serious
883,2023-10-26,5,Thu,Cloudy,Dark,Highway,70,2,No,0,0,5,Fatal
884,2022-01-25,19,Tue,Clear,Dusk/Dawn,Urban Road,40,1,No,0,0,2,Minor
885,2023-12-11,21,Mon,Clear,Dark,Highway,50,2,No,0,0,2,Serious
886,2022-06-26,8,Sun,Rain,Daylight,Highway,50,3,No,0,0,4,Fatal
887,2022-10-12,12,Wed,Fog,Daylight,Urban Road,70,1,No,0,0,1,Minor
888,2022-03-04,2,Fri,Fog,Dark,Urban Road,120,1,No,1,0,3,Fatal
889,2024-09-29,16,Sun,Fog,Daylight,Highway,120,5,No,0,0,3,Fatal
890,2023-10-24,12,Tue,Clear,Daylight,Urban Road,40,3,No,0,0,2,Serious
891,2023-10-28,9,Sat,Clear,Daylight,Highway,50,2,No,0,0,1,Serious
892,2022-06-05,8,Sun,Clear,Daylight,Highway,30,2,Yes,0,0,0,Serious
893,2024-12-08,16,Sun,Clear,Daylight,Highway,50,3,No,0,0,1,Fatal
894,2024-08-24,12,Sat,Fog,Daylight,Highway,100,3,No,0,0,0,Fatal
895,2024-04-28,7,Sun,Clear,Daylight,Highway,120,2,Yes,0,0,2,Fatal
896,2023-11-20,16,Mon,Cloudy,Daylight,Intersection,40,2,No,0,0,4,Fatal
897,2022-05-28,15,Sat,Cloudy,Daylight,Urban Road,50,2,No,0,0,0,Minor
898,2022-12-08,19,Thu,Cloudy,Dusk/Dawn,Highway,40,1,Yes,0,0,1,Fatal
899,2023-04-21,7,Fri,Cloudy,Daylight,Highway,50,4,No,0,0,2,Fatal
900,2024-12-22,18,Sun,Clear,Daylight,Highway,100,2,Yes,0,0,5,Serious
901,2023-07-15,16,Sat,Cloudy,Daylight,Rural Road,70,2,No,0,0,3,Minor
902,2022-11-23,7,Wed,Clear,Daylight,Urban Road,80,4,Yes,0,0,3,Serious
903,2024-09-16,17,Mon,Clear,Daylight,Highway,60,1,Yes,0,0,0,Serious
904,2022-08-03,12,Wed,Snow,Daylight,Urban Road,50,1,No,0,0,3,Fatal
905,2023-03-11,21,Sat,Clear,Dark,Urban Road,40,2,Yes,0,0,1,Minor
906,2024-08-09,7,Fri,Cloudy,Daylight,Highway,30,2,No,0,0,2,Fatal
907,2023-12-24,16,Sun,Rain,Daylight,Urban Road,80,3,Yes,0,0,0,Fatal
908,2022-02-01,11,Tue,Snow,Daylight,Urban Road,100,1,No,0,0,2,Fatal
909,2023-11-01,21,Wed,Clear,Dark,Highway,80,2,Yes,0,0,1,Serious
910,2022-10-12,10,Wed,Rain,Daylight,Rural Road,30,1,Yes,0,0,1,Serious
911,2023-03-05,21,Sun,Clear,Dark,Rural Road,80,3,No,0,0,5,Fatal
912,2022-10-13,20,Thu,Cloudy,Dark,Urban Road,30,1,Yes,0,0,2,Serious
913,2024-11-08,9,Fri,Clear,Daylight,Urban Road,40,2,No,0,0,0,Minor
914,2022-01-18,18,Tue,Fog,Daylight,Urban Road,50,3,No,0,0,5,Serious
915,2024-02-08,23,Thu,Clear,Dark,Urban Road,60,4,Yes,0,0,1,Serious
916,2023-08-13,8,Sun,Clear,Daylight,Rural Road,100,3,No,0,0,1,Fatal
917,2024-10-06,12,Sun,Clear,Daylight,Urban Road,70,2,Yes,0,0,2,Fatal
918,2022-07-13,14,Wed,Clear,Daylight,Highway,40,2,Yes,0,0,2,Serious
919,2023-05-17,9,Wed,Fog,Daylight,Urban Road,40,2,Yes,0,0,2,Minor
920,2024-09-14,1,Sat,Clear,Dark,Rural Road,50,3,No,0,0,3,Fatal
921,2022-04-24,8,Sun,Clear,Daylight,Urban Road,40,4,No,0,0,2,Serious
922,2024-08-04,9,Sun,Rain,Daylight,Intersection,50,4,Yes,0,0,1,Minor
923,2024-04-10,12,Wed,Clear,Daylight,Intersection,80,3,Yes,0,0,1,Minor
924,2024-07-13,7,Sat,Clear,Daylight,Highway,40,1,No,0,0,2,Minor
925,2022-02-24,19,Thu,Cloudy,Dusk/Dawn,Intersection,100,3,Yes,0,0,2,Fatal
926,2024-03-10,17,Sun,Clear,Daylight,Urban Road,60,3,No,0,0,2,Minor
927,2024-02-17,6,Sat,Clear,Daylight,Rural Road,50,3,No,0,0,2,Minor
928,2022-06-11,16,Sat,Clear,Daylight,Intersection,50,4,No,0,0,0,Serious
929,2022-03-28,16,Mon,Clear,Daylight,Urban Road,80,2,No,0,0,2,Serious
930,2022-02-24,21,Thu,Rain,Dark,Urban Road,60,2,Yes,0,0,1,Fatal
931,2024-10-28,0,Mon,Clear,Dark,Intersection,30,1,No,1,0,0,Serious
932,2024-04-12,8,Fri,Snow,Daylight,Highway,120,2,No,0,0,2,Fatal
933,2022-11-09,20,Wed,Clear,Dark,Highway,30,2,No,0,0,1,Serious
934,2024-01-29,20,Mon,Clear,Dark,Urban Road,120,5,Yes,0,0,4,Fatal
935,2023-03-19,17,Sun,Clear,Daylight,Intersection,30,4,No,0,0,2,Serious
936,2022-11-24,17,Thu,Rain,Daylight,Intersection,80,3,No,0,0,4,Fatal
937,2024-12-13,6,Fri,Cloudy,Daylight,Highway,60,1,Yes,0,0,1,Serious
938,2024-01-31,14,Wed,Rain,Daylight,Intersection,60,2,Yes,0,0,2,Serious
939,2023-08-02,8,Wed,Cloudy,Daylight,Highway,30,2,No,1,0,0,Serious
940,2024-12-10,7,Tue,Clear,Daylight,Intersection,40,1,Yes,0,0,3,Serious
941,2024-10-03,18,Thu,Clear,Daylight,Urban Road,80,1,Yes,0,0,2,Fatal
942,2022-04-06,7,Wed,Clear,Daylight,Highway,100,4,Yes,0,0,3,Fatal
943,2024-03-24,13,Sun,Clear,Daylight,Highway,60,1,Yes,0,0,0,Serious
944,2023-05-06,20,Sat,Clear,Dark,Highway,50,1,Yes,0,0,3,Serious
945,2023-03-28,8,Tue,Clear,Daylight,Highway,30,2,No,0,0,2,Serious
946,2022-06-14,22,Tue,Clear,Dark,Rural Road,70,4,No,0,0,1,Fatal
947,2022-07-01,23,Fri,Clear,Dark,Highway,50,3,No,0,1,3,Fatal
948,2023-04-14,14,Fri,Clear,Daylight,Intersection,30,5,Yes,0,0,1,Minor
949,2024-06-28,7,Fri,Clear,Daylight,Urban Road,70,3,No,0,0,3,Fatal
950,2024-01-05,9,Fri,Cloudy,Daylight,Rural Road,60,2,Yes,0,0,0,Minor
951,2024-04-02,12,Tue,Clear,Daylight,Highway,30,4,Yes,0,0,5,Fatal
952,2024-08-01,9,Thu,Fog,Daylight,Intersection,40,2,Yes,0,0,2,Fatal
953,2022-01-07,9,Fri,Rain,Daylight,Rural Road,70,2,No,0,0,1,Serious
954,2022-11-26,22,Sat,Clear,Dark,Intersection,30,2,No,0,0,2,Minor
955,2024-02-14,7,Wed,Clear,Daylight,Intersection,100,3,No,0,0,4,Fatal
956,2022-05-31,17,Tue,Clear,Daylight,Highway,50,4,No,0,0,2,Fatal
957,2022-05-27,0,Fri,Rain,Dark,Highway,30,2,No,0,1,2,Fatal
958,2024-07-03,15,Wed,Clear,Daylight,Intersection,80,2,Yes,0,0,1,Serious
959,2023-12-01,20,Fri,Clear,Dark,Intersection,60,4,No,0,0,7,Serious
960,2022-03-23,9,Wed,Clear,Daylight,Urban Road,50,1,No,0,0,0,Serious
961,2023-05-29,8,Mon,Cloudy,Daylight,Urban Road,50,3,Yes,0,0,2,Serious
962,2024-03-25,16,Mon,Clear,Daylight,Rural Road,30,2,Yes,0,0,2,Serious
963,2023-12-10,17,Sun,Rain,Daylight,Urban Road,70,2,Yes,0,0,1,Serious
964,2024-01-16,16,Tue,Clear,Daylight,Highway,50,2,No,0,0,3,Serious
965,2024-10-19,9,Sat,Cloudy,Daylight,Urban Road,80,2,No,0,0,4,Serious
966,2023-12-08,8,Fri,Rain,Daylight,Highway,70,3,No,0,0,4,Fatal
967,2023-04-16,21,Sun,Clear,Dark,Urban Road,70,4,No,0,0,5,Fatal
968,2023-01-31,20,Tue,Cloudy,Dark,Intersection,80,2,No,0,0,2,Fatal
969,2022-09-18,12,Sun,Fog,Daylight,Intersection,70,3,No,0,0,1,Fatal
970,2024-03-15,18,Fri,Clear,Daylight,Intersection,50,3,No,0,0,2,Serious
971,2024-07-22,12,Mon,Clear,Daylight,Intersection,50,2,No,0,0,1,Serious
972,2024-06-23,12,Sun,Snow,Daylight,Urban Road,40,2,Yes,0,0,3,Serious
973,2024-12-12,7,Thu,Cloudy,Daylight,Intersection,80,2,No,0,0,2,Serious
974,2024-07-28,12,Sun,Rain,Daylight,Intersection,80,1,No,0,0,3,Serious
975,2024-05-03,14,Fri,Rain,Daylight,Intersection,40,2,Yes,0,0,1,Serious
976,2023-08-16,2,Wed,Rain,Dark,Rural Road,100,5,No,0,0,2,Serious
977,2023-12-15,12,Fri,Clear,Daylight,Highway,60,2,Yes,0,0,4,Fatal
978,2023-09-24,18,Sun,Fog,Daylight,Highway,60,2,No,0,0,4,Serious
979,2022-02-28,16,Mon,Clear,Daylight,Highway,30,2,Yes,0,0,1,Serious
980,2022-05-08,16,Sun,Cloudy,Daylight,Intersection,50,1,No,0,0,2,Minor
981,2024-01-06,20,Sat,Snow,Dark,Urban Road,70,2,Yes,0,0,1,Fatal
982,2023-12-22,1,Fri,Rain,Dark,Intersection,30,1,Yes,0,0,1,Serious
983,2023-06-10,14,Sat,Clear,Daylight,Urban Road,60,1,Yes,0,0,1,Minor
984,2023-06-05,18,Mon,Clear,Daylight,Rural Road,120,2,Yes,0,0,0,Serious
985,2023-07-06,14,Thu,Clear,Daylight,Highway,80,2,No,0,0,0,Serious
986,2022-08-25,9,Thu,Rain,Daylight,Highway,60,1,Yes,1,0,1,Fatal
987,2023-05-09,7,Tue,Rain,Daylight,Urban Road,60,1,No,0,0,1,Minor
988,2022-01-04,19,Tue,Clear,Dusk/Dawn,Urban Road,30,1,No,0,0,2,Serious
989,2023-10-28,13,Sat,Rain,Daylight,Highway,120,2,Yes,1,0,5,Fatal
990,2023-03-18,19,Sat,Cloudy,Dusk/Dawn,Rural Road,120,1,Yes,0,0,0,Serious
991,2022-01-29,15,Sat,Clear,Daylight,Urban Road,70,2,Yes,0,0,1,Minor
992,2023-09-02,16,Sat,Clear,Daylight,Intersection,30,2,No,0,0,1,Minor
993,2024-03-15,18,Fri,Snow,Daylight,Highway,40,2,No,0,0,1,Serious
994,2022-03-16,16,Wed,Rain,Daylight,Rural Road,40,3,No,0,0,2,Serious
995,2024-04-17,11,Wed,Rain,Daylight,Highway,60,2,No,0,0,0,Fatal
996,2022-05-08,14,Sun,Rain,Daylight,Rural Road,40,1,No,0,0,1,Serious
997,2022-02-11,18,Fri,Cloudy,Daylight,Urban Road,70,2,No,0,0,2,Minor
998,2022-02-10,11,Thu,Clear,Daylight,Rural Road,60,5,Yes,0,0,2,Serious
999,2024-07-22,11,Mon,Clear,Daylight,Intersection,30,5,No,0,0,2,Minor
1000,2022-02-03,6,Thu,Clear,Daylight,Highway,80,2,Yes,0,0,3,Serious
1001,2024-11-06,20,Wed,Clear,Dark,Highway,40,1,Yes,1,0,0,Fatal
1002,2024-09-24,6,Tue,Clear,Daylight,Rural Road,100,2,No,0,0,2,Minor
1003,2023-08-11,16,Fri,Clear,Daylight,Urban Road,50,2,Yes,0,0,1,Minor
1004,2022-12-08,12,Thu,Cloudy,Daylight,Highway,50,2,No,0,0,2,Fatal
1005,2022-01-27,11,Thu,Cloudy,Daylight,Urban Road,30,2,No,0,1,2,Minor
1006,2023-10-08,16,Sun,Clear,Daylight,Highway,120,1,Yes,0,0,7,Fatal
1007,2024-01-01,5,Mon,Rain,Dark,Highway,70,1,Yes,0,0,2,Fatal
1008,2022-06-17,15,Fri,Rain,Daylight,Urban Road,50,2,Yes,0,0,2,Serious
1009,2023-09-02,17,Sat,Cloudy,Daylight,Intersection,30,4,No,0,0,1,Serious
1010,2022-09-25,18,Sun,Rain,Daylight,Urban Road,70,1,No,0,0,1,Serious
1011,2024-03-31,7,Sun,Clear,Daylight,Urban Road,50,3,No,0,0,1,Minor
1012,2023-03-31,19,Fri,Snow,Dusk/Dawn,Intersection,120,2,Yes,0,0,2,Fatal
1013,2024-06-24,16,Mon,Fog,Daylight,Urban Road,120,2,Yes,0,0,2,Fatal
1014,2024-07-10,19,Wed,Rain,Dusk/Dawn,Rural Road,80,3,Yes,0,0,3,Fatal
1015,2024-09-07,13,Sat,Cloudy,Daylight,Intersection,120,2,No,0,0,4,Fatal
1016,2023-12-03,14,Sun,Cloudy,Daylight,Highway,40,2,Yes,0,0,2,Minor
1017,2023-09-26,20,Tue,Rain,Dark,Urban Road,50,2,No,0,0,3,Serious
1018,2022-05-10,20,Tue,Rain,Dark,Intersection,50,1,No,0,0,3,Minor
1019,2024-10-16,12,Wed,Cloudy,Daylight,Intersection,30,2,Yes,0,0,2,Minor
1020,2024-03-29,9,Fri,Clear,Daylight,Highway,120,2,No,0,0,2,Serious
1021,2023-11-24,11,Fri,Clear,Daylight,Highway,30,1,No,0,0,2,Serious
1022,2024-03-04,11,Mon,Clear,Daylight,Highway,100,2,Yes,0,0,2,Serious
1023,2022-01-29,9,Sat,Cloudy,Daylight,Urban Road,80,1,No,0,0,1,Minor
1024,2022-05-29,9,Sun,Fog,Daylight,Urban Road,50,1,No,0,0,1,Serious
1025,2022-01-11,19,Tue,Clear,Dusk/Dawn,Urban Road,30,3,Yes,0,1,2,Fatal
1026,2023-11-07,5,Tue,Cloudy,Dark,Intersection,30,1,Yes,0,0,0,Minor
1027,2022-07-06,16,Wed,Fog,Daylight,Urban Road,40,2,Yes,0,0,2,Serious
1028,2024-03-17,7,Sun,Cloudy,Daylight,Intersection,60,4,No,0,1,3,Fatal
1029,2024-01-14,10,Sun,Clear,Daylight,Highway,60,1,Yes,0,0,5,Fatal
1030,2022-04-08,5,Fri,Rain,Dark,Highway,60,2,Yes,0,0,4,Fatal
1031,2022-02-24,9,Thu,Fog,Daylight,Urban Road,80,2,Yes,0,0,2,Serious
1032,2023-09-15,17,Fri,Rain,Daylight,Highway,50,2,Yes,0,0,2,Fatal
1033,2023-10-26,19,Thu,Rain,Dusk/Dawn,Urban Road,40,2,Yes,0,0,5,Minor
1034,2024-01-28,8,Sun,Cloudy,Daylight,Intersection,100,2,No,0,0,4,Serious
1035,2023-02-10,13,Fri,Clear,Daylight,Highway,50,1,Yes,0,0,1,Serious
1036,2022-03-10,13,Thu,Cloudy,Daylight,Rural Road,50,1,No,0,0,2,Serious
1037,2024-01-21,19,Sun,Clear,Dusk/Dawn,Urban Road,80,3,No,0,0,1,Minor
1038,2024-08-15,17,Thu,Clear,Daylight,Highway,120,1,No,1,0,4,Fatal
1039,2022-12-31,14,Sat,Clear,Daylight,Urban Road,120,3,No,0,0,0,Fatal
1040,2023-04-27,16,Thu,Clear,Daylight,Intersection,40,3,No,0,0,2,Minor
1041,2022-07-20,19,Wed,Clear,Dusk/Dawn,Urban Road,60,1,No,0,0,1,Minor
1042,2022-06-03,0,Fri,Cloudy,Dark,Urban Road,30,1,Yes,0,0,5,Serious
1043,2022-03-14,11,Mon,Rain,Daylight,Intersection,120,2,Yes,0,0,2,Fatal
1044,2023-12-14,20,Thu,Clear,Dark,Rural Road,40,2,Yes,0,0,1,Serious
1045,2022-10-23,17,Sun,Rain,Daylight,Highway,40,3,Yes,0,1,3,Fatal
1046,2024-11-06,14,Wed,Clear,Daylight,Rural Road,100,1,No,0,0,0,Serious
1047,2022-03-02,14,Wed,Clear,Daylight,Urban Road,120,1,Yes,0,0,3,Fatal
1048,2024-07-27,10,Sat,Rain,Daylight,Rural Road,70,2,Yes,0,0,2,Minor
1049,2022-02-11,14,Fri,Rain,Daylight,Urban Road,40,1,No,0,0,0,Minor
1050,2022-01-25,16,Tue,Snow,Daylight,Highway,60,2,No,0,0,2,Fatal
1051,2024-11-28,12,Thu,Clear,Daylight,Urban Road,100,2,No,0,0,2,Minor
1052,2022-05-11,17,Wed,Fog,Daylight,Urban Road,60,2,Yes,0,0,1,Serious
1053,2022-04-18,19,Mon,Fog,Dusk/Dawn,Urban Road,40,2,No,0,0,3,Fatal
1054,2022-06-21,7,Tue,Cloudy,Daylight,Intersection,40,2,Yes,0,0,0,Minor
1055,2022-04-12,12,Tue,Clear,Daylight,Intersection,100,2,No,0,0,3,Serious
1056,2024-05-15,11,Wed,Rain,Daylight,Urban Road,60,2,No,0,0,1,Serious
1057,2023-06-08,16,Thu,Rain,Daylight,Urban Road,80,2,No,0,0,1,Serious
1058,2022-10-02,8,Sun,Cloudy,Daylight,Urban Road,50,2,No,0,0,1,Minor
1059,2024-12-03,16,Tue,Clear,Daylight,Urban Road,60,1,Yes,0,0,1,Minor
1060,2024-03-27,19,Wed,Rain,Dusk/Dawn,Intersection,120,1,No,0,0,7,Fatal
1061,2024-08-14,12,Wed,Clear,Daylight,Urban Road,50,1,No,0,0,2,Minor
1062,2024-11-06,20,Wed,Rain,Dark,Highway,70,1,No,0,0,3,Fatal
1063,2022-11-26,23,Sat,Clear,Dark,Urban Road,40,2,No,0,0,1,Minor
1064,2022-01-12,6,Wed,Clear,Daylight,Urban Road,40,1,No,0,0,1,Minor
1065,2022-08-04,8,Thu,Rain,Daylight,Urban Road,80,2,No,0,0,2,Serious
1066,2022-12-05,21,Mon,Clear,Dark,Urban Road,100,2,Yes,0,0,1,Fatal
1067,2023-10-23,21,Mon,Clear,Dark,Highway,70,2,No,0,0,3,Fatal
1068,2023-01-09,6,Mon,Clear,Daylight,Highway,40,3,No,0,0,0,Serious
1069,2024-09-02,1,Mon,Clear,Dark,Urban Road,40,2,No,0,0,0,Minor
1070,2023-12-11,7,Mon,Cloudy,Daylight,Urban Road,120,1,No,0,0,1,Minor
1071,2023-04-11,23,Tue,Rain,Dark,Highway,50,1,Yes,0,0,2,Fatal
1072,2023-05-04,7,Thu,Cloudy,Daylight,Intersection,100,1,No,0,0,1,Serious
1073,2022-02-16,13,Wed,Clear,Daylight,Urban Road,50,2,No,0,0,1,Minor
1074,2024-02-17,19,Sat,Cloudy,Dusk/Dawn,Intersection,120,1,No,0,0,0,Serious
1075,2024-11-05,1,Tue,Clear,Dark,Highway,120,2,No,1,0,3,Fatal
1076,2023-12-12,15,Tue,Rain,Daylight,Highway,30,4,Yes,0,0,4,Serious
1077,2023-02-05,9,Sun,Clear,Daylight,Urban Road,80,1,Yes,1,0,2,Fatal
1078,2024-09-07,19,Sat,Fog,Dusk/Dawn,Highway,40,4,No,0,0,4,Serious
1079,2022-09-07,9,Wed,Rain,Daylight,Intersection,40,3,No,0,0,1,Minor
1080,2023-01-26,16,Thu,Clear,Daylight,Highway,60,3,No,0,0,0,Serious
1081,2022-12-01,16,Thu,Clear,Daylight,Urban Road,60,3,Yes,0,0,3,Fatal
1082,2023-09-21,8,Thu,Rain,Daylight,Intersection,50,1,No,0,0,2,Minor
1083,2022-05-17,3,Tue,Clear,Dark,Urban Road,60,1,No,0,0,0,Serious
1084,2024-06-01,12,Sat,Clear,Daylight,Highway,40,1,No,0,0,2,Serious
1085,2023-11-19,9,Sun,Clear,Daylight,Urban Road,30,1,No,0,0,1,Minor
1086,2024-04-06,18,Sat,Rain,Daylight,Urban Road,60,2,Yes,0,0,3,Fatal
1087,2023-12-28,18,Thu,Cloudy,Daylight,Highway,60,3,No,0,0,0,Serious
1088,2023-08-17,12,Thu,Clear,Daylight,Urban Road,70,2,No,0,0,1,Minor
1089,2024-09-16,15,Mon,Clear,Daylight,Intersection,70,1,No,0,0,2,Minor
1090,2023-01-07,15,Sat,Cloudy,Daylight,Intersection,100,2,No,0,0,3,Fatal
1091,2024-07-23,18,Tue,Rain,Daylight,Highway,60,1,Yes,0,0,5,Fatal
1092,2024-09-21,12,Sat,Clear,Daylight,Highway,30,2,No,0,0,2,Minor
1093,2023-02-06,9,Mon,Cloudy,Daylight,Highway,70,2,No,0,0,1,Fatal
1094,2023-09-07,8,Thu,Clear,Daylight,Urban Road,70,3,Yes,0,0,2,Fatal
1095,2024-09-21,14,Sat,Clear,Daylight,Urban Road,60,2,Yes,0,0,0,Serious
1096,2023-09-12,12,Tue,Cloudy,Daylight,Intersection,70,2,Yes,0,1,2,Fatal
1097,2022-07-07,12,Thu,Cloudy,Daylight,Rural Road,50,1,No,0,0,1,Minor
1098,2022-05-11,6,Wed,Clear,Daylight,Highway,40,4,No,0,0,2,Serious
1099,2024-03-15,17,Fri,Clear,Daylight,Urban Road,70,2,No,0,0,0,Minor
1100,2024-07-24,8,Wed,Clear,Daylight,Highway,40,3,Yes,0,0,1,Serious
1101,2024-09-12,8,Thu,Clear,Daylight,Highway,60,4,No,0,0,3,Fatal
1102,2022-07-02,12,Sat,Clear,Daylight,Highway,60,2,Yes,0,0,1,Serious
1103,2024-09-09,8,Mon,Clear,Daylight,Highway,60,2,No,0,0,4,Serious
1104,2022-12-30,15,Fri,Cloudy,Daylight,Urban Road,60,1,No,1,0,0,Fatal
1105,2022-02-08,11,Tue,Cloudy,Daylight,Urban Road,30,2,No,0,0,2,Serious
1106,2023-05-12,12,Fri,Rain,Daylight,Highway,120,3,Yes,0,1,1,Fatal
1107,2024-09-08,14,Sun,Rain,Daylight,Intersection,80,1,No,0,0,4,Serious
1108,2024-07-09,8,Tue,Clear,Daylight,Urban Road,50,4,No,0,0,0,Minor
1109,2023-12-23,7,Sat,Clear,Daylight,Highway,40,2,Yes,0,0,3,Fatal
1110,2022-01-16,19,Sun,Clear,Dusk/Dawn,Highway,30,2,No,0,0,0,Minor
1111,2023-05-08,12,Mon,Snow,Daylight,Urban Road,70,2,No,0,0,5,Fatal
1112,2024-06-12,12,Wed,Clear,Daylight,Intersection,50,1,No,0,0,1,Minor
1113,2022-11-07,3,Mon,Cloudy,Dark,Urban Road,40,1,No,0,0,5,Serious
1114,2024-01-09,13,Tue,Rain,Daylight,Intersection,50,2,Yes,0,0,1,Serious
1115,2023-06-30,14,Fri,Clear,Daylight,Urban Road,60,2,Yes,0,0,3,Fatal
1116,2023-02-18,14,Sat,Clear,Daylight,Urban Road,70,4,Yes,0,0,2,Serious
1117,2022-09-08,17,Thu,Rain,Daylight,Urban Road,70,2,Yes,0,0,3,Minor
1118,2024-01-29,7,Mon,Cloudy,Daylight,Rural Road,100,2,Yes,0,0,2,Minor
1119,2024-11-28,8,Thu,Fog,Daylight,Urban Road,40,1,No,0,0,0,Serious
1120,2024-03-24,18,Sun,Clear,Daylight,Intersection,70,3,No,0,1,4,Fatal
1121,2022-01-29,21,Sat,Rain,Dark,Highway,40,2,No,0,0,4,Fatal
1122,2024-08-15,7,Thu,Clear,Daylight,Urban Road,60,2,No,0,0,2,Minor
1123,2023-04-22,13,Sat,Cloudy,Daylight,Urban Road,60,4,No,0,0,0,Minor
1124,2022-11-14,8,Mon,Fog,Daylight,Urban Road,40,4,Yes,0,0,3,Fatal
1125,2022-09-02,5,Fri,Rain,Dark,Highway,50,2,No,0,0,0,Fatal
1126,2024-01-18,9,Thu,Clear,Daylight,Urban Road,100,4,Yes,0,0,4,Fatal
1127,2023-11-28,7,Tue,Rain,Daylight,Urban Road,40,2,Yes,0,0,2,Minor
1128,2022-09-29,17,Thu,Clear,Daylight,Rural Road,50,3,No,0,0,2,Fatal
1129,2023-01-12,14,Thu,Clear,Daylight,Rural Road,120,2,No,0,0,4,Serious
1130,2022-09-23,7,Fri,Clear,Daylight,Rural Road,60,1,Yes,0,0,4,Serious
1131,2024-07-14,0,Sun,Cloudy,Dark,Urban Road,80,5,Yes,0,1,7,Fatal
1132,2024-07-09,18,Tue,Rain,Daylight,Intersection,100,1,Yes,0,0,6,Fatal
1133,2022-12-06,7,Tue,Clear,Daylight,Intersection,40,2,No,0,0,0,Minor
1134,2023-01-24,15,Tue,Cloudy,Daylight,Highway,40,1,No,0,0,3,Minor
1135,2023-07-31,10,Mon,Clear,Daylight,Highway,80,2,No,0,0,1,Fatal
1136,2022-01-03,15,Mon,Clear,Daylight,Urban Road,80,2,No,0,0,3,Serious
1137,2023-01-11,9,Wed,Clear,Daylight,Urban Road,30,2,No,0,0,1,Minor
1138,2022-11-20,6,Sun,Rain,Daylight,Intersection,50,5,Yes,0,0,5,Fatal
1139,2022-05-26,8,Thu,Rain,Daylight,Rural Road,50,1,No,0,0,0,Serious
1140,2022-10-20,8,Thu,Clear,Daylight,Intersection,100,3,Yes,0,0,0,Serious
1141,2023-03-08,12,Wed,Fog,Daylight,Highway,50,1,Yes,1,0,3,Fatal
1142,2023-12-06,16,Wed,Clear,Daylight,Urban Road,120,1,No,0,0,2,Serious
1143,2024-08-06,8,Tue,Snow,Daylight,Highway,120,2,No,0,0,2,Fatal
1144,2023-08-08,1,Tue,Clear,Dark,Highway,80,3,No,0,0,1,Serious
1145,2023-02-03,14,Fri,Snow,Daylight,Rural Road,70,1,No,0,0,1,Serious
1146,2024-03-27,15,Wed,Rain,Daylight,Highway,50,2,No,0,0,3,Fatal
1147,2024-08-21,21,Wed,Fog,Dark,Rural Road,30,1,Yes,0,0,1,Fatal
1148,2022-07-06,15,Wed,Clear,Daylight,Urban Road,60,4,No,0,0,3,Minor
1149,2022-03-02,13,Wed,Rain,Daylight,Intersection,50,2,No,0,0,0,Minor
1150,2024-07-27,15,Sat,Clear,Daylight,Highway,50,2,No,0,0,1,Minor
1151,2023-12-11,20,Mon,Cloudy,Dark,Rural Road,70,4,No,0,0,0,Fatal
1152,2024-03-17,18,Sun,Clear,Daylight,Intersection,60,2,No,0,0,2,Minor
1153,2022-01-11,9,Tue,Clear,Daylight,Intersection,80,4,No,0,0,3,Serious
1154,2024-12-21,8,Sat,Rain,Daylight,Rural Road,50,4,Yes,0,1,2,Fatal
1155,2022-08-14,8,Sun,Fog,Daylight,Rural Road,40,2,Yes,0,0,2,Serious
1156,2023-07-18,13,Tue,Clear,Daylight,Urban Road,60,2,Yes,0,0,1,Serious
1157,2024-02-11,17,Sun,Cloudy,Daylight,Rural Road,120,1,No,0,0,3,Fatal
1158,2024-06-03,13,Mon,Cloudy,Daylight,Rural Road,100,5,No,0,0,1,Serious
1159,2022-08-14,5,Sun,Rain,Dark,Urban Road,40,2,No,0,0,3,Fatal
1160,2024-04-04,17,Thu,Clear,Daylight,Rural Road,50,3,Yes,0,0,1,Serious
1161,2022-08-06,18,Sat,Fog,Daylight,Urban Road,120,2,No,0,0,1,Serious
1162,2024-07-25,9,Thu,Clear,Daylight,Highway,40,2,No,0,0,0,Minor
1163,2024-01-23,16,Tue,Clear,Daylight,Urban Road,50,1,No,0,0,0,Minor
1164,2023-05-21,12,Sun,Cloudy,Daylight,Highway,50,2,No,0,0,3,Serious
1165,2022-09-16,19,Fri,Cloudy,Dusk/Dawn,Urban Road,60,1,Yes,0,0,0,Minor
1166,2022-02-23,18,Wed,Cloudy,Daylight,Highway,50,1,No,0,0,1,Minor
1167,2024-12-06,14,Fri,Clear,Daylight,Urban Road,30,1,No,0,0,3,Serious
1168,2023-12-28,16,Thu,Clear,Daylight,Intersection,70,2,Yes,0,0,2,Minor
1169,2023-11-20,19,Mon,Clear,Dusk/Dawn,Urban Road,30,2,No,0,0,0,Minor
1170,2024-11-09,13,Sat,Clear,Daylight,Highway,70,2,Yes,0,0,2,Minor
1171,2023-02-23,9,Thu,Clear,Daylight,Urban Road,60,1,Yes,0,0,2,Serious
1172,2023-11-21,17,Tue,Clear,Daylight,Highway,60,2,No,0,0,0,Serious
1173,2024-04-29,8,Mon,Rain,Daylight,Urban Road,30,3,No,0,0,2,Minor
1174,2022-03-03,11,Thu,Snow,Daylight,Urban Road,70,2,Yes,0,0,2,Serious
1175,2022-08-04,19,Thu,Fog,Dusk/Dawn,Intersection,50,5,No,0,0,5,Fatal
1176,2022-01-03,17,Mon,Cloudy,Daylight,Highway,50,1,No,0,0,1,Minor
1177,2022-06-09,11,Thu,Clear,Daylight,Rural Road,60,3,No,0,0,0,Minor
1178,2024-02-20,8,Tue,Clear,Daylight,Intersection,70,2,Yes,0,0,3,Minor
1179,2024-06-11,10,Tue,Snow,Daylight,Intersection,30,2,No,0,0,1,Fatal
1180,2022-11-25,9,Fri,Rain,Daylight,Highway,40,2,No,0,0,1,Serious
1181,2023-08-03,7,Thu,Rain,Daylight,Urban Road,40,2,No,0,0,0,Serious
1182,2024-08-09,17,Fri,Clear,Daylight,Highway,70,2,No,0,0,1,Serious
1183,2023-09-27,8,Wed,Clear,Daylight,Urban Road,60,2,Yes,0,0,3,Serious
1184,2024-09-14,12,Sat,Rain,Daylight,Highway,80,1,Yes,0,0,2,Serious
1185,2024-07-09,11,Tue,Cloudy,Daylight,Intersection,80,2,No,0,0,1,Minor
1186,2024-01-08,22,Mon,Cloudy,Dark,Highway,100,3,No,0,0,5,Fatal
1187,2022-06-19,11,Sun,Rain,Daylight,Urban Road,50,2,No,0,0,1,Serious
1188,2023-06-05,6,Mon,Rain,Daylight,Urban Road,50,1,No,0,0,1,Serious
1189,2022-02-09,6,Wed,Cloudy,Daylight,Intersection,100,1,No,0,0,0,Serious
1190,2024-08-12,15,Mon,Rain,Daylight,Rural Road,40,1,No,0,0,1,Serious
1191,2024-09-10,15,Tue,Rain,Daylight,Highway,60,1,No,0,0,3,Serious
1192,2024-09-01,12,Sun,Cloudy,Daylight,Highway,40,1,Yes,0,0,1,Serious
1193,2022-02-07,12,Mon,Snow,Daylight,Highway,120,1,Yes,0,0,1,Fatal
1194,2022-11-24,5,Thu,Cloudy,Dark,Rural Road,50,2,Yes,0,0,1,Minor
1195,2024-07-02,14,Tue,Clear,Daylight,Rural Road,40,2,Yes,0,0,2,Minor
1196,2023-03-30,13,Thu,Rain,Daylight,Urban Road,70,5,Yes,0,0,0,Serious
1197,2022-02-06,7,Sun,Cloudy,Daylight,Highway,40,5,No,0,0,1,Serious
1198,2024-08-30,6,Fri,Clear,Daylight,Rural Road,120,1,Yes,0,0,1,Fatal
1199,2024-03-06,7,Wed,Snow,Daylight,Urban Road,50,1,Yes,0,0,2,Serious
1200,2024-08-30,6,Fri,Clear,Daylight,Intersection,70,2,No,0,0,2,Serious
1201,2023-08-16,15,Wed,Cloudy,Daylight,Urban Road,50,1,No,0,0,1,Serious
1202,2024-11-29,8,Fri,Rain,Daylight,Urban Road,100,2,No,0,0,1,Serious
1203,2022-08-12,8,Fri,Clear,Daylight,Urban Road,100,2,Yes,0,0,3,Serious
1204,2022-11-14,7,Mon,Clear,Daylight,Highway,80,2,No,0,0,1,Fatal
1205,2022-12-15,21,Thu,Fog,Dark,Rural Road,100,3,No,0,0,0,Serious
1206,2022-04-25,19,Mon,Rain,Dusk/Dawn,Rural Road,40,3,No,0,0,3,Fatal
1207,2023-11-29,8,Wed,Clear,Daylight,Highway,120,5,No,0,0,1,Fatal
1208,2024-11-29,10,Fri,Cloudy,Daylight,Highway,70,1,No,0,0,1,Minor
1209,2022-02-09,8,Wed,Rain,Daylight,Highway,100,4,No,0,0,7,Fatal
1210,2022-08-04,13,Thu,Rain,Daylight,Intersection,70,2,Yes,0,0,4,Fatal
1211,2022-12-02,1,Fri,Clear,Dark,Highway,40,2,Yes,1,0,4,Fatal
1212,2022-04-02,16,Sat,Cloudy,Daylight,Urban Road,70,4,No,0,0,0,Serious
1213,2022-12-19,14,Mon,Clear,Daylight,Highway,30,4,No,0,0,2,Serious
1214,2023-07-25,20,Tue,Rain,Dark,Urban Road,70,3,Yes,0,0,3,Fatal
1215,2024-03-26,7,Tue,Cloudy,Daylight,Rural Road,50,2,No,0,0,1,Minor
1216,2024-02-20,18,Tue,Clear,Daylight,Intersection,40,2,No,0,0,5,Serious
1217,2022-12-29,18,Thu,Rain,Daylight,Highway,120,2,No,0,0,2,Serious
1218,2023-07-11,7,Tue,Clear,Daylight,Rural Road,120,3,No,0,0,0,Serious
1219,2022-12-22,11,Thu,Snow,Daylight,Urban Road,100,2,No,0,0,2,Minor
1220,2022-07-10,7,Sun,Rain,Daylight,Intersection,80,2,No,1,0,0,Fatal
1221,2023-02-26,8,Sun,Cloudy,Daylight,Highway,70,2,Yes,0,0,2,Serious
1222,2023-12-01,8,Fri,Cloudy,Daylight,Highway,70,1,Yes,0,0,0,Serious
1223,2022-01-07,14,Fri,Rain,Daylight,Urban Road,40,4,Yes,0,0,0,Fatal
1224,2022-05-13,12,Fri,Fog,Daylight,Highway,120,1,No,0,0,3,Fatal
1225,2023-07-11,21,Tue,Rain,Dark,Highway,100,2,No,0,0,2,Fatal
1226,2024-04-05,7,Fri,Clear,Daylight,Rural Road,80,3,No,0,0,4,Fatal
1227,2024-01-31,22,Wed,Rain,Dark,Rural Road,120,2,No,0,1,4,Fatal
1228,2024-11-20,8,Wed,Cloudy,Daylight,Urban Road,60,3,No,0,0,1,Serious
1229,2023-06-19,17,Mon,Clear,Daylight,Rural Road,50,3,Yes,0,0,3,Fatal
1230,2023-03-02,10,Thu,Clear,Daylight,Urban Road,120,1,Yes,0,0,2,Serious
1231,2023-11-03,7,Fri,Clear,Daylight,Urban Road,60,2,Yes,0,0,1,Minor
1232,2022-12-29,19,Thu,Clear,Dusk/Dawn,Urban Road,70,2,No,0,0,0,Fatal
1233,2022-03-23,9,Wed,Clear,Daylight,Rural Road,50,2,Yes,0,1,1,Fatal
1234,2022-12-22,16,Thu,Clear,Daylight,Highway,70,2,No,1,0,2,Serious
1235,2023-08-12,15,Sat,Clear,Daylight,Highway,80,2,Yes,0,0,2,Serious
1236,2022-10-22,13,Sat,Rain,Daylight,Urban Road,70,1,Yes,0,0,2,Serious
1237,2024-12-05,13,Thu,Clear,Daylight,Urban Road,60,2,Yes,0,0,1,Fatal
1238,2022-01-17,17,Mon,Rain,Daylight,Rural Road,50,1,No,0,0,1,Serious
1239,2022-12-26,6,Mon,Cloudy,Daylight,Urban Road,70,1,Yes,0,0,2,Fatal
1240,2024-05-15,16,Wed,Cloudy,Daylight,Highway,120,2,No,0,0,3,Serious
1241,2023-12-01,19,Fri,Rain,Dusk/Dawn,Highway,30,2,No,1,0,2,Fatal
1242,2023-03-24,5,Fri,Clear,Dark,Highway,40,1,No,0,0,0,Serious
1243,2024-05-05,7,Sun,Cloudy,Daylight,Rural Road,40,3,No,0,0,3,Minor
1244,2022-12-31,17,Sat,Fog,Daylight,Urban Road,120,2,No,0,0,1,Serious
1245,2023-11-06,12,Mon,Clear,Daylight,Rural Road,70,4,No,0,0,0,Minor
1246,2024-10-04,11,Fri,Clear,Daylight,Urban Road,120,2,Yes,0,0,1,Serious
1247,2023-04-12,7,Wed,Clear,Daylight,Intersection,60,1,No,0,0,0,Minor
1248,2023-02-18,13,Sat,Clear,Daylight,Intersection,60,3,No,0,0,0,Serious
1249,2023-08-09,7,Wed,Clear,Daylight,Rural Road,80,2,Yes,0,0,2,Fatal
1250,2024-09-20,13,Fri,Cloudy,Daylight,Intersection,40,2,No,0,0,1,Minor
1251,2023-07-26,17,Wed,Rain,Daylight,Urban Road,50,2,Yes,0,0,0,Serious
1252,2022-12-01,8,Thu,Fog,Daylight,Intersection,60,1,Yes,0,0,3,Serious
1253,2022-02-06,13,Sun,Cloudy,Daylight,Intersection,50,2,Yes,0,0,0,Serious
1254,2024-09-15,23,Sun,Snow,Dark,Intersection,50,1,No,0,1,4,Fatal
1255,2022-10-05,16,Wed,Cloudy,Daylight,Urban Road,30,2,Yes,0,0,1,Minor
1256,2024-07-04,18,Thu,Cloudy,Daylight,Rural Road,40,4,Yes,0,0,1,Serious
1257,2023-04-29,12,Sat,Clear,Daylight,Urban Road,50,3,No,0,0,3,Serious
1258,2024-01-01,17,Mon,Cloudy,Daylight,Highway,80,1,Yes,0,0,0,Fatal
1259,2022-07-11,3,Mon,Fog,Dark,Urban Road,40,4,No,0,0,0,Fatal
1260,2024-11-06,7,Wed,Clear,Daylight,Intersection,50,2,No,0,1,3,Minor
1261,2023-06-08,8,Thu,Fog,Daylight,Highway,30,1,No,0,0,0,Minor
1262,2024-07-06,11,Sat,Fog,Daylight,Urban Road,60,3,No,0,0,4,Fatal
1263,2023-02-05,18,Sun,Cloudy,Daylight,Urban Road,70,2,No,0,0,2,Serious
1264,2024-06-04,10,Tue,Clear,Daylight,Urban Road,100,2,No,0,0,3,Serious
1265,2023-12-06,16,Wed,Rain,Daylight,Intersection,100,1,Yes,0,0,5,Fatal
1266,2022-01-22,17,Sat,Clear,Daylight,Intersection,50,2,No,0,0,0,Minor
1267,2023-04-19,15,Wed,Clear,Daylight,Urban Road,40,1,Yes,0,0,2,Serious
1268,2022-07-29,10,Fri,Clear,Daylight,Highway,40,3,Yes,0,0,1,Serious
1269,2022-11-02,15,Wed,Rain,Daylight,Urban Road,120,2,No,0,0,2,Fatal
1270,2023-12-05,10,Tue,Cloudy,Daylight,Urban Road,70,2,Yes,0,0,2,Serious
1271,2023-11-18,6,Sat,Clear,Daylight,Urban Road,30,1,No,0,0,2,Minor
1272,2022-10-12,23,Wed,Rain,Dark,Highway,40,3,No,0,0,3,Fatal
1273,2023-12-17,7,Sun,Clear,Daylight,Urban Road,60,2,No,0,0,1,Minor
1274,2024-02-02,6,Fri,Clear,Daylight,Urban Road,40,2,Yes,0,0,1,Serious
1275,2024-08-05,19,Mon,Rain,Dusk/Dawn,Rural Road,100,3,No,0,0,3,Fatal
1276,2023-01-16,9,Mon,Clear,Daylight,Urban Road,60,1,Yes,0,0,1,Fatal
1277,2023-04-05,16,Wed,Rain,Daylight,Urban Road,70,2,Yes,0,0,0,Minor
1278,2024-10-27,10,Sun,Clear,Daylight,Highway,60,2,Yes,0,0,1,Fatal
1279,2022-01-29,11,Sat,Clear,Daylight,Intersection,50,2,Yes,0,0,3,Serious
1280,2024-06-25,8,Tue,Rain,Daylight,Urban Road,60,1,No,0,0,4,Minor
1281,2024-11-22,10,Fri,Rain,Daylight,Highway,80,2,No,0,0,1,Serious
1282,2024-05-28,12,Tue,Clear,Daylight,Urban Road,50,2,No,0,0,2,Serious
1283,2022-03-20,17,Sun,Rain,Daylight,Intersection,60,5,No,0,0,1,Serious
1284,2024-08-04,14,Sun,Cloudy,Daylight,Rural Road,100,2,No,0,0,1,Serious
1285,2023-04-04,21,Tue,Fog,Dark,Rural Road,40,1,No,0,0,4,Serious
1286,2023-07-24,4,Mon,Clear,Dark,Highway,60,3,No,0,0,1,Serious
1287,2024-01-08,13,Mon,Rain,Daylight,Rural Road,50,2,Yes,0,0,3,Minor
1288,2023-05-31,15,Wed,Rain,Daylight,Rural Road,80,2,No,0,0,4,Serious
1289,2023-02-01,20,Wed,Clear,Dark,Urban Road,30,2,Yes,0,0,2,Serious
1290,2022-02-08,4,Tue,Cloudy,Dark,Intersection,70,2,No,0,0,2,Serious
1291,2024-06-05,15,Wed,Cloudy,Daylight,Highway,40,2,Yes,0,0,1,Minor
1292,2024-03-07,19,Thu,Cloudy,Dusk/Dawn,Highway,30,1,No,0,0,1,Serious
1293,2022-06-06,8,Mon,Cloudy,Daylight,Intersection,80,3,Yes,1,0,3,Fatal
1294,2024-06-02,19,Sun,Fog,Dusk/Dawn,Urban Road,70,1,No,0,0,2,Fatal
1295,2024-08-31,1,Sat,Rain,Dark,Highway,100,2,No,0,0,4,Fatal
1296,2024-11-11,17,Mon,Rain,Daylight,Urban Road,60,1,Yes,0,0,0,Fatal
1297,2024-04-28,20,Sun,Cloudy,Dark,Intersection,60,3,Yes,0,0,4,Fatal
1298,2024-01-18,16,Thu,Rain,Daylight,Highway,80,2,Yes,0,0,2,Fatal
1299,2024-09-15,12,Sun,Clear,Daylight,Highway,50,3,No,0,0,3,Serious
1300,2022-01-21,4,Fri,Clear,Dark,Highway,30,2,No,0,0,3,Serious
1301,2022-10-30,20,Sun,Cloudy,Dark,Intersection,40,1,No,0,0,4,Minor
1302,2024-05-18,13,Sat,Clear,Daylight,Intersection,40,2,No,1,1,1,Serious
1303,2022-03-25,2,Fri,Fog,Dark,Urban Road,50,2,No,0,0,7,Fatal
1304,2023-07-24,16,Mon,Cloudy,Daylight,Urban Road,120,2,No,0,0,2,Fatal
1305,2024-07-22,13,Mon,Fog,Daylight,Urban Road,100,1,Yes,0,1,3,Fatal
1306,2024-10-05,7,Sat,Cloudy,Daylight,Highway,120,3,No,0,0,1,Minor
1307,2024-03-03,8,Sun,Fog,Daylight,Intersection,120,3,Yes,1,0,0,Fatal
1308,2024-03-02,5,Sat,Clear,Dark,Highway,50,2,No,0,0,1,Serious
1309,2023-05-07,15,Sun,Cloudy,Daylight,Urban Road,40,3,No,0,0,0,Serious
1310,2022-07-27,15,Wed,Clear,Daylight,Urban Road,60,2,No,0,0,2,Serious
1311,2024-12-19,13,Thu,Clear,Daylight,Highway,100,1,Yes,0,0,2,Minor
1312,2023-03-06,18,Mon,Clear,Daylight,Urban Road,60,2,Yes,0,0,3,Minor
1313,2024-09-11,19,Wed,Clear,Dusk/Dawn,Urban Road,60,2,Yes,0,0,2,Serious
1314,2023-06-04,15,Sun,Clear,Daylight,Rural Road,40,1,No,0,0,1,Minor
1315,2023-08-14,1,Mon,Clear,Dark,Highway,50,2,No,0,0,1,Serious
1316,2024-11-16,17,Sat,Rain,Daylight,Highway,50,4,Yes,1,0,3,Fatal
1317,2022-07-18,12,Mon,Cloudy,Daylight,Urban Road,50,2,No,0,0,1,Minor
1318,2023-01-22,15,Sun,Clear,Daylight,Intersection,100,3,Yes,0,0,2,Fatal
1319,2022-12-15,16,Thu,Clear,Daylight,Highway,30,1,No,0,0,3,Serious
1320,2024-08-17,10,Sat,Rain,Daylight,Intersection,120,1,No,0,0,6,Fatal
1321,2023-11-24,20,Fri,Rain,Dark,Rural Road,30,4,No,0,0,3,Serious
1322,2023-01-13,7,Fri,Cloudy,Daylight,Intersection,120,2,No,0,0,2,Serious
1323,2024-06-17,16,Mon,Clear,Daylight,Highway,60,4,Yes,1,0,2,Fatal
1324,2024-07-04,0,Thu,Cloudy,Dark,Urban Road,80,1,Yes,0,0,2,Minor
1325,2023-06-11,20,Sun,Rain,Dark,Highway,40,4,No,0,0,1,Serious
1326,2024-01-04,7,Thu,Rain,Daylight,Urban Road,70,2,Yes,0,0,0,Fatal
1327,2022-07-25,6,Mon,Clear,Daylight,Intersection,100,1,No,0,0,4,Serious
1328,2023-03-31,10,Fri,Clear,Daylight,Highway,40,2,Yes,0,0,1,Fatal
1329,2023-06-05,11,Mon,Clear,Daylight,Urban Road,40,3,Yes,0,0,0,Serious
1330,2024-10-13,8,Sun,Clear,Daylight,Highway,50,1,No,1,0,1,Fatal
1331,2024-08-13,15,Tue,Rain,Daylight,Rural Road,40,5,Yes,0,0,1,Minor
1332,2023-12-27,12,Wed,Cloudy,Daylight,Highway,40,2,Yes,0,0,0,Minor
1333,2024-10-10,3,Thu,Fog,Dark,Highway,70,2,No,0,0,2,Fatal
1334,2023-05-16,9,Tue,Rain,Daylight,Urban Road,40,1,Yes,0,0,2,Minor
1335,2022-04-27,18,Wed,Rain,Daylight,Rural Road,70,2,No,0,0,4,Fatal
1336,2023-01-21,16,Sat,Clear,Daylight,Highway,100,1,Yes,0,0,0,Minor
1337,2023-08-07,17,Mon,Cloudy,Daylight,Highway,70,2,Yes,0,0,2,Serious
1338,2023-01-30,17,Mon,Rain,Daylight,Highway,40,3,Yes,0,0,1,Fatal
1339,2024-12-23,9,Mon,Clear,Daylight,Intersection,60,2,Yes,0,0,0,Serious
1340,2023-12-22,6,Fri,Clear,Daylight,Urban Road,50,2,Yes,0,0,1,Minor
1341,2022-03-13,9,Sun,Rain,Daylight,Rural Road,50,1,No,0,0,2,Minor
1342,2022-10-01,18,Sat,Rain,Daylight,Rural Road,50,4,No,0,0,4,Fatal
1343,2022-12-04,22,Sun,Clear,Dark,Highway,120,2,No,1,0,3,Fatal
1344,2023-08-30,13,Wed,Cloudy,Daylight,Urban Road,80,2,Yes,0,0,2,Minor
1345,2022-06-15,0,Wed,Fog,Dark,Highway,40,2,Yes,0,0,2,Fatal
1346,2022-01-11,7,Tue,Rain,Daylight,Urban Road,60,3,No,0,0,3,Fatal
1347,2023-12-30,9,Sat,Clear,Daylight,Urban Road,50,5,No,0,0,1,Minor
1348,2024-03-11,15,Mon,Clear,Daylight,Urban Road,120,5,Yes,0,0,3,Fatal
1349,2022-04-12,6,Tue,Cloudy,Daylight,Highway,120,4,Yes,0,0,1,Fatal
1350,2024-02-18,21,Sun,Cloudy,Dark,Highway,50,2,Yes,0,0,1,Serious
1351,2022-08-02,10,Tue,Clear,Daylight,Rural Road,50,1,Yes,0,0,0,Serious
1352,2023-02-05,20,Sun,Clear,Dark,Rural Road,60,2,No,0,0,1,Minor
1353,2023-08-11,18,Fri,Clear,Daylight,Highway,60,1,Yes,0,0,0,Serious
1354,2024-06-07,17,Fri,Clear,Daylight,Highway,40,1,Yes,0,0,0,Minor
1355,2024-12-05,15,Thu,Fog,Daylight,Intersection,70,1,No,0,0,2,Serious
1356,2023-08-15,16,Tue,Cloudy,Daylight,Rural Road,50,1,Yes,0,0,1,Minor
1357,2022-04-02,16,Sat,Clear,Daylight,Intersection,70,2,No,1,0,1,Serious
1358,2023-11-04,16,Sat,Clear,Daylight,Highway,50,2,No,0,0,2,Minor
1359,2023-12-15,14,Fri,Cloudy,Daylight,Urban Road,80,2,Yes,0,0,4,Serious
1360,2024-07-24,22,Wed,Clear,Dark,Highway,70,3,No,1,0,3,Fatal
1361,2022-08-30,17,Tue,Cloudy,Daylight,Urban Road,60,2,No,0,0,1,Serious
1362,2022-01-02,18,Sun,Rain,Daylight,Highway,80,4,Yes,0,0,2,Fatal
1363,2022-08-13,19,Sat,Cloudy,Dusk/Dawn,Highway,60,2,No,0,0,1,Serious
1364,2024-03-11,8,Mon,Clear,Daylight,Highway,40,2,No,0,0,1,Serious
1365,2023-08-12,6,Sat,Clear,Daylight,Rural Road,40,1,No,0,0,2,Minor
1366,2022-04-26,13,Tue,Clear,Daylight,Urban Road,40,2,No,0,0,2,Minor
1367,2024-07-06,14,Sat,Clear,Daylight,Urban Road,30,3,Yes,0,0,3,Serious
1368,2022-07-13,18,Wed,Clear,Daylight,Intersection,80,1,No,0,1,3,Serious
1369,2024-05-20,12,Mon,Cloudy,Daylight,Rural Road,50,3,No,1,0,0,Serious
1370,2022-03-31,15,Thu,Cloudy,Daylight,Urban Road,30,2,Yes,0,0,0,Minor
1371,2022-05-02,14,Mon,Rain,Daylight,Intersection,100,1,No,0,0,4,Fatal
1372,2022-05-23,3,Mon,Clear,Dark,Urban Road,70,2,Yes,1,0,1,Fatal
1373,2024-09-20,15,Fri,Fog,Daylight,Highway,60,2,No,0,0,1,Serious
1374,2022-04-16,18,Sat,Fog,Daylight,Intersection,40,1,No,0,0,2,Serious
1375,2024-06-05,7,Wed,Clear,Daylight,Highway,40,2,No,0,0,0,Serious
1376,2023-03-04,15,Sat,Cloudy,Daylight,Urban Road,60,3,Yes,0,0,2,Serious
1377,2022-11-13,15,Sun,Clear,Daylight,Urban Road,100,2,Yes,0,0,1,Fatal
1378,2023-09-27,7,Wed,Clear,Daylight,Urban Road,40,2,Yes,0,0,5,Fatal
1379,2022-01-09,7,Sun,Clear,Daylight,Urban Road,60,4,No,0,0,2,Serious
1380,2024-02-13,22,Tue,Snow,Dark,Highway,120,1,Yes,0,1,6,Fatal
1381,2022-08-11,11,Thu,Rain,Daylight,Urban Road,70,2,No,0,0,3,Fatal
1382,2023-07-07,8,Fri,Clear,Daylight,Rural Road,50,2,Yes,0,0,0,Serious
1383,2023-12-17,7,Sun,Clear,Daylight,Highway,80,4,Yes,0,0,0,Serious
1384,2022-04-21,16,Thu,Clear,Daylight,Urban Road,100,2,Yes,0,1,2,Fatal
1385,2022-09-08,15,Thu,Clear,Daylight,Highway,60,2,No,0,0,5,Serious
1386,2023-01-18,16,Wed,Clear,Daylight,Intersection,100,5,No,0,0,1,Minor
1387,2022-01-07,6,Fri,Clear,Daylight,Rural Road,60,3,Yes,0,0,0,Minor
1388,2023-04-04,19,Tue,Clear,Dusk/Dawn,Intersection,100,1,Yes,0,0,3,Serious
1389,2022-07-27,11,Wed,Cloudy,Daylight,Highway,120,3,No,0,0,4,Fatal
1390,2024-06-18,9,Tue,Rain,Daylight,Highway,60,3,Yes,0,0,3,Fatal
1391,2022-01-22,13,Sat,Fog,Daylight,Highway,70,1,No,0,0,5,Fatal
1392,2023-02-14,11,Tue,Clear,Daylight,Highway,70,2,No,0,0,1,Fatal
1393,2024-06-13,19,Thu,Clear,Dusk/Dawn,Urban Road,80,3,Yes,0,0,1,Fatal
1394,2023-05-30,20,Tue,Clear,Dark,Intersection,100,1,No,0,0,3,Fatal
1395,2024-03-19,9,Tue,Clear,Daylight,Urban Road,30,1,No,0,0,0,Minor
1396,2024-05-23,19,Thu,Clear,Dusk/Dawn,Intersection,80,3,No,0,0,0,Fatal
1397,2022-01-14,18,Fri,Cloudy,Daylight,Highway,80,4,No,0,0,1,Fatal
1398,2024-08-28,20,Wed,Cloudy,Dark,Intersection,80,1,No,0,0,4,Serious
1399,2024-09-04,8,Wed,Clear,Daylight,Highway,80,2,Yes,0,0,1,Fatal
1400,2024-10-10,15,Thu,Clear,Daylight,Intersection,30,2,Yes,0,0,2,Minor
1401,2024-11-01,9,Fri,Cloudy,Daylight,Highway,50,2,Yes,0,0,3,Serious
1402,2022-03-28,18,Mon,Clear,Daylight,Intersection,100,5,No,0,0,6,Fatal
1403,2024-06-27,0,Thu,Rain,Dark,Highway,120,2,Yes,0,0,3,Fatal
1404,2022-05-02,15,Mon,Cloudy,Daylight,Urban Road,40,2,Yes,0,0,2,Serious
1405,2024-01-20,10,Sat,Cloudy,Daylight,Urban Road,60,5,No,1,0,6,Fatal
1406,2023-11-16,9,Thu,Clear,Daylight,Urban Road,100,1,No,0,0,3,Minor
1407,2022-11-05,16,Sat,Clear,Daylight,Rural Road,80,1,Yes,1,0,4,Fatal
1408,2023-11-26,19,Sun,Clear,Dusk/Dawn,Intersection,70,2,Yes,0,0,1,Fatal
1409,2022-10-15,15,Sat,Cloudy,Daylight,Urban Road,30,2,No,0,1,0,Minor
1410,2022-11-03,19,Thu,Cloudy,Dusk/Dawn,Rural Road,80,1,No,0,0,1,Fatal
1411,2024-07-02,8,Tue,Rain,Daylight,Highway,80,2,No,0,0,2,Serious
1412,2023-10-24,14,Tue,Snow,Daylight,Urban Road,80,2,Yes,0,0,1,Fatal
1413,2023-07-03,12,Mon,Fog,Daylight,Urban Road,80,4,No,0,0,2,Serious
1414,2022-11-08,1,Tue,Rain,Dark,Intersection,50,1,No,0,0,0,Serious
1415,2024-05-22,14,Wed,Cloudy,Daylight,Urban Road,120,2,Yes,0,0,2,Fatal
1416,2024-12-18,16,Wed,Fog,Daylight,Rural Road,80,2,Yes,0,0,0,Fatal
1417,2024-07-12,15,Fri,Rain,Daylight,Highway,60,2,No,0,0,1,Fatal
1418,2024-01-25,17,Thu,Clear,Daylight,Highway,120,2,No,0,0,3,Fatal
1419,2022-02-04,15,Fri,Fog,Daylight,Urban Road,120,4,Yes,0,0,1,Serious
1420,2023-03-21,5,Tue,Clear,Dark,Urban Road,100,1,Yes,0,0,3,Fatal
1421,2022-04-03,7,Sun,Clear,Daylight,Highway,60,2,No,0,0,1,Minor
1422,2022-12-19,15,Mon,Cloudy,Daylight,Highway,60,1,No,0,0,2,Serious
1423,2024-06-21,9,Fri,Fog,Daylight,Intersection,50,2,No,0,0,4,Serious
1424,2024-05-11,6,Sat,Cloudy,Daylight,Highway,50,3,No,0,0,1,Minor
1425,2022-06-08,12,Wed,Clear,Daylight,Intersection,60,4,Yes,0,0,3,Minor
1426,2024-08-14,14,Wed,Rain,Daylight,Highway,60,2,No,0,0,1,Serious
1427,2022-01-24,10,Mon,Clear,Daylight,Highway,40,3,Yes,0,0,2,Fatal
1428,2023-02-08,17,Wed,Cloudy,Daylight,Urban Road,120,2,Yes,0,0,2,Fatal
1429,2024-03-15,16,Fri,Clear,Daylight,Urban Road,60,1,Yes,0,0,5,Serious
1430,2023-05-31,10,Wed,Rain,Daylight,Urban Road,60,3,Yes,0,0,1,Fatal
1431,2024-01-02,17,Tue,Snow,Daylight,Urban Road,50,1,No,0,0,2,Fatal
1432,2023-06-16,16,Fri,Clear,Daylight,Highway,30,1,No,0,0,0,Minor
1433,2024-08-13,16,Tue,Cloudy,Daylight,Rural Road,100,2,Yes,0,0,3,Serious
1434,2022-06-01,14,Wed,Cloudy,Daylight,Urban Road,50,2,No,0,0,2,Serious
1435,2024-08-04,1,Sun,Clear,Dark,Urban Road,70,1,No,0,1,4,Serious
1436,2023-08-31,17,Thu,Clear,Daylight,Intersection,70,3,No,0,0,1,Fatal
1437,2023-02-24,11,Fri,Clear,Daylight,Rural Road,60,2,No,0,0,2,Minor
1438,2024-05-15,21,Wed,Clear,Dark,Urban Road,60,2,Yes,0,0,0,Serious
1439,2023-08-01,18,Tue,Cloudy,Daylight,Intersection,40,2,No,0,0,7,Serious
1440,2022-12-01,15,Thu,Cloudy,Daylight,Intersection,50,2,Yes,0,0,2,Minor
1441,2024-07-20,8,Sat,Clear,Daylight,Urban Road,60,3,Yes,0,0,5,Serious
1442,2022-10-22,8,Sat,Clear,Daylight,Highway,80,4,Yes,0,1,5,Fatal
1443,2024-01-25,10,Thu,Rain,Daylight,Intersection,50,5,Yes,0,0,4,Fatal
1444,2022-07-05,13,Tue,Clear,Daylight,Highway,40,2,No,0,0,2,Serious
1445,2023-09-29,9,Fri,Clear,Daylight,Highway,30,5,No,0,0,2,Serious
1446,2023-06-14,14,Wed,Clear,Daylight,Urban Road,70,2,No,0,0,1,Serious
1447,2022-01-21,7,Fri,Rain,Daylight,Rural Road,50,1,No,0,0,3,Serious
1448,2024-06-29,22,Sat,Rain,Dark,Intersection,40,3,Yes,0,0,3,Fatal
1449,2024-05-16,6,Thu,Fog,Daylight,Urban Road,70,1,Yes,0,0,2,Fatal
1450,2024-03-04,20,Mon,Clear,Dark,Intersection,40,1,No,0,0,4,Serious
1451,2022-04-10,20,Sun,Cloudy,Dark,Highway,60,4,No,0,0,6,Serious
1452,2024-01-22,14,Mon,Rain,Daylight,Highway,50,3,No,0,0,5,Fatal
1453,2023-04-23,17,Sun,Cloudy,Daylight,Urban Road,120,1,Yes,0,0,1,Serious
1454,2024-07-28,12,Sun,Clear,Daylight,Intersection,40,3,No,0,0,1,Serious
1455,2023-06-10,16,Sat,Cloudy,Daylight,Urban Road,50,3,No,0,0,0,Serious
1456,2022-11-30,10,Wed,Cloudy,Daylight,Highway,120,4,Yes,0,0,4,Fatal
1457,2022-01-02,9,Sun,Clear,Daylight,Highway,50,2,No,0,0,2,Minor
1458,2023-01-10,15,Tue,Clear,Daylight,Highway,70,3,Yes,0,0,2,Minor
1459,2022-10-20,13,Thu,Cloudy,Daylight,Urban Road,50,3,No,0,1,3,Serious
1460,2024-04-16,15,Tue,Fog,Daylight,Highway,40,2,No,0,0,2,Fatal
1461,2024-10-01,9,Tue,Cloudy,Daylight,Intersection,70,2,No,0,0,2,Serious
1462,2023-07-07,10,Fri,Snow,Daylight,Urban Road,120,2,No,0,0,0,Fatal
1463,2022-11-14,6,Mon,Rain,Daylight,Rural Road,60,2,No,0,1,2,Fatal
1464,2023-01-16,5,Mon,Clear,Dark,Highway,70,5,Yes,0,0,3,Serious
1465,2022-01-14,8,Fri,Clear,Daylight,Highway,70,2,Yes,0,0,2,Minor
1466,2023-05-19,6,Fri,Cloudy,Daylight,Urban Road,50,1,Yes,0,0,1,Serious
1467,2022-08-19,6,Fri,Clear,Daylight,Intersection,70,3,No,0,0,1,Serious
1468,2022-05-10,18,Tue,Clear,Daylight,Urban Road,50,1,No,0,0,3,Serious
1469,2024-04-17,3,Wed,Fog,Dark,Intersection,50,2,No,0,0,1,Fatal
1470,2024-06-09,16,Sun,Fog,Daylight,Intersection,50,1,No,0,0,1,Fatal
1471,2022-01-28,9,Fri,Clear,Daylight,Highway,100,2,No,0,0,3,Serious
1472,2022-03-07,19,Mon,Clear,Dusk/Dawn,Highway,50,4,No,0,0,2,Serious
1473,2022-09-18,13,Sun,Clear,Daylight,Rural Road,70,3,No,0,0,2,Serious
1474,2023-04-05,9,Wed,Clear,Daylight,Urban Road,40,1,No,0,0,1,Serious
1475,2022-10-28,14,Fri,Snow,Daylight,Highway,50,5,Yes,0,0,1,Fatal
1476,2024-07-07,11,Sun,Clear,Daylight,Urban Road,70,2,Yes,0,0,3,Fatal
1477,2022-10-14,15,Fri,Cloudy,Daylight,Urban Road,80,2,Yes,0,0,0,Serious
1478,2024-10-30,7,Wed,Cloudy,Daylight,Intersection,60,2,No,0,0,3,Minor
1479,2023-09-22,23,Fri,Rain,Dark,Highway,50,5,No,0,0,4,Fatal
1480,2022-09-27,12,Tue,Clear,Daylight,Highway,120,1,Yes,0,0,1,Fatal
1481,2023-08-15,10,Tue,Rain,Daylight,Urban Road,40,2,No,0,0,1,Serious
1482,2024-04-23,17,Tue,Clear,Daylight,Rural Road,80,2,No,0,0,3,Serious
1483,2024-05-11,10,Sat,Clear,Daylight,Urban Road,70,1,No,0,0,1,Minor
1484,2022-05-13,18,Fri,Cloudy,Daylight,Intersection,70,4,No,0,0,4,Fatal
1485,2024-08-29,12,Thu,Clear,Daylight,Rural Road,120,2,No,0,0,4,Serious
1486,2023-05-28,17,Sun,Cloudy,Daylight,Urban Road,80,3,No,0,0,2,Serious
1487,2022-11-09,6,Wed,Clear,Daylight,Highway,50,1,Yes,0,0,1,Serious
1488,2023-07-30,18,Sun,Clear,Daylight,Urban Road,50,3,Yes,0,0,3,Serious
1489,2024-06-04,17,Tue,Cloudy,Daylight,Rural Road,50,3,No,0,0,1,Minor
1490,2023-11-18,8,Sat,Rain,Daylight,Intersection,30,2,Yes,0,0,4,Serious
1491,2022-06-14,7,Tue,Rain,Daylight,Intersection,120,2,No,0,0,3,Fatal
1492,2022-11-01,9,Tue,Rain,Daylight,Urban Road,30,5,No,0,0,1,Minor
1493,2022-06-05,22,Sun,Clear,Dark,Urban Road,70,3,No,0,0,3,Serious
1494,2023-09-12,8,Tue,Fog,Daylight,Highway,80,2,No,1,0,1,Fatal
1495,2024-08-14,12,Wed,Clear,Daylight,Highway,100,2,No,0,0,0,Minor
1496,2022-11-30,2,Wed,Rain,Dark,Highway,60,3,Yes,0,0,5,Fatal
1497,2024-08-26,11,Mon,Rain,Daylight,Highway,80,1,No,1,0,4,Fatal
1498,2023-05-26,15,Fri,Cloudy,Daylight,Urban Road,50,2,No,0,0,1,Minor
1499,2024-11-09,21,Sat,Rain,Dark,Urban Road,80,5,Yes,0,0,3,Fatal
1500,2022-10-09,14,Sun,Clear,Daylight,Urban Road,50,4,Yes,0,0,3,Fatal
1501,2024-03-07,18,Thu,Rain,Daylight,Urban Road,120,3,No,0,0,0,Fatal
1502,2024-10-21,14,Mon,Clear,Daylight,Urban Road,40,1,No,0,0,2,Serious
1503,2022-04-29,3,Fri,Clear,Dark,Urban Road,50,5,Yes,0,0,0,Fatal
1504,2024-11-24,9,Sun,Clear,Daylight,Highway,60,2,No,0,0,2,Minor
1505,2022-07-17,15,Sun,Rain,Daylight,Intersection,80,1,No,0,0,4,Serious
1506,2023-04-30,21,Sun,Clear,Dark,Highway,80,2,No,0,0,1,Fatal
1507,2024-12-18,19,Wed,Clear,Dusk/Dawn,Intersection,40,3,No,0,0,2,Fatal
1508,2024-04-16,8,Tue,Cloudy,Daylight,Urban Road,40,1,No,0,0,3,Fatal
1509,2024-10-05,8,Sat,Fog,Daylight,Urban Road,50,4,No,0,0,3,Fatal
1510,2023-11-22,8,Wed,Clear,Daylight,Highway,60,4,No,0,0,1,Serious
1511,2024-11-01,20,Fri,Clear,Dark,Highway,60,1,No,0,0,1,Serious
1512,2023-05-05,19,Fri,Rain,Dusk/Dawn,Urban Road,50,4,No,0,0,2,Fatal
1513,2022-10-03,17,Mon,Cloudy,Daylight,Rural Road,70,4,No,0,0,0,Fatal
1514,2023-11-24,11,Fri,Clear,Daylight,Highway,50,1,No,0,0,2,Minor
1515,2022-08-30,13,Tue,Cloudy,Daylight,Urban Road,120,2,No,0,0,0,Minor
1516,2022-05-06,13,Fri,Rain,Daylight,Highway,50,2,Yes,0,0,2,Serious
1517,2022-08-05,8,Fri,Rain,Daylight,Urban Road,70,2,No,0,0,5,Serious
1518,2024-11-28,13,Thu,Cloudy,Daylight,Intersection,70,3,No,0,0,0,Minor
1519,2023-05-10,2,Wed,Fog,Dark,Intersection,50,2,No,0,0,1,Fatal
1520,2023-03-03,7,Fri,Cloudy,Daylight,Urban Road,50,4,No,0,0,1,Fatal
1521,2024-07-07,19,Sun,Clear,Dusk/Dawn,Highway,50,5,Yes,0,0,1,Serious
1522,2022-05-31,17,Tue,Rain,Daylight,Highway,40,2,No,0,0,0,Minor
1523,2023-01-19,12,Thu,Rain,Daylight,Intersection,60,2,Yes,0,0,1,Serious
1524,2022-11-04,14,Fri,Clear,Daylight,Highway,50,2,Yes,0,0,3,Minor
1525,2024-01-16,11,Tue,Rain,Daylight,Intersection,40,2,Yes,0,0,1,Minor
1526,2024-06-10,17,Mon,Clear,Daylight,Urban Road,50,2,Yes,0,0,0,Serious
1527,2023-01-10,18,Tue,Clear,Daylight,Intersection,50,1,Yes,0,0,2,Serious
1528,2024-10-28,17,Mon,Clear,Daylight,Urban Road,40,1,No,0,0,1,Minor
1529,2022-05-09,17,Mon,Fog,Daylight,Urban Road,40,1,No,0,0,1,Serious
1530,2024-10-11,8,Fri,Cloudy,Daylight,Urban Road,70,4,Yes,0,0,2,Minor
1531,2023-10-31,10,Tue,Clear,Daylight,Intersection,80,2,No,0,0,0,Serious
1532,2023-06-01,13,Thu,Rain,Daylight,Intersection,120,1,No,0,0,3,Serious
1533,2022-03-27,10,Sun,Clear,Daylight,Rural Road,30,2,Yes,0,0,1,Minor
1534,2022-11-07,17,Mon,Cloudy,Daylight,Rural Road,40,1,Yes,0,0,1,Minor
1535,2023-03-03,10,Fri,Rain,Daylight,Urban Road,30,1,Yes,0,0,2,Serious
1536,2022-04-24,7,Sun,Snow,Daylight,Rural Road,60,2,No,0,0,2,Minor
1537,2022-10-30,11,Sun,Snow,Daylight,Intersection,70,2,No,1,0,5,Fatal
1538,2024-01-14,22,Sun,Clear,Dark,Urban Road,50,1,No,1,0,1,Fatal
1539,2023-08-11,8,Fri,Rain,Daylight,Urban Road,80,2,No,0,0,1,Serious
1540,2024-09-13,15,Fri,Cloudy,Daylight,Urban Road,70,2,No,0,0,0,Minor
1541,2022-12-11,12,Sun,Clear,Daylight,Urban Road,120,2,Yes,0,0,1,Serious
1542,2024-03-24,5,Sun,Fog,Dark,Intersection,40,3,No,0,0,5,Fatal
1543,2024-03-11,13,Mon,Cloudy,Daylight,Urban Road,30,2,Yes,0,0,0,Minor
1544,2024-10-21,17,Mon,Clear,Daylight,Highway,50,2,No,0,0,3,Serious
1545,2024-12-12,14,Thu,Cloudy,Daylight,Urban Road,30,3,No,0,0,1,Serious
1546,2024-12-28,19,Sat,Cloudy,Dusk/Dawn,Highway,120,4,No,0,0,1,Fatal
1547,2022-12-27,9,Tue,Fog,Daylight,Urban Road,50,4,No,0,0,0,Fatal
1548,2024-10-06,6,Sun,Clear,Daylight,Intersection,60,2,No,0,0,1,Serious
1549,2023-12-05,20,Tue,Clear,Dark,Urban Road,50,2,Yes,0,0,4,Serious
1550,2023-07-29,11,Sat,Clear,Daylight,Intersection,40,2,Yes,0,0,1,Minor
1551,2023-11-19,15,Sun,Cloudy,Daylight,Highway,40,3,No,0,0,6,Fatal
1552,2024-02-20,18,Tue,Cloudy,Daylight,Intersection,50,3,No,0,0,1,Fatal
1553,2023-08-08,9,Tue,Rain,Daylight,Urban Road,70,2,No,0,0,2,Minor
1554,2023-08-12,17,Sat,Clear,Daylight,Highway,120,1,No,0,0,7,Serious
1555,2023-05-04,7,Thu,Clear,Daylight,Urban Road,60,2,No,0,0,1,Minor
1556,2024-08-28,9,Wed,Snow,Daylight,Intersection,60,2,No,0,0,1,Serious
1557,2023-05-09,7,Tue,Fog,Daylight,Highway,30,4,Yes,0,0,5,Fatal
1558,2022-01-19,18,Wed,Cloudy,Daylight,Urban Road,100,2,No,0,0,2,Minor
1559,2023-02-01,8,Wed,Fog,Daylight,Intersection,30,1,No,0,0,0,Serious
1560,2024-09-27,17,Fri,Cloudy,Daylight,Highway,120,4,No,0,0,4,Fatal
1561,2024-04-30,21,Tue,Fog,Dark,Urban Road,60,1,No,0,0,1,Serious
1562,2024-04-01,14,Mon,Rain,Daylight,Urban Road,40,2,No,0,0,2,Fatal
1563,2023-03-31,14,Fri,Clear,Daylight,Urban Road,60,2,No,0,0,3,Serious
1564,2023-12-26,13,Tue,Cloudy,Daylight,Urban Road,120,2,No,0,0,2,Serious
1565,2024-12-24,9,Tue,Rain,Daylight,Highway,50,2,No,0,0,1,Fatal
1566,2023-12-12,13,Tue,Clear,Daylight,Rural Road,50,2,No,0,0,0,Minor
1567,2022-05-23,15,Mon,Clear,Daylight,Highway,40,1,No,0,0,1,Minor
1568,2024-07-05,22,Fri,Clear,Dark,Urban Road,60,2,Yes,0,1,1,Fatal
1569,2024-04-07,20,Sun,Rain,Dark,Urban Road,30,2,No,1,0,5,Fatal
1570,2023-08-28,19,Mon,Clear,Dusk/Dawn,Urban Road,80,3,Yes,0,1,4,Fatal
1571,2022-11-01,19,Tue,Clear,Dusk/Dawn,Urban Road,120,2,No,0,0,1,Serious
1572,2024-01-06,13,Sat,Rain,Daylight,Intersection,120,2,No,0,0,2,Serious
1573,2022-10-18,16,Tue,Clear,Daylight,Intersection,40,2,Yes,0,0,1,Serious
1574,2022-04-12,19,Tue,Cloudy,Dusk/Dawn,Intersection,60,1,No,0,0,1,Serious
1575,2024-05-16,11,Thu,Clear,Daylight,Urban Road,30,1,Yes,0,0,2,Minor
1576,2024-08-25,21,Sun,Rain,Dark,Intersection,60,3,Yes,1,0,0,Fatal
1577,2024-08-31,12,Sat,Clear,Daylight,Intersection,100,2,Yes,0,0,0,Serious
1578,2024-04-21,15,Sun,Clear,Daylight,Urban Road,60,2,No,0,0,1,Serious
1579,2024-08-19,17,Mon,Clear,Daylight,Highway,100,1,Yes,0,0,3,Serious
1580,2024-07-30,21,Tue,Cloudy,Dark,Highway,100,3,Yes,0,0,2,Fatal
1581,2024-10-23,8,Wed,Snow,Daylight,Urban Road,50,5,Yes,0,0,3,Fatal
1582,2022-03-26,17,Sat,Clear,Daylight,Intersection,70,2,Yes,0,0,0,Minor
1583,2022-11-24,14,Thu,Rain,Daylight,Urban Road,30,2,Yes,0,0,2,Minor
1584,2024-03-26,9,Tue,Clear,Daylight,Rural Road,50,2,No,0,0,1,Serious
1585,2023-03-30,18,Thu,Cloudy,Daylight,Highway,40,4,No,0,0,0,Minor
1586,2023-09-21,14,Thu,Cloudy,Daylight,Highway,120,1,No,0,0,3,Serious
1587,2023-10-27,16,Fri,Rain,Daylight,Urban Road,50,2,Yes,0,0,2,Serious
1588,2022-01-12,9,Wed,Fog,Daylight,Intersection,70,2,No,0,0,0,Serious
1589,2022-10-31,13,Mon,Cloudy,Daylight,Urban Road,80,2,Yes,0,0,1,Minor
1590,2024-09-01,15,Sun,Fog,Daylight,Intersection,80,1,Yes,0,0,4,Fatal
1591,2024-02-22,11,Thu,Fog,Daylight,Highway,80,1,Yes,0,0,2,Fatal
1592,2022-02-12,8,Sat,Cloudy,Daylight,Urban Road,50,3,Yes,0,0,5,Fatal
1593,2024-08-01,21,Thu,Rain,Dark,Urban Road,70,1,No,0,0,3,Fatal
1594,2022-12-09,14,Fri,Rain,Daylight,Intersection,60,2,No,0,0,4,Fatal
1595,2023-05-13,17,Sat,Cloudy,Daylight,Highway,60,2,No,0,0,3,Fatal
1596,2022-12-30,12,Fri,Rain,Daylight,Highway,30,2,No,0,0,4,Fatal
1597,2024-06-09,10,Sun,Fog,Daylight,Highway,50,2,No,0,0,1,Fatal
1598,2023-03-03,11,Fri,Clear,Daylight,Intersection,120,4,No,0,0,1,Fatal
1599,2024-10-01,12,Tue,Clear,Daylight,Highway,50,2,No,1,0,3,Serious
1600,2022-01-21,14,Fri,Clear,Daylight,Highway,50,3,No,0,1,4,Fatal
1601,2023-02-11,14,Sat,Rain,Daylight,Urban Road,40,2,No,0,0,2,Serious
1602,2023-09-11,13,Mon,Clear,Daylight,Urban Road,40,2,Yes,0,0,2,Minor
1603,2024-10-11,7,Fri,Cloudy,Daylight,Intersection,40,2,No,0,0,2,Minor
1604,2022-12-02,13,Fri,Rain,Daylight,Intersection,60,4,No,0,1,3,Fatal
1605,2023-02-03,7,Fri,Snow,Daylight,Urban Road,120,2,No,0,0,3,Serious
1606,2024-03-03,7,Sun,Clear,Daylight,Intersection,50,2,No,0,0,4,Minor
1607,2023-12-16,20,Sat,Cloudy,Dark,Rural Road,50,2,No,0,0,1,Minor
1608,2022-02-20,15,Sun,Rain,Daylight,Highway,60,2,No,0,0,2,Minor
1609,2022-11-20,16,Sun,Fog,Daylight,Intersection,50,1,No,0,0,2,Fatal
1610,2024-02-28,11,Wed,Clear,Daylight,Rural Road,120,1,Yes,0,0,2,Fatal
1611,2022-05-21,20,Sat,Rain,Dark,Urban Road,50,3,Yes,1,0,2,Fatal
1612,2023-04-15,16,Sat,Rain,Daylight,Rural Road,60,2,Yes,0,0,0,Serious
1613,2024-02-26,17,Mon,Rain,Daylight,Urban Road,60,2,No,0,0,4,Serious
1614,2024-08-21,11,Wed,Cloudy,Daylight,Highway,80,4,Yes,0,0,4,Serious
1615,2024-10-04,21,Fri,Cloudy,Dark,Rural Road,60,2,No,0,0,1,Serious
1616,2023-01-08,18,Sun,Cloudy,Daylight,Intersection,40,1,No,0,0,2,Minor
1617,2023-05-09,19,Tue,Rain,Dusk/Dawn,Rural Road,40,3,No,0,0,0,Serious
1618,2024-01-21,7,Sun,Cloudy,Daylight,Highway,120,2,Yes,0,0,1,Fatal
1619,2022-10-18,9,Tue,Cloudy,Daylight,Intersection,100,2,Yes,0,0,4,Fatal
1620,2022-04-16,9,Sat,Clear,Daylight,Highway,30,2,Yes,0,0,3,Serious
1621,2023-11-01,9,Wed,Clear,Daylight,Urban Road,100,1,No,0,0,4,Serious
1622,2022-01-02,19,Sun,Clear,Dusk/Dawn,Highway,60,1,Yes,0,0,7,Serious
1623,2023-08-12,3,Sat,Clear,Dark,Highway,60,1,No,0,1,1,Fatal
1624,2023-10-06,6,Fri,Clear,Daylight,Urban Road,30,1,Yes,0,0,0,Minor
1625,2022-03-31,9,Thu,Clear,Daylight,Urban Road,80,2,No,0,0,2,Fatal
1626,2022-12-16,8,Fri,Fog,Daylight,Intersection,40,5,No,0,1,1,Fatal
1627,2024-11-28,8,Thu,Clear,Daylight,Intersection,80,2,No,0,0,0,Minor
1628,2024-06-27,18,Thu,Clear,Daylight,Intersection,30,3,Yes,0,0,3,Serious
1629,2022-06-08,15,Wed,Snow,Daylight,Urban Road,80,2,No,0,0,5,Fatal
1630,2024-08-16,0,Fri,Cloudy,Dark,Rural Road,30,2,Yes,0,0,0,Fatal
1631,2022-11-08,12,Tue,Cloudy,Daylight,Intersection,40,1,Yes,0,0,2,Serious
1632,2023-03-21,11,Tue,Rain,Daylight,Urban Road,50,2,Yes,0,0,5,Fatal
1633,2022-10-25,7,Tue,Clear,Daylight,Rural Road,40,2,Yes,0,0,0,Serious
1634,2024-08-09,16,Fri,Clear,Daylight,Urban Road,60,4,No,0,0,1,Serious
1635,2022-02-05,17,Sat,Clear,Daylight,Urban Road,50,1,No,0,0,1,Minor
1636,2023-07-13,17,Thu,Clear,Daylight,Urban Road,120,2,No,0,0,1,Fatal
1637,2024-06-09,17,Sun,Clear,Daylight,Rural Road,60,1,Yes,0,0,0,Minor
1638,2022-05-21,0,Sat,Cloudy,Dark,Rural Road,60,2,No,1,0,2,Fatal
1639,2024-06-05,21,Wed,Clear,Dark,Urban Road,40,2,Yes,0,0,1,Serious
1640,2023-12-27,18,Wed,Clear,Daylight,Urban Road,50,3,Yes,0,0,1,Serious
1641,2024-11-15,20,Fri,Clear,Dark,Intersection,40,1,Yes,0,0,2,Serious
1642,2023-06-05,1,Mon,Fog,Dark,Intersection,80,1,No,0,0,3,Serious
1643,2022-01-10,20,Mon,Clear,Dark,Highway,50,2,No,0,0,1,Minor
1644,2024-09-10,18,Tue,Clear,Daylight,Highway,80,5,Yes,0,0,2,Fatal
1645,2023-01-13,18,Fri,Clear,Daylight,Rural Road,50,2,No,0,0,2,Minor
1646,2023-11-13,6,Mon,Clear,Daylight,Urban Road,120,2,Yes,0,0,2,Serious
1647,2023-08-07,17,Mon,Clear,Daylight,Highway,40,2,No,0,0,2,Serious
1648,2022-06-01,21,Wed,Rain,Dark,Urban Road,30,1,Yes,0,0,2,Serious
1649,2023-12-21,16,Thu,Clear,Daylight,Intersection,60,3,No,1,0,2,Serious
1650,2024-12-08,15,Sun,Snow,Daylight,Rural Road,120,2,No,0,0,5,Fatal
1651,2024-05-08,21,Wed,Rain,Dark,Urban Road,70,3,No,0,0,0,Fatal
1652,2022-02-19,12,Sat,Fog,Daylight,Urban Road,30,2,Yes,0,0,2,Fatal
1653,2023-10-26,15,Thu,Clear,Daylight,Urban Road,60,2,No,0,0,1,Fatal
1654,2023-06-15,13,Thu,Clear,Daylight,Highway,120,1,No,0,0,1,Minor
1655,2024-12-19,20,Thu,Clear,Dark,Urban Road,30,4,No,0,0,0,Serious
1656,2024-05-06,6,Mon,Rain,Daylight,Highway,40,1,Yes,0,0,4,Serious
1657,2022-05-26,13,Thu,Rain,Daylight,Urban Road,100,2,Yes,0,0,2,Fatal
1658,2024-07-03,16,Wed,Clear,Daylight,Urban Road,100,3,Yes,0,0,2,Fatal
1659,2024-09-19,18,Thu,Fog,Daylight,Rural Road,80,2,Yes,0,0,6,Fatal
1660,2022-08-30,15,Tue,Cloudy,Daylight,Urban Road,120,2,Yes,0,0,2,Minor
1661,2023-08-04,20,Fri,Snow,Dark,Urban Road,30,5,Yes,0,1,2,Fatal
1662,2023-11-18,21,Sat,Clear,Dark,Highway,60,2,No,0,0,6,Fatal
1663,2023-04-28,5,Fri,Rain,Dark,Highway,70,4,No,0,0,4,Fatal
1664,2023-11-04,11,Sat,Clear,Daylight,Urban Road,80,1,No,0,0,0,Minor
1665,2023-09-23,2,Sat,Fog,Dark,Highway,80,2,No,0,1,2,Fatal
1666,2023-10-23,10,Mon,Clear,Daylight,Highway,120,1,No,0,0,5,Fatal
1667,2023-10-24,14,Tue,Clear,Daylight,Urban Road,50,1,No,0,0,1,Minor
1668,2024-03-15,20,Fri,Cloudy,Dark,Rural Road,30,2,No,0,0,1,Minor
1669,2023-02-23,18,Thu,Rain,Daylight,Urban Road,50,1,No,0,0,2,Minor
1670,2024-09-14,7,Sat,Clear,Daylight,Urban Road,70,5,No,0,0,3,Minor
1671,2023-10-12,6,Thu,Clear,Daylight,Intersection,40,3,No,0,0,3,Minor
1672,2024-08-26,15,Mon,Rain,Daylight,Intersection,100,1,Yes,0,0,1,Serious
1673,2023-08-13,14,Sun,Cloudy,Daylight,Urban Road,40,1,No,0,0,0,Minor
1674,2023-05-24,9,Wed,Rain,Daylight,Intersection,30,2,Yes,0,0,0,Minor
1675,2023-03-17,20,Fri,Cloudy,Dark,Urban Road,60,2,No,0,0,4,Fatal
1676,2024-07-09,20,Tue,Clear,Dark,Intersection,80,3,No,0,0,1,Fatal
1677,2024-02-09,11,Fri,Rain,Daylight,Urban Road,50,2,No,0,0,1,Minor
1678,2022-09-20,19,Tue,Snow,Dusk/Dawn,Rural Road,80,2,No,0,0,1,Serious
1679,2023-09-29,11,Fri,Rain,Daylight,Rural Road,50,2,No,0,0,2,Minor
1680,2023-04-04,17,Tue,Clear,Daylight,Urban Road,40,2,No,0,0,0,Minor
1681,2024-09-25,13,Wed,Rain,Daylight,Rural Road,30,1,No,0,0,1,Serious
1682,2023-12-01,7,Fri,Rain,Daylight,Highway,80,2,No,0,0,2,Serious
1683,2022-10-29,20,Sat,Fog,Dark,Highway,50,1,No,0,0,2,Fatal
1684,2023-07-08,12,Sat,Snow,Daylight,Urban Road,120,2,No,0,0,1,Fatal
1685,2022-10-15,17,Sat,Snow,Daylight,Intersection,60,2,No,0,0,1,Minor
1686,2023-09-13,10,Wed,Rain,Daylight,Urban Road,50,3,Yes,0,0,3,Serious
1687,2024-10-02,1,Wed,Clear,Dark,Urban Road,50,1,Yes,0,0,3,Serious
1688,2022-02-05,6,Sat,Clear,Daylight,Urban Road,40,2,No,0,0,2,Minor
1689,2024-01-14,13,Sun,Snow,Daylight,Highway,60,1,No,0,0,4,Fatal
1690,2022-12-19,16,Mon,Cloudy,Daylight,Urban Road,60,2,No,0,0,1,Minor
1691,2022-03-14,10,Mon,Clear,Daylight,Rural Road,80,3,No,0,0,4,Fatal
1692,2023-10-10,17,Tue,Rain,Daylight,Intersection,40,3,Yes,0,0,0,Minor
1693,2024-12-29,17,Sun,Clear,Daylight,Highway,50,4,No,0,0,2,Fatal
1694,2023-03-01,17,Wed,Clear,Daylight,Urban Road,30,5,Yes,0,0,2,Minor
1695,2024-09-25,13,Wed,Rain,Daylight,Highway,50,3,No,0,0,3,Fatal
1696,2023-12-09,20,Sat,Rain,Dark,Highway,50,2,No,0,0,4,Fatal
1697,2023-07-15,13,Sat,Clear,Daylight,Urban Road,120,1,No,0,0,0,Fatal
1698,2024-04-07,12,Sun,Snow,Daylight,Urban Road,70,2,No,0,0,2,Serious
1699,2024-08-13,8,Tue,Cloudy,Daylight,Highway,80,5,Yes,0,0,1,Serious
1700,2023-06-01,9,Thu,Cloudy,Daylight,Highway,50,2,No,0,0,2,Minor
1701,2023-03-04,4,Sat,Clear,Dark,Rural Road,40,1,Yes,0,0,2,Serious
1702,2022-06-09,16,Thu,Rain,Daylight,Intersection,50,4,No,0,0,0,Fatal
1703,2022-05-29,8,Sun,Clear,Daylight,Urban Road,50,2,Yes,0,0,2,Serious
1704,2024-02-15,9,Thu,Clear,Daylight,Rural Road,60,2,No,0,0,4,Minor
1705,2022-03-08,17,Tue,Rain,Daylight,Highway,50,3,Yes,0,0,2,Fatal
1706,2024-10-10,10,Thu,Snow,Daylight,Intersection,100,3,No,1,0,3,Fatal
1707,2023-01-16,8,Mon,Clear,Daylight,Rural Road,120,3,No,0,0,1,Serious
1708,2022-02-27,7,Sun,Cloudy,Daylight,Intersection,50,3,No,0,0,1,Minor
1709,2022-12-08,17,Thu,Cloudy,Daylight,Highway,80,2,Yes,0,0,1,Fatal
1710,2023-12-28,7,Thu,Snow,Daylight,Urban Road,70,2,No,0,0,3,Serious
1711,2024-02-09,12,Fri,Snow,Daylight,Urban Road,40,2,No,0,0,1,Serious
1712,2023-09-06,13,Wed,Clear,Daylight,Highway,120,3,Yes,0,0,3,Fatal
1713,2022-12-20,16,Tue,Snow,Daylight,Highway,40,2,Yes,0,0,1,Fatal
1714,2022-04-26,16,Tue,Clear,Daylight,Urban Road,80,2,Yes,0,1,2,Fatal
1715,2023-10-24,18,Tue,Cloudy,Daylight,Rural Road,50,2,No,0,0,2,Minor
1716,2023-03-29,4,Wed,Clear,Dark,Highway,50,2,No,0,0,3,Fatal
1717,2022-10-14,9,Fri,Clear,Daylight,Urban Road,60,1,No,0,1,4,Serious
1718,2024-10-13,9,Sun,Rain,Daylight,Highway,100,3,No,0,1,1,Fatal
1719,2022-11-07,7,Mon,Clear,Daylight,Highway,40,1,No,0,0,3,Minor
1720,2022-07-27,9,Wed,Clear,Daylight,Urban Road,30,1,No,0,0,2,Minor
1721,2023-09-10,9,Sun,Clear,Daylight,Urban Road,50,1,No,0,0,1,Minor
1722,2023-03-22,14,Wed,Cloudy,Daylight,Urban Road,30,2,Yes,0,0,0,Minor
1723,2023-11-01,16,Wed,Rain,Daylight,Urban Road,70,2,Yes,0,0,2,Serious
1724,2023-09-25,11,Mon,Clear,Daylight,Urban Road,80,2,Yes,0,0,0,Minor
1725,2022-02-24,17,Thu,Clear,Daylight,Urban Road,100,4,No,0,0,1,Serious
1726,2024-06-30,10,Sun,Clear,Daylight,Intersection,80,3,No,0,0,0,Serious
1727,2024-11-01,9,Fri,Rain,Daylight,Urban Road,120,3,Yes,0,0,3,Fatal
1728,2023-10-19,14,Thu,Fog,Daylight,Rural Road,80,2,Yes,0,0,6,Fatal
1729,2024-09-06,2,Fri,Clear,Dark,Highway,120,3,No,0,1,4,Fatal
1730,2023-05-30,6,Tue,Clear,Daylight,Urban Road,40,3,No,0,0,4,Fatal
1731,2022-08-25,12,Thu,Clear,Daylight,Urban Road,60,4,Yes,0,0,2,Minor
1732,2022-12-14,21,Wed,Clear,Dark,Urban Road,120,1,Yes,0,0,2,Serious
1733,2023-09-19,17,Tue,Clear,Daylight,Urban Road,70,1,Yes,0,0,1,Minor
1734,2023-09-22,6,Fri,Snow,Daylight,Highway,100,1,No,0,0,2,Fatal
1735,2022-12-30,18,Fri,Clear,Daylight,Highway,30,4,Yes,0,0,1,Serious
1736,2022-11-17,17,Thu,Rain,Daylight,Highway,100,2,No,0,0,2,Serious
1737,2022-10-13,15,Thu,Rain,Daylight,Rural Road,70,2,No,0,0,1,Minor
1738,2022-05-29,18,Sun,Clear,Daylight,Rural Road,40,2,Yes,0,0,1,Serious
1739,2023-02-10,11,Fri,Fog,Daylight,Highway,30,3,Yes,0,0,4,Fatal
1740,2024-09-04,8,Wed,Rain,Daylight,Urban Road,50,4,Yes,0,0,6,Fatal
1741,2023-04-01,14,Sat,Clear,Daylight,Highway,120,3,No,0,0,4,Serious
1742,2024-03-10,14,Sun,Cloudy,Daylight,Highway,70,3,No,0,0,0,Fatal
1743,2024-10-09,14,Wed,Clear,Daylight,Rural Road,120,2,Yes,0,0,0,Minor
1744,2024-02-23,15,Fri,Cloudy,Daylight,Urban Road,50,2,Yes,0,0,3,Serious
1745,2023-04-05,21,Wed,Rain,Dark,Highway,120,4,No,0,0,2,Fatal
1746,2024-01-08,20,Mon,Rain,Dark,Highway,60,3,No,0,0,2,Fatal
1747,2023-05-24,19,Wed,Cloudy,Dusk/Dawn,Intersection,40,2,Yes,0,0,6,Minor
1748,2023-04-26,18,Wed,Cloudy,Daylight,Highway,40,1,Yes,0,0,0,Minor
1749,2022-04-24,21,Sun,Rain,Dark,Urban Road,120,1,No,0,0,4,Fatal
1750,2024-01-19,6,Fri,Snow,Daylight,Rural Road,50,1,Yes,0,0,2,Fatal
1751,2022-12-27,8,Tue,Clear,Daylight,Urban Road,40,2,Yes,0,0,0,Minor
1752,2022-12-07,13,Wed,Rain,Daylight,Urban Road,30,2,No,0,0,0,Serious
1753,2024-02-09,18,Fri,Clear,Daylight,Intersection,50,4,Yes,0,0,0,Serious
1754,2024-01-31,13,Wed,Clear,Daylight,Highway,100,2,No,0,0,3,Serious
1755,2024-08-26,17,Mon,Cloudy,Daylight,Rural Road,60,2,No,1,0,1,Fatal
1756,2023-03-25,7,Sat,Clear,Daylight,Highway,70,1,Yes,0,0,1,Serious
1757,2024-04-14,8,Sun,Clear,Daylight,Urban Road,120,3,No,0,1,1,Fatal
1758,2022-11-07,17,Mon,Snow,Daylight,Intersection,60,2,No,0,0,5,Serious
1759,2022-09-19,7,Mon,Clear,Daylight,Urban Road,100,2,Yes,0,0,0,Fatal
1760,2023-02-10,10,Fri,Clear,Daylight,Rural Road,50,2,Yes,0,0,0,Minor
1761,2022-05-23,8,Mon,Rain,Daylight,Intersection,120,1,No,0,0,5,Fatal
1762,2022-12-08,10,Thu,Rain,Daylight,Highway,30,1,No,0,0,1,Fatal
1763,2022-09-01,17,Thu,Snow,Daylight,Rural Road,80,2,No,0,0,1,Fatal
1764,2023-05-05,11,Fri,Rain,Daylight,Intersection,70,2,Yes,0,0,6,Fatal
1765,2022-01-12,14,Wed,Rain,Daylight,Urban Road,40,2,No,0,0,1,Serious
1766,2023-07-15,6,Sat,Fog,Daylight,Highway,50,2,No,0,0,2,Fatal
1767,2022-02-11,18,Fri,Clear,Daylight,Highway,50,5,No,0,0,0,Serious
1768,2023-11-09,11,Thu,Rain,Daylight,Highway,30,3,No,0,0,1,Serious
1769,2023-08-17,16,Thu,Cloudy,Daylight,Highway,60,2,Yes,0,0,2,Fatal
1770,2022-05-14,17,Sat,Clear,Daylight,Urban Road,120,2,No,0,0,1,Serious
1771,2024-12-26,8,Thu,Clear,Daylight,Highway,60,2,Yes,0,0,1,Serious
1772,2024-10-27,19,Sun,Clear,Dusk/Dawn,Highway,60,1,No,0,0,0,Minor
1773,2024-08-05,15,Mon,Rain,Daylight,Urban Road,30,5,No,0,1,2,Fatal
1774,2022-03-14,12,Mon,Clear,Daylight,Urban Road,40,2,No,0,0,0,Minor
1775,2023-02-03,7,Fri,Rain,Daylight,Urban Road,60,4,No,0,0,1,Serious
1776,2023-08-01,21,Tue,Cloudy,Dark,Rural Road,120,5,No,0,0,1,Serious
1777,2024-05-08,17,Wed,Rain,Daylight,Highway,100,2,No,0,0,2,Fatal
1778,2022-05-10,8,Tue,Clear,Daylight,Highway,50,1,No,0,0,2,Minor
1779,2024-07-19,10,Fri,Snow,Daylight,Highway,60,2,Yes,0,0,2,Fatal
1780,2022-09-23,18,Fri,Clear,Daylight,Urban Road,60,2,Yes,0,0,2,Serious
1781,2024-03-03,17,Sun,Fog,Daylight,Highway,70,3,No,0,0,4,Fatal
1782,2022-09-10,17,Sat,Rain,Daylight,Rural Road,70,1,No,0,0,1,Serious
1783,2024-04-01,12,Mon,Clear,Daylight,Highway,80,2,No,0,0,1,Fatal
1784,2022-06-13,17,Mon,Cloudy,Daylight,Intersection,30,4,Yes,0,0,2,Serious
1785,2022-04-05,11,Tue,Clear,Daylight,Urban Road,120,5,No,0,0,3,Fatal
1786,2024-04-12,8,Fri,Cloudy,Daylight,Urban Road,30,1,Yes,0,0,1,Minor
1787,2022-12-02,16,Fri,Clear,Daylight,Rural Road,60,3,No,0,0,0,Serious
1788,2024-04-01,22,Mon,Clear,Dark,Rural Road,120,1,Yes,0,0,5,Fatal
1789,2022-08-26,9,Fri,Clear,Daylight,Urban Road,60,3,No,0,0,1,Minor
1790,2023-01-16,13,Mon,Clear,Daylight,Intersection,30,2,No,0,0,1,Minor
1791,2024-06-17,16,Mon,Fog,Daylight,Urban Road,40,4,No,0,0,0,Serious
1792,2023-04-28,14,Fri,Fog,Daylight,Intersection,60,2,Yes,0,0,2,Fatal
1793,2024-06-20,18,Thu,Snow,Daylight,Urban Road,30,2,No,0,0,3,Fatal
1794,2024-11-14,17,Thu,Clear,Daylight,Intersection,50,2,Yes,0,0,1,Minor
1795,2023-04-27,5,Thu,Clear,Dark,Highway,50,1,No,0,0,1,Serious
1796,2024-07-05,23,Fri,Rain,Dark,Highway,100,2,No,0,0,1,Fatal
1797,2024-09-20,17,Fri,Clear,Daylight,Rural Road,40,4,No,0,0,3,Minor
1798,2024-08-21,19,Wed,Fog,Dusk/Dawn,Highway,70,3,No,0,0,2,Fatal
1799,2023-06-21,16,Wed,Rain,Daylight,Highway,50,3,Yes,0,0,1,Fatal
1800,2024-11-01,19,Fri,Clear,Dusk/Dawn,Urban Road,60,3,No,0,0,0,Minor
1801,2022-05-08,7,Sun,Snow,Daylight,Rural Road,40,5,Yes,0,0,2,Fatal
1802,2022-04-02,10,Sat,Fog,Daylight,Intersection,70,3,No,0,0,6,Fatal
1803,2023-06-27,19,Tue,Rain,Dusk/Dawn,Rural Road,70,1,Yes,0,0,1,Serious
1804,2024-04-25,8,Thu,Clear,Daylight,Intersection,30,3,Yes,0,0,0,Serious
1805,2024-09-15,6,Sun,Clear,Daylight,Urban Road,100,2,No,0,0,2,Serious
1806,2023-03-23,18,Thu,Clear,Daylight,Highway,100,5,Yes,0,0,2,Fatal
1807,2023-01-25,18,Wed,Clear,Daylight,Highway,30,2,Yes,0,0,4,Serious
1808,2023-11-03,7,Fri,Clear,Daylight,Urban Road,70,2,Yes,0,0,4,Serious
1809,2022-02-12,19,Sat,Cloudy,Dusk/Dawn,Urban Road,60,1,No,0,0,0,Minor
1810,2022-09-11,16,Sun,Rain,Daylight,Highway,30,2,Yes,0,0,6,Fatal
1811,2024-12-19,14,Thu,Rain,Daylight,Urban Road,50,1,No,0,0,3,Fatal
1812,2023-10-25,18,Wed,Clear,Daylight,Rural Road,120,4,No,0,0,1,Fatal
1813,2023-04-12,12,Wed,Cloudy,Daylight,Urban Road,60,2,No,0,0,2,Minor
1814,2022-10-14,8,Fri,Clear,Daylight,Intersection,120,2,Yes,0,0,3,Fatal
1815,2024-10-07,9,Mon,Snow,Daylight,Rural Road,70,1,No,0,0,2,Fatal
1816,2024-02-17,13,Sat,Cloudy,Daylight,Rural Road,30,1,No,0,0,0,Minor
1817,2022-12-11,14,Sun,Fog,Daylight,Intersection,30,2,No,0,0,2,Fatal
1818,2023-10-04,18,Wed,Cloudy,Daylight,Highway,80,2,No,0,0,2,Minor
1819,2023-01-17,18,Tue,Rain,Daylight,Urban Road,60,2,Yes,0,0,2,Serious
1820,2023-11-21,15,Tue,Clear,Daylight,Intersection,40,1,No,0,0,0,Minor
1821,2024-12-15,18,Sun,Clear,Daylight,Urban Road,70,2,Yes,0,0,5,Serious
1822,2023-04-02,8,Sun,Clear,Daylight,Rural Road,100,3,Yes,0,0,4,Serious
1823,2024-09-09,4,Mon,Clear,Dark,Urban Road,80,2,Yes,0,1,2,Fatal
1824,2022-03-24,19,Thu,Fog,Dusk/Dawn,Urban Road,40,2,No,0,0,1,Serious
1825,2022-05-29,6,Sun,Clear,Daylight,Highway,50,2,No,1,0,2,Serious
1826,2022-07-09,8,Sat,Cloudy,Daylight,Intersection,120,2,No,1,0,8,Fatal
1827,2024-06-01,17,Sat,Clear,Daylight,Intersection,100,2,No,0,0,0,Serious
1828,2022-09-20,12,Tue,Clear,Daylight,Intersection,50,2,No,0,0,1,Serious
1829,2023-02-04,19,Sat,Cloudy,Dusk/Dawn,Rural Road,100,5,Yes,0,0,4,Serious
1830,2024-02-03,9,Sat,Clear,Daylight,Highway,40,1,No,0,0,1,Minor
1831,2023-09-01,1,Fri,Fog,Dark,Highway,40,1,No,0,0,0,Fatal
1832,2024-02-24,9,Sat,Snow,Daylight,Intersection,40,1,No,0,0,5,Serious
1833,2022-04-11,15,Mon,Clear,Daylight,Urban Road,30,2,Yes,0,0,1,Minor
1834,2024-03-30,11,Sat,Rain,Daylight,Highway,100,1,Yes,0,0,1,Fatal
1835,2024-03-30,14,Sat,Clear,Daylight,Urban Road,60,2,No,0,0,1,Minor
1836,2023-02-24,19,Fri,Snow,Dusk/Dawn,Urban Road,50,4,No,0,0,3,Fatal
1837,2022-05-04,20,Wed,Rain,Dark,Rural Road,100,1,No,0,0,4,Fatal
1838,2023-02-26,9,Sun,Clear,Daylight,Urban Road,100,2,Yes,0,0,4,Fatal
1839,2024-12-22,13,Sun,Snow,Daylight,Rural Road,40,3,No,0,0,3,Serious
1840,2024-02-07,14,Wed,Clear,Daylight,Intersection,70,1,Yes,0,0,2,Serious
1841,2023-04-28,21,Fri,Snow,Dark,Highway,80,1,No,0,1,3,Fatal
1842,2023-06-03,23,Sat,Cloudy,Dark,Urban Road,80,2,No,0,0,1,Minor
1843,2022-06-04,8,Sat,Cloudy,Daylight,Urban Road,80,1,No,0,0,0,Minor
1844,2022-04-02,17,Sat,Snow,Daylight,Intersection,40,3,No,0,0,0,Serious
1845,2024-09-08,11,Sun,Clear,Daylight,Urban Road,50,1,No,0,0,0,Minor
1846,2023-03-31,0,Fri,Cloudy,Dark,Urban Road,100,2,No,0,0,1,Minor
1847,2023-08-21,0,Mon,Clear,Dark,Rural Road,100,3,Yes,1,0,1,Fatal
1848,2023-05-25,13,Thu,Rain,Daylight,Urban Road,50,1,No,0,0,2,Minor
1849,2023-01-21,13,Sat,Clear,Daylight,Intersection,30,1,Yes,0,0,2,Minor
1850,2023-02-09,2,Thu,Cloudy,Dark,Intersection,100,1,No,0,0,0,Fatal
1851,2022-09-03,16,Sat,Fog,Daylight,Urban Road,50,3,No,0,0,3,Fatal
1852,2024-01-12,9,Fri,Snow,Daylight,Urban Road,50,3,Yes,0,0,0,Fatal
1853,2023-10-23,14,Mon,Clear,Daylight,Highway,50,1,No,0,0,2,Serious
1854,2023-10-12,9,Thu,Snow,Daylight,Rural Road,50,3,No,0,0,2,Fatal
1855,2024-06-19,7,Wed,Snow,Daylight,Rural Road,50,3,No,0,0,3,Serious
1856,2022-03-06,11,Sun,Rain,Daylight,Urban Road,60,5,Yes,0,0,0,Serious
1857,2024-11-02,8,Sat,Clear,Daylight,Highway,30,2,No,0,0,0,Minor
1858,2022-08-01,14,Mon,Clear,Daylight,Intersection,120,3,Yes,0,0,0,Fatal
1859,2022-08-30,8,Tue,Clear,Daylight,Urban Road,120,2,Yes,0,0,2,Serious
1860,2023-05-08,13,Mon,Clear,Daylight,Rural Road,120,4,Yes,0,1,5,Fatal
1861,2022-12-04,7,Sun,Clear,Daylight,Highway,100,1,Yes,0,0,1,Fatal
1862,2022-06-22,16,Wed,Clear,Daylight,Urban Road,70,1,No,0,0,0,Serious
1863,2023-11-03,17,Fri,Clear,Daylight,Intersection,40,3,No,0,0,6,Serious
1864,2022-06-13,6,Mon,Clear,Daylight,Urban Road,30,3,No,0,0,2,Serious
1865,2023-04-10,13,Mon,Clear,Daylight,Urban Road,30,2,No,0,0,1,Minor
1866,2024-09-21,5,Sat,Cloudy,Dark,Highway,50,2,No,0,0,3,Fatal
1867,2023-05-12,15,Fri,Rain,Daylight,Urban Road,60,2,Yes,0,0,2,Serious
1868,2023-12-01,8,Fri,Clear,Daylight,Intersection,120,1,No,0,0,1,Serious
1869,2023-01-30,14,Mon,Rain,Daylight,Urban Road,50,1,No,0,0,2,Minor
1870,2023-12-04,14,Mon,Rain,Daylight,Intersection,60,1,Yes,0,0,2,Serious
1871,2022-11-04,20,Fri,Cloudy,Dark,Intersection,70,2,No,0,0,2,Fatal
1872,2022-07-02,14,Sat,Clear,Daylight,Intersection,40,2,No,0,0,1,Minor
1873,2023-09-21,15,Thu,Clear,Daylight,Intersection,120,1,Yes,0,0,2,Fatal
1874,2023-05-25,11,Thu,Cloudy,Daylight,Highway,60,4,Yes,0,0,0,Serious
1875,2023-06-30,21,Fri,Clear,Dark,Intersection,50,1,No,0,0,3,Serious
1876,2023-09-16,18,Sat,Clear,Daylight,Highway,120,2,No,0,0,2,Serious
1877,2023-08-17,9,Thu,Clear,Daylight,Highway,70,4,Yes,0,0,3,Serious
1878,2024-01-14,18,Sun,Clear,Daylight,Highway,60,1,No,0,0,2,Serious
1879,2023-07-08,12,Sat,Cloudy,Daylight,Urban Road,60,1,No,0,0,1,Minor
1880,2022-01-21,18,Fri,Clear,Daylight,Urban Road,80,2,Yes,0,0,0,Serious
1881,2023-07-08,18,Sat,Cloudy,Daylight,Urban Road,40,2,No,0,0,0,Serious
1882,2023-02-01,8,Wed,Cloudy,Daylight,Highway,100,2,No,0,0,0,Serious
1883,2023-09-17,17,Sun,Rain,Daylight,Urban Road,120,2,Yes,0,0,1,Serious
1884,2022-04-15,9,Fri,Clear,Daylight,Urban Road,60,4,No,0,0,1,Minor
1885,2022-07-11,9,Mon,Clear,Daylight,Rural Road,70,1,Yes,0,0,1,Minor
1886,2022-01-17,9,Mon,Clear,Daylight,Highway,100,3,Yes,0,1,4,Fatal
1887,2023-01-28,17,Sat,Clear,Daylight,Highway,50,1,Yes,0,0,1,Serious
1888,2023-03-01,8,Wed,Rain,Daylight,Highway,120,2,No,0,1,5,Fatal
1889,2022-05-09,0,Mon,Clear,Dark,Urban Road,70,1,No,1,0,0,Fatal
1890,2023-07-26,17,Wed,Cloudy,Daylight,Urban Road,50,2,No,0,0,1,Fatal
1891,2022-01-29,7,Sat,Rain,Daylight,Urban Road,70,3,No,1,0,2,Fatal
1892,2024-10-30,6,Wed,Fog,Daylight,Urban Road,60,1,Yes,0,0,1,Serious
1893,2022-08-30,8,Tue,Cloudy,Daylight,Urban Road,40,2,No,0,0,0,Minor
1894,2022-08-20,11,Sat,Clear,Daylight,Urban Road,80,2,Yes,0,0,3,Serious
1895,2024-02-28,13,Wed,Clear,Daylight,Intersection,60,1,No,0,0,1,Serious
1896,2023-12-16,4,Sat,Clear,Dark,Highway,80,3,No,0,1,4,Fatal
1897,2024-01-29,22,Mon,Clear,Dark,Intersection,40,3,Yes,0,0,5,Serious
1898,2024-03-12,17,Tue,Rain,Daylight,Rural Road,60,3,No,0,0,2,Serious
1899,2024-02-15,9,Thu,Clear,Daylight,Highway,80,2,No,0,0,2,Minor
1900,2023-12-27,9,Wed,Clear,Daylight,Intersection,120,2,Yes,0,0,1,Fatal
1901,2022-07-19,12,Tue,Cloudy,Daylight,Rural Road,100,2,No,0,0,1,Serious
1902,2024-08-02,16,Fri,Clear,Daylight,Rural Road,100,2,No,0,0,1,Serious
1903,2022-03-20,7,Sun,Rain,Daylight,Urban Road,40,2,No,0,0,6,Fatal
1904,2024-08-13,8,Tue,Clear,Daylight,Urban Road,100,5,Yes,0,0,3,Fatal
1905,2024-05-05,19,Sun,Clear,Dusk/Dawn,Highway,40,5,No,0,0,1,Minor
1906,2023-04-12,8,Wed,Rain,Daylight,Highway,40,4,No,0,0,0,Fatal
1907,2023-08-04,11,Fri,Cloudy,Daylight,Intersection,40,2,No,0,0,1,Minor
1908,2024-07-28,19,Sun,Clear,Dusk/Dawn,Intersection,100,2,No,1,0,2,Fatal
1909,2023-03-25,16,Sat,Clear,Daylight,Highway,40,3,Yes,1,0,3,Fatal
1910,2022-03-28,10,Mon,Clear,Daylight,Rural Road,40,3,Yes,0,0,3,Serious
1911,2022-04-11,16,Mon,Clear,Daylight,Rural Road,40,3,No,0,0,2,Serious
1912,2024-10-28,1,Mon,Clear,Dark,Highway,60,2,Yes,0,0,3,Fatal
1913,2024-04-24,17,Wed,Rain,Daylight,Urban Road,100,3,No,1,0,4,Fatal
1914,2022-03-28,13,Mon,Clear,Daylight,Urban Road,50,2,Yes,0,0,0,Serious
1915,2022-02-12,18,Sat,Clear,Daylight,Rural Road,60,2,Yes,0,0,4,Serious
1916,2023-02-12,21,Sun,Rain,Dark,Intersection,40,3,Yes,0,0,0,Fatal
1917,2023-10-26,20,Thu,Clear,Dark,Highway,50,2,No,0,0,4,Serious
1918,2024-11-06,20,Wed,Clear,Dark,Urban Road,40,2,No,0,0,1,Serious
1919,2022-05-28,14,Sat,Cloudy,Daylight,Rural Road,50,2,No,0,0,1,Minor
1920,2022-10-04,10,Tue,Clear,Daylight,Rural Road,60,2,Yes,0,0,1,Minor
1921,2022-08-20,13,Sat,Snow,Daylight,Highway,50,1,Yes,0,0,6,Fatal
1922,2023-01-01,16,Sun,Clear,Daylight,Urban Road,100,2,No,0,0,1,Minor
1923,2023-03-12,19,Sun,Clear,Dusk/Dawn,Intersection,120,2,No,0,0,4,Fatal
1924,2023-02-03,8,Fri,Clear,Daylight,Urban Road,40,2,Yes,0,1,2,Serious
1925,2023-05-14,20,Sun,Clear,Dark,Urban Road,30,3,Yes,0,0,0,Minor
1926,2023-06-24,18,Sat,Clear,Daylight,Intersection,80,2,Yes,0,0,0,Serious
1927,2023-07-17,22,Mon,Clear,Dark,Highway,40,4,No,0,0,2,Serious
1928,2023-03-18,19,Sat,Cloudy,Dusk/Dawn,Intersection,50,2,No,0,0,3,Minor
1929,2024-02-12,9,Mon,Fog,Daylight,Urban Road,50,2,No,0,1,1,Fatal
1930,2022-12-16,6,Fri,Clear,Daylight,Highway,120,1,Yes,0,1,1,Fatal
1931,2023-06-04,6,Sun,Rain,Daylight,Highway,70,1,No,0,0,1,Serious
1932,2022-05-18,9,Wed,Cloudy,Daylight,Highway,30,3,Yes,0,0,3,Serious
1933,2024-09-18,15,Wed,Fog,Daylight,Highway,30,1,Yes,0,0,2,Fatal
1934,2023-01-03,18,Tue,Clear,Daylight,Rural Road,40,5,No,0,0,3,Serious
1935,2022-12-26,20,Mon,Cloudy,Dark,Highway,50,1,No,0,0,3,Minor
1936,2024-07-09,16,Tue,Clear,Daylight,Intersection,60,4,Yes,0,0,3,Serious
1937,2022-11-25,0,Fri,Clear,Dark,Urban Road,100,2,No,0,0,1,Fatal
1938,2024-08-19,8,Mon,Rain,Daylight,Urban Road,50,2,No,0,0,1,Serious
1939,2023-04-08,6,Sat,Cloudy,Daylight,Urban Road,50,1,Yes,0,1,1,Minor
1940,2024-08-03,10,Sat,Cloudy,Daylight,Rural Road,50,2,No,0,0,1,Minor
1941,2024-08-20,13,Tue,Cloudy,Daylight,Urban Road,30,1,No,0,0,2,Minor
1942,2024-04-15,4,Mon,Clear,Dark,Highway,120,2,No,0,0,6,Fatal
1943,2022-06-18,10,Sat,Cloudy,Daylight,Intersection,40,2,No,0,0,0,Minor
1944,2022-08-05,7,Fri,Clear,Daylight,Urban Road,50,3,No,0,0,2,Serious
1945,2023-01-13,16,Fri,Clear,Daylight,Highway,40,3,Yes,0,0,4,Serious
1946,2022-04-29,13,Fri,Rain,Daylight,Urban Road,60,2,No,0,0,0,Serious
1947,2022-07-09,13,Sat,Clear,Daylight,Urban Road,120,1,No,0,0,0,Fatal
1948,2024-02-06,12,Tue,Rain,Daylight,Highway,40,2,No,0,0,4,Fatal
1949,2023-01-05,21,Thu,Clear,Dark,Intersection,50,3,Yes,0,0,0,Fatal
1950,2022-05-29,8,Sun,Cloudy,Daylight,Rural Road,30,1,No,0,0,1,Minor
1951,2023-10-14,14,Sat,Clear,Daylight,Rural Road,80,2,No,0,0,0,Serious
1952,2024-02-09,17,Fri,Clear,Daylight,Urban Road,70,1,No,0,0,0,Serious
1953,2023-01-09,14,Mon,Cloudy,Daylight,Intersection,70,1,No,0,0,0,Serious
1954,2024-02-20,20,Tue,Clear,Dark,Highway,60,2,No,0,0,0,Fatal
1955,2022-06-09,11,Thu,Rain,Daylight,Urban Road,120,2,Yes,0,1,1,Serious
1956,2022-12-17,13,Sat,Fog,Daylight,Urban Road,50,2,No,0,0,2,Fatal
1957,2024-06-10,6,Mon,Rain,Daylight,Rural Road,60,2,Yes,0,0,2,Minor
1958,2023-06-07,15,Wed,Fog,Daylight,Highway,70,1,No,0,0,1,Serious
1959,2023-06-06,9,Tue,Clear,Daylight,Highway,60,2,No,0,0,3,Serious
1960,2024-02-22,7,Thu,Cloudy,Daylight,Intersection,40,2,No,0,0,1,Minor
1961,2022-09-30,14,Fri,Clear,Daylight,Urban Road,50,2,No,0,0,2,Serious
1962,2024-07-24,14,Wed,Clear,Daylight,Urban Road,30,1,Yes,0,0,1,Minor
1963,2022-07-02,6,Sat,Clear,Daylight,Urban Road,50,2,No,0,0,0,Minor
1964,2023-05-03,17,Wed,Rain,Daylight,Rural Road,70,2,No,0,0,3,Minor
1965,2024-04-25,16,Thu,Rain,Daylight,Highway,40,1,No,0,0,0,Serious
1966,2022-05-04,8,Wed,Cloudy,Daylight,Highway,70,3,Yes,0,0,1,Serious
1967,2024-09-11,13,Wed,Fog,Daylight,Intersection,100,2,No,0,0,1,Serious
1968,2024-02-29,17,Thu,Rain,Daylight,Urban Road,50,1,No,0,0,1,Fatal
1969,2023-02-18,14,Sat,Cloudy,Daylight,Urban Road,40,2,Yes,0,0,0,Serious
1970,2023-11-17,11,Fri,Clear,Daylight,Intersection,100,2,No,1,0,2,Fatal
1971,2022-04-23,9,Sat,Rain,Daylight,Urban Road,70,4,No,0,1,4,Fatal
1972,2024-06-06,15,Thu,Rain,Daylight,Highway,40,3,Yes,0,0,0,Fatal
1973,2022-05-02,21,Mon,Clear,Dark,Highway,50,2,No,0,0,3,Fatal
1974,2022-02-08,16,Tue,Cloudy,Daylight,Urban Road,70,1,Yes,0,0,1,Serious
1975,2023-05-12,6,Fri,Clear,Daylight,Intersection,60,3,No,0,0,0,Minor
1976,2024-02-19,13,Mon,Rain,Daylight,Highway,70,3,No,0,0,2,Fatal
1977,2024-07-31,19,Wed,Fog,Dusk/Dawn,Highway,60,1,No,0,0,0,Fatal
1978,2022-05-29,6,Sun,Cloudy,Daylight,Intersection,80,1,Yes,0,0,1,Minor
1979,2024-10-18,22,Fri,Cloudy,Dark,Highway,50,3,Yes,0,0,1,Serious
1980,2023-10-23,21,Mon,Rain,Dark,Urban Road,80,3,No,0,0,2,Fatal
1981,2022-10-29,6,Sat,Rain,Daylight,Highway,120,1,No,0,0,0,Fatal
1982,2022-08-26,20,Fri,Clear,Dark,Urban Road,50,2,No,0,0,3,Minor
1983,2023-10-09,10,Mon,Clear,Daylight,Urban Road,80,2,Yes,0,0,1,Serious
1984,2023-10-25,18,Wed,Cloudy,Daylight,Highway,40,2,No,0,0,0,Serious
1985,2022-08-24,12,Wed,Cloudy,Daylight,Urban Road,50,2,Yes,0,0,0,Minor
1986,2022-07-22,12,Fri,Cloudy,Daylight,Rural Road,120,2,No,0,0,2,Serious
1987,2022-09-13,16,Tue,Clear,Daylight,Rural Road,30,3,Yes,0,0,1,Fatal
1988,2023-08-21,17,Mon,Cloudy,Daylight,Urban Road,40,2,No,0,0,0,Minor
1989,2023-10-24,3,Tue,Cloudy,Dark,Urban Road,60,2,Yes,0,0,3,Fatal
1990,2022-08-23,15,Tue,Clear,Daylight,Urban Road,50,4,No,0,0,1,Minor
1991,2023-06-18,8,Sun,Rain,Daylight,Urban Road,70,1,Yes,0,0,2,Serious
1992,2024-05-09,10,Thu,Snow,Daylight,Rural Road,40,3,No,0,0,0,Serious
1993,2024-02-09,10,Fri,Rain,Daylight,Rural Road,30,3,No,0,0,0,Minor
1994,2023-06-25,13,Sun,Cloudy,Daylight,Urban Road,50,2,Yes,1,0,3,Serious
1995,2022-08-01,10,Mon,Clear,Daylight,Highway,60,1,Yes,0,0,1,Fatal
1996,2023-04-08,6,Sat,Fog,Daylight,Highway,60,3,Yes,0,0,3,Fatal
1997,2023-03-12,7,Sun,Snow,Daylight,Highway,70,2,Yes,0,0,3,Fatal
1998,2022-10-10,3,Mon,Clear,Dark,Intersection,60,1,Yes,0,0,5,Serious
1999,2022-03-29,13,Tue,Cloudy,Daylight,Rural Road,40,4,No,0,0,2,Minor
2000,2024-12-03,21,Tue,Rain,Dark,Urban Road,80,2,No,0,0,2,Serious
2001,2023-04-06,7,Thu,Clear,Daylight,Highway,30,2,No,0,0,1,Serious
2002,2022-10-05,21,Wed,Clear,Dark,Highway,40,2,Yes,0,0,0,Serious
2003,2023-02-25,17,Sat,Clear,Daylight,Intersection,80,2,Yes,1,0,2,Fatal
2004,2023-11-27,16,Mon,Fog,Daylight,Intersection,50,2,No,0,0,3,Serious
2005,2023-05-30,16,Tue,Cloudy,Daylight,Highway,60,1,No,0,0,0,Serious
2006,2023-12-04,18,Mon,Clear,Daylight,Rural Road,50,2,Yes,0,0,2,Minor
2007,2022-01-19,6,Wed,Clear,Daylight,Urban Road,60,2,Yes,0,0,1,Serious
2008,2022-01-23,13,Sun,Clear,Daylight,Urban Road,50,3,Yes,0,0,2,Serious
2009,2023-02-17,17,Fri,Fog,Daylight,Rural Road,120,2,Yes,0,0,4,Fatal
2010,2024-11-19,15,Tue,Cloudy,Daylight,Urban Road,50,2,No,0,0,1,Minor
2011,2022-04-18,18,Mon,Rain,Daylight,Rural Road,70,1,Yes,0,0,1,Minor
2012,2022-05-16,6,Mon,Rain,Daylight,Highway,100,4,No,0,0,2,Fatal
2013,2022-12-28,16,Wed,Rain,Daylight,Urban Road,70,2,No,0,0,4,Serious
2014,2022-05-09,14,Mon,Clear,Daylight,Urban Road,60,2,No,0,0,1,Minor
2015,2023-05-30,11,Tue,Fog,Daylight,Urban Road,60,4,Yes,0,0,1,Serious
2016,2023-03-25,10,Sat,Rain,Daylight,Urban Road,60,3,Yes,0,0,0,Serious
2017,2024-05-23,15,Thu,Rain,Daylight,Highway,100,2,No,0,0,1,Serious
2018,2023-04-18,19,Tue,Cloudy,Dusk/Dawn,Urban Road,30,3,Yes,0,0,3,Fatal
2019,2024-10-30,13,Wed,Snow,Daylight,Urban Road,100,4,No,0,0,3,Fatal
2020,2022-10-29,18,Sat,Snow,Daylight,Rural Road,60,3,Yes,0,0,2,Fatal
2021,2022-08-19,11,Fri,Cloudy,Daylight,Urban Road,100,2,No,0,0,2,Fatal
2022,2024-07-11,6,Thu,Cloudy,Daylight,Rural Road,30,2,No,0,0,2,Minor
2023,2024-12-25,5,Wed,Rain,Dark,Highway,100,1,No,0,0,3,Fatal
2024,2024-07-25,5,Thu,Clear,Dark,Urban Road,40,2,No,0,0,1,Serious
2025,2022-04-22,11,Fri,Clear,Daylight,Highway,80,2,No,0,0,0,Serious
2026,2024-11-02,10,Sat,Snow,Daylight,Highway,50,2,No,0,0,7,Fatal
2027,2023-05-15,17,Mon,Clear,Daylight,Highway,70,2,Yes,0,0,0,Minor
2028,2024-07-20,17,Sat,Clear,Daylight,Highway,70,1,Yes,0,0,1,Fatal
2029,2023-08-21,4,Mon,Clear,Dark,Urban Road,40,1,Yes,0,0,3,Minor
2030,2022-08-22,8,Mon,Fog,Daylight,Intersection,60,2,No,0,0,2,Fatal
2031,2023-08-25,9,Fri,Rain,Daylight,Highway,50,2,Yes,0,0,2,Serious
2032,2022-11-10,14,Thu,Clear,Daylight,Intersection,60,2,Yes,0,0,1,Fatal
2033,2023-07-20,7,Thu,Clear,Daylight,Highway,80,4,Yes,0,0,3,Fatal
2034,2024-11-01,7,Fri,Fog,Daylight,Rural Road,30,3,No,0,1,3,Fatal
2035,2022-07-28,21,Thu,Clear,Dark,Urban Road,60,2,No,0,0,2,Minor
2036,2024-11-03,18,Sun,Clear,Daylight,Intersection,70,1,No,0,0,3,Fatal
2037,2024-11-09,7,Sat,Rain,Daylight,Highway,50,2,Yes,0,0,2,Fatal
2038,2023-08-10,11,Thu,Rain,Daylight,Urban Road,120,2,No,0,0,2,Fatal
2039,2024-10-11,10,Fri,Clear,Daylight,Highway,60,2,No,0,0,0,Minor
2040,2024-12-29,18,Sun,Rain,Daylight,Urban Road,40,1,No,0,0,2,Serious
2041,2023-11-29,14,Wed,Clear,Daylight,Intersection,40,1,Yes,0,0,1,Minor
2042,2022-05-12,7,Thu,Snow,Daylight,Rural Road,60,2,Yes,0,0,1,Serious
2043,2024-11-09,17,Sat,Clear,Daylight,Rural Road,50,2,No,0,0,3,Minor
2044,2023-06-20,11,Tue,Clear,Daylight,Urban Road,40,3,No,0,0,3,Serious
2045,2024-10-10,8,Thu,Snow,Daylight,Intersection,30,3,Yes,0,0,2,Fatal
2046,2022-08-15,11,Mon,Fog,Daylight,Urban Road,60,2,No,0,0,3,Minor
2047,2024-04-01,13,Mon,Clear,Daylight,Highway,60,3,Yes,0,0,1,Serious
2048,2024-05-20,10,Mon,Clear,Daylight,Intersection,40,5,No,0,0,3,Serious
2049,2023-02-09,8,Thu,Cloudy,Daylight,Highway,70,3,No,0,0,6,Fatal
2050,2022-07-21,11,Thu,Snow,Daylight,Highway,120,3,Yes,0,0,2,Fatal
2051,2022-02-07,1,Mon,Clear,Dark,Highway,120,4,Yes,0,0,5,Fatal
2052,2024-07-30,17,Tue,Rain,Daylight,Urban Road,100,2,No,0,0,1,Serious
2053,2022-07-07,7,Thu,Clear,Daylight,Urban Road,100,1,No,0,0,2,Serious
2054,2024-12-16,4,Mon,Rain,Dark,Highway,40,5,Yes,0,0,3,Fatal
2055,2024-07-29,16,Mon,Clear,Daylight,Rural Road,40,2,Yes,0,0,2,Serious
2056,2024-11-09,17,Sat,Clear,Daylight,Rural Road,50,3,No,0,0,1,Serious
2057,2022-09-30,18,Fri,Clear,Daylight,Intersection,70,3,Yes,0,0,0,Fatal
2058,2023-08-06,13,Sun,Clear,Daylight,Urban Road,100,2,Yes,0,0,0,Serious
2059,2023-05-31,8,Wed,Clear,Daylight,Rural Road,40,2,No,0,0,1,Minor
2060,2023-06-10,17,Sat,Clear,Daylight,Rural Road,60,2,Yes,0,0,3,Serious
2061,2022-12-02,17,Fri,Clear,Daylight,Highway,70,1,Yes,0,0,0,Serious
2062,2023-11-29,8,Wed,Clear,Daylight,Urban Road,50,1,No,1,0,3,Serious
2063,2024-12-14,20,Sat,Snow,Dark,Urban Road,60,2,No,0,0,1,Serious
2064,2023-05-15,6,Mon,Clear,Daylight,Highway,40,1,Yes,0,0,1,Serious
2065,2024-06-18,22,Tue,Fog,Dark,Highway,120,2,No,0,0,3,Fatal
2066,2024-02-05,19,Mon,Clear,Dusk/Dawn,Urban Road,60,1,No,0,0,3,Serious
2067,2023-06-20,16,Tue,Clear,Daylight,Highway,60,3,No,0,0,3,Serious
2068,2022-06-11,20,Sat,Rain,Dark,Highway,40,3,No,0,0,2,Fatal
2069,2023-08-17,17,Thu,Cloudy,Daylight,Urban Road,60,2,Yes,0,0,3,Serious
2070,2022-06-08,8,Wed,Clear,Daylight,Rural Road,50,2,Yes,0,0,1,Serious
2071,2022-03-01,12,Tue,Clear,Daylight,Intersection,40,5,No,0,0,4,Serious
2072,2024-07-03,6,Wed,Rain,Daylight,Urban Road,50,1,No,0,0,1,Minor
2073,2022-07-30,11,Sat,Cloudy,Daylight,Urban Road,30,2,No,0,0,1,Minor
2074,2023-02-10,17,Fri,Cloudy,Daylight,Urban Road,60,2,Yes,0,0,3,Serious
2075,2023-10-26,11,Thu,Clear,Daylight,Highway,50,2,Yes,0,0,3,Minor
2076,2023-06-26,10,Mon,Clear,Daylight,Highway,100,1,No,0,0,0,Fatal
2077,2024-09-24,15,Tue,Rain,Daylight,Rural Road,30,2,No,0,0,1,Minor
2078,2024-07-15,19,Mon,Rain,Dusk/Dawn,Urban Road,30,2,Yes,1,0,4,Fatal
2079,2024-05-17,4,Fri,Rain,Dark,Rural Road,100,2,No,0,0,2,Fatal
2080,2022-01-19,11,Wed,Cloudy,Daylight,Rural Road,40,2,No,0,0,0,Minor
2081,2023-03-08,7,Wed,Fog,Daylight,Highway,30,2,Yes,0,0,3,Serious
2082,2024-01-10,17,Wed,Clear,Daylight,Urban Road,40,2,Yes,0,0,1,Minor
2083,2022-07-02,6,Sat,Clear,Daylight,Urban Road,100,1,Yes,0,0,0,Serious
2084,2022-04-23,16,Sat,Rain,Daylight,Urban Road,100,3,No,0,0,1,Fatal
2085,2023-04-26,9,Wed,Clear,Daylight,Urban Road,50,2,No,0,0,1,Serious
2086,2024-04-10,8,Wed,Clear,Daylight,Intersection,70,1,No,0,1,3,Serious
2087,2024-02-02,20,Fri,Clear,Dark,Intersection,60,1,No,0,0,1,Serious
2088,2023-04-21,1,Fri,Clear,Dark,Intersection,120,3,Yes,0,0,3,Fatal
2089,2024-02-02,12,Fri,Clear,Daylight,Highway,30,3,Yes,0,0,2,Fatal
2090,2024-08-28,2,Wed,Cloudy,Dark,Highway,100,2,No,0,0,5,Fatal
2091,2024-10-16,13,Wed,Clear,Daylight,Highway,40,2,No,0,0,0,Minor
2092,2022-06-10,13,Fri,Rain,Daylight,Highway,50,2,Yes,0,0,0,Minor
2093,2023-02-05,9,Sun,Clear,Daylight,Urban Road,40,2,Yes,0,0,0,Serious
2094,2022-07-17,7,Sun,Clear,Daylight,Urban Road,80,3,No,0,0,1,Fatal
2095,2023-10-22,11,Sun,Cloudy,Daylight,Urban Road,70,2,No,0,0,0,Minor
2096,2024-12-06,16,Fri,Cloudy,Daylight,Intersection,60,2,Yes,0,0,2,Serious
2097,2023-02-03,18,Fri,Clear,Daylight,Intersection,70,1,No,0,0,1,Minor
2098,2022-03-19,14,Sat,Fog,Daylight,Highway,70,1,No,1,0,2,Fatal
2099,2022-05-04,15,Wed,Clear,Daylight,Intersection,80,2,Yes,0,0,2,Fatal
2100,2022-03-16,8,Wed,Cloudy,Daylight,Urban Road,40,1,No,0,0,2,Serious
2101,2022-05-17,9,Tue,Clear,Daylight,Urban Road,50,2,No,0,0,1,Minor
2102,2023-08-25,7,Fri,Clear,Daylight,Rural Road,40,2,Yes,0,0,1,Serious
2103,2024-04-16,8,Tue,Rain,Daylight,Highway,50,2,No,0,0,1,Serious
2104,2023-05-15,8,Mon,Cloudy,Daylight,Intersection,80,2,No,0,0,1,Minor
2105,2022-05-18,14,Wed,Clear,Daylight,Rural Road,70,2,No,0,0,2,Serious
2106,2022-02-19,15,Sat,Fog,Daylight,Intersection,80,2,Yes,0,0,7,Fatal
2107,2024-08-30,21,Fri,Clear,Dark,Intersection,50,4,No,0,0,1,Serious
2108,2022-09-11,8,Sun,Cloudy,Daylight,Urban Road,70,2,No,0,0,2,Minor
2109,2023-12-11,16,Mon,Clear,Daylight,Highway,50,2,Yes,0,0,1,Serious
2110,2023-07-17,18,Mon,Cloudy,Daylight,Highway,120,3,Yes,0,0,6,Fatal
2111,2024-01-27,14,Sat,Clear,Daylight,Urban Road,50,3,No,0,0,0,Serious
2112,2023-07-01,8,Sat,Clear,Daylight,Highway,70,3,No,0,0,1,Serious
2113,2024-07-10,8,Wed,Cloudy,Daylight,Intersection,80,2,No,0,0,3,Minor
2114,2023-08-04,3,Fri,Cloudy,Dark,Highway,120,2,Yes,0,0,2,Fatal
2115,2022-02-18,9,Fri,Rain,Daylight,Intersection,50,2,No,1,0,1,Serious
2116,2024-07-05,17,Fri,Clear,Daylight,Rural Road,50,2,Yes,0,0,1,Minor
2117,2023-12-05,4,Tue,Rain,Dark,Highway,50,1,Yes,0,1,5,Fatal
2118,2022-09-18,8,Sun,Rain,Daylight,Urban Road,50,3,No,0,0,4,Minor
2119,2022-12-22,17,Thu,Rain,Daylight,Urban Road,70,2,Yes,0,0,0,Serious
2120,2023-09-30,18,Sat,Rain,Daylight,Urban Road,120,2,No,0,0,3,Fatal
2121,2024-01-13,12,Sat,Clear,Daylight,Urban Road,40,2,No,0,0,2,Serious
2122,2024-10-06,17,Sun,Fog,Daylight,Highway,60,2,No,0,0,1,Fatal
2123,2024-07-19,11,Fri,Fog,Daylight,Rural Road,100,3,No,0,0,1,Fatal
2124,2023-10-03,7,Tue,Clear,Daylight,Urban Road,40,2,No,0,0,2,Serious
2125,2024-03-02,11,Sat,Rain,Daylight,Rural Road,60,2,No,0,0,1,Fatal
2126,2023-09-04,15,Mon,Rain,Daylight,Intersection,100,1,Yes,0,0,1,Fatal
2127,2024-03-19,21,Tue,Fog,Dark,Highway,120,3,Yes,0,0,5,Fatal
2128,2023-11-17,5,Fri,Clear,Dark,Highway,60,4,Yes,0,1,7,Fatal
2129,2022-07-07,13,Thu,Rain,Daylight,Rural Road,30,1,Yes,0,0,2,Fatal
2130,2024-09-11,10,Wed,Clear,Daylight,Intersection,40,2,Yes,0,0,2,Serious
2131,2023-07-02,13,Sun,Rain,Daylight,Urban Road,60,2,Yes,0,0,1,Fatal
2132,2023-12-26,2,Tue,Snow,Dark,Highway,40,4,Yes,0,0,2,Fatal
2133,2024-07-14,9,Sun,Fog,Daylight,Highway,40,1,Yes,0,0,3,Minor
2134,2024-05-25,18,Sat,Clear,Daylight,Highway,80,1,No,0,0,3,Fatal
2135,2023-09-10,14,Sun,Rain,Daylight,Urban Road,80,1,Yes,0,0,3,Fatal
2136,2023-02-18,12,Sat,Cloudy,Daylight,Urban Road,100,3,No,0,0,2,Serious
2137,2024-06-21,9,Fri,Clear,Daylight,Rural Road,40,4,No,0,0,0,Serious
2138,2022-06-12,9,Sun,Cloudy,Daylight,Highway,40,2,Yes,0,0,2,Serious
2139,2022-09-27,11,Tue,Fog,Daylight,Highway,100,1,Yes,0,0,3,Fatal
2140,2023-09-24,18,Sun,Snow,Daylight,Urban Road,80,2,No,0,0,2,Serious
2141,2024-06-24,21,Mon,Clear,Dark,Intersection,100,1,No,0,0,6,Fatal
2142,2022-07-24,12,Sun,Clear,Daylight,Urban Road,120,1,Yes,0,0,2,Serious
2143,2023-08-05,11,Sat,Cloudy,Daylight,Intersection,100,4,Yes,0,0,0,Serious
2144,2024-04-20,18,Sat,Clear,Daylight,Urban Road,60,3,Yes,0,0,3,Fatal
2145,2023-08-19,12,Sat,Clear,Daylight,Highway,50,5,No,0,0,1,Minor
2146,2022-09-07,14,Wed,Rain,Daylight,Highway,60,2,No,0,0,0,Serious
2147,2024-05-24,8,Fri,Clear,Daylight,Rural Road,70,2,No,0,0,4,Minor
2148,2022-07-15,17,Fri,Snow,Daylight,Urban Road,50,3,No,0,0,3,Fatal
2149,2023-11-21,14,Tue,Rain,Daylight,Urban Road,80,1,No,0,0,3,Serious
2150,2024-12-29,18,Sun,Cloudy,Daylight,Rural Road,30,1,Yes,0,0,2,Minor
2151,2023-10-01,18,Sun,Snow,Daylight,Rural Road,80,2,No,0,0,3,Fatal
2152,2023-11-03,8,Fri,Clear,Daylight,Highway,30,4,Yes,0,0,0,Serious
2153,2024-08-01,17,Thu,Clear,Daylight,Intersection,60,3,Yes,0,1,1,Fatal
2154,2022-07-18,18,Mon,Snow,Daylight,Urban Road,100,1,Yes,0,0,0,Fatal
2155,2023-05-07,10,Sun,Clear,Daylight,Urban Road,30,1,No,0,0,0,Minor
2156,2024-06-14,7,Fri,Cloudy,Daylight,Urban Road,60,3,No,0,0,2,Fatal
2157,2022-05-22,0,Sun,Fog,Dark,Urban Road,40,3,No,0,0,3,Fatal
2158,2022-06-14,12,Tue,Clear,Daylight,Highway,100,2,Yes,0,0,2,Serious
2159,2022-11-10,10,Thu,Cloudy,Daylight,Urban Road,100,1,Yes,0,0,0,Serious
2160,2022-01-21,14,Fri,Clear,Daylight,Urban Road,120,2,Yes,0,0,0,Serious
2161,2024-09-10,8,Tue,Clear,Daylight,Urban Road,100,2,Yes,0,0,1,Serious
2162,2022-11-01,19,Tue,Fog,Dusk/Dawn,Highway,80,4,No,0,0,2,Fatal
2163,2023-01-06,8,Fri,Cloudy,Daylight,Highway,40,1,Yes,0,0,0,Serious
2164,2024-05-02,8,Thu,Rain,Daylight,Highway,50,2,No,0,0,0,Minor
2165,2023-01-19,13,Thu,Clear,Daylight,Urban Road,60,1,No,0,0,1,Minor
2166,2023-03-21,13,Tue,Clear,Daylight,Intersection,60,2,Yes,0,0,1,Minor
2167,2023-03-01,8,Wed,Clear,Daylight,Highway,80,1,No,0,0,3,Serious
2168,2022-06-10,9,Fri,Clear,Daylight,Urban Road,40,3,Yes,0,1,1,Serious
2169,2023-09-21,7,Thu,Clear,Daylight,Urban Road,40,2,No,0,1,4,Serious
2170,2024-06-13,17,Thu,Rain,Daylight,Rural Road,60,2,No,0,0,1,Serious
2171,2023-05-05,17,Fri,Cloudy,Daylight,Highway,40,2,No,0,0,3,Fatal
2172,2024-10-13,13,Sun,Clear,Daylight,Highway,70,3,Yes,0,0,1,Fatal
2173,2022-11-23,17,Wed,Clear,Daylight,Highway,60,3,No,0,0,2,Fatal
2174,2023-08-21,17,Mon,Cloudy,Daylight,Intersection,80,1,No,0,0,1,Serious
2175,2024-10-11,7,Fri,Fog,Daylight,Urban Road,30,1,No,0,0,2,Serious
2176,2022-10-16,21,Sun,Cloudy,Dark,Highway,120,2,No,0,0,2,Fatal
2177,2023-08-16,18,Wed,Clear,Daylight,Highway,30,2,Yes,0,0,2,Serious
2178,2023-07-27,8,Thu,Clear,Daylight,Highway,50,2,No,0,0,3,Minor
2179,2022-01-28,8,Fri,Rain,Daylight,Highway,70,3,No,0,0,4,Fatal
2180,2024-08-11,7,Sun,Rain,Daylight,Rural Road,30,1,No,0,1,1,Minor
2181,2022-02-12,7,Sat,Clear,Daylight,Urban Road,30,5,Yes,0,0,3,Fatal
2182,2023-02-27,17,Mon,Rain,Daylight,Urban Road,30,1,Yes,0,0,1,Minor
2183,2022-06-26,13,Sun,Clear,Daylight,Urban Road,60,1,No,0,0,1,Serious
2184,2023-06-13,18,Tue,Clear,Daylight,Urban Road,100,2,Yes,0,0,1,Serious
2185,2024-08-23,17,Fri,Rain,Daylight,Highway,60,2,No,0,0,3,Serious
2186,2022-07-17,15,Sun,Clear,Daylight,Urban Road,70,1,Yes,0,0,2,Serious
2187,2023-09-02,16,Sat,Rain,Daylight,Rural Road,50,3,Yes,0,0,0,Serious
2188,2024-04-21,1,Sun,Clear,Dark,Highway,30,2,Yes,0,0,2,Serious
2189,2024-05-02,9,Thu,Clear,Daylight,Urban Road,30,1,No,0,0,2,Minor
2190,2022-01-22,16,Sat,Clear,Daylight,Intersection,100,3,Yes,0,0,3,Fatal
2191,2024-12-16,0,Mon,Clear,Dark,Highway,40,4,Yes,0,0,0,Serious
2192,2024-12-25,3,Wed,Clear,Dark,Intersection,120,2,Yes,0,0,2,Fatal
2193,2024-04-21,19,Sun,Rain,Dusk/Dawn,Highway,40,3,Yes,0,0,2,Fatal
2194,2022-04-08,16,Fri,Cloudy,Daylight,Urban Road,70,1,No,0,0,1,Minor
2195,2023-03-11,9,Sat,Clear,Daylight,Urban Road,120,2,Yes,0,0,0,Serious
2196,2023-09-29,16,Fri,Clear,Daylight,Urban Road,50,2,Yes,0,0,1,Fatal
2197,2023-08-11,18,Fri,Cloudy,Daylight,Highway,80,5,Yes,0,0,1,Fatal
2198,2022-12-10,9,Sat,Clear,Daylight,Rural Road,50,2,No,0,0,2,Minor
2199,2023-07-25,3,Tue,Clear,Dark,Intersection,50,1,Yes,0,1,2,Fatal
2200,2023-09-03,20,Sun,Clear,Dark,Highway,40,2,No,0,0,3,Minor
2201,2022-08-31,10,Wed,Fog,Daylight,Intersection,100,1,Yes,0,0,5,Fatal
2202,2023-07-15,6,Sat,Clear,Daylight,Urban Road,50,1,Yes,0,0,3,Fatal
2203,2024-08-17,13,Sat,Rain,Daylight,Intersection,50,2,No,0,0,0,Serious
2204,2022-02-01,17,Tue,Clear,Daylight,Highway,120,2,No,0,0,2,Serious
2205,2023-01-26,8,Thu,Clear,Daylight,Rural Road,50,1,Yes,0,0,0,Minor
2206,2022-10-04,9,Tue,Clear,Daylight,Highway,50,1,No,0,0,2,Fatal
2207,2023-06-16,8,Fri,Fog,Daylight,Intersection,120,2,No,0,0,1,Fatal
2208,2023-01-18,23,Wed,Rain,Dark,Rural Road,50,2,No,0,1,3,Fatal
2209,2024-12-27,8,Fri,Clear,Daylight,Urban Road,50,2,No,0,1,4,Fatal
2210,2024-06-02,15,Sun,Clear,Daylight,Highway,100,3,No,0,0,3,Serious
2211,2022-08-02,20,Tue,Rain,Dark,Intersection,50,1,No,0,0,3,Fatal
2212,2023-01-11,7,Wed,Cloudy,Daylight,Urban Road,40,1,No,1,0,0,Serious
2213,2024-01-14,22,Sun,Clear,Dark,Urban Road,50,3,No,0,0,2,Serious
2214,2022-08-01,21,Mon,Rain,Dark,Urban Road,80,2,No,0,0,1,Fatal
2215,2022-03-20,19,Sun,Clear,Dusk/Dawn,Intersection,30,2,No,0,0,0,Minor
2216,2023-09-20,8,Wed,Clear,Daylight,Urban Road,50,4,Yes,0,0,2,Serious
2217,2023-08-27,16,Sun,Clear,Daylight,Highway,50,2,No,0,0,2,Minor
2218,2024-02-21,17,Wed,Snow,Daylight,Intersection,40,1,No,0,0,1,Minor
2219,2024-09-27,22,Fri,Clear,Dark,Urban Road,70,4,Yes,0,0,7,Fatal
2220,2023-11-11,7,Sat,Cloudy,Daylight,Urban Road,50,1,No,0,0,0,Serious
2221,2022-02-27,17,Sun,Fog,Daylight,Highway,70,2,No,0,0,4,Fatal
2222,2024-11-15,10,Fri,Cloudy,Daylight,Intersection,60,2,Yes,0,0,3,Minor
2223,2024-05-30,7,Thu,Clear,Daylight,Highway,40,2,No,0,0,1,Minor
2224,2023-03-23,12,Thu,Clear,Daylight,Urban Road,50,2,Yes,0,0,1,Minor
2225,2022-03-07,18,Mon,Cloudy,Daylight,Intersection,40,2,No,0,0,1,Minor
2226,2024-12-03,13,Tue,Fog,Daylight,Highway,30,3,No,0,0,1,Minor
2227,2024-10-08,14,Tue,Cloudy,Daylight,Intersection,70,4,No,0,0,3,Fatal
2228,2022-08-15,23,Mon,Clear,Dark,Urban Road,70,1,No,1,0,2,Fatal
2229,2024-02-13,11,Tue,Clear,Daylight,Rural Road,40,3,No,0,0,2,Serious
2230,2023-11-10,15,Fri,Fog,Daylight,Urban Road,70,1,No,0,0,1,Serious
2231,2023-08-24,10,Thu,Clear,Daylight,Rural Road,120,1,No,0,0,2,Fatal
2232,2023-01-14,11,Sat,Rain,Daylight,Highway,30,4,No,0,0,2,Serious
2233,2023-12-10,17,Sun,Clear,Daylight,Highway,60,2,No,0,0,3,Serious
2234,2022-11-03,20,Thu,Clear,Dark,Intersection,80,1,Yes,0,0,4,Fatal
2235,2024-02-18,14,Sun,Clear,Daylight,Highway,30,2,Yes,0,0,0,Serious
2236,2023-05-19,17,Fri,Clear,Daylight,Intersection,80,2,No,0,0,1,Serious
2237,2022-09-25,6,Sun,Clear,Daylight,Highway,120,2,No,0,0,4,Fatal
2238,2022-01-08,8,Sat,Rain,Daylight,Urban Road,30,2,No,0,0,0,Minor
2239,2023-05-23,13,Tue,Clear,Daylight,Intersection,100,3,Yes,0,0,1,Serious
2240,2023-04-21,1,Fri,Clear,Dark,Highway,50,1,No,0,0,1,Serious
2241,2022-06-13,8,Mon,Cloudy,Daylight,Intersection,40,1,No,0,0,0,Minor
2242,2023-04-30,14,Sun,Clear,Daylight,Urban Road,60,1,No,0,0,0,Minor
2243,2023-07-21,1,Fri,Clear,Dark,Urban Road,30,1,No,0,0,1,Serious
2244,2024-06-23,8,Sun,Fog,Daylight,Rural Road,60,4,Yes,0,0,2,Fatal
2245,2023-07-13,14,Thu,Cloudy,Daylight,Urban Road,30,4,No,0,0,3,Serious
2246,2022-08-26,15,Fri,Clear,Daylight,Urban Road,80,3,No,0,0,2,Fatal
2247,2023-07-08,20,Sat,Clear,Dark,Rural Road,60,2,No,0,0,1,Serious
2248,2024-04-07,16,Sun,Rain,Daylight,Urban Road,60,3,No,0,0,0,Serious
2249,2023-04-13,12,Thu,Clear,Daylight,Highway,40,1,No,0,0,2,Minor
2250,2023-01-21,20,Sat,Snow,Dark,Intersection,50,1,Yes,0,0,2,Fatal
2251,2024-02-14,18,Wed,Cloudy,Daylight,Intersection,40,2,No,0,1,0,Serious
2252,2024-04-27,8,Sat,Cloudy,Daylight,Urban Road,80,3,Yes,0,0,2,Minor
2253,2023-01-22,7,Sun,Clear,Daylight,Urban Road,40,2,Yes,0,0,1,Minor
2254,2024-05-26,16,Sun,Clear,Daylight,Rural Road,70,2,No,0,0,5,Serious
2255,2022-09-16,14,Fri,Cloudy,Daylight,Urban Road,50,1,No,0,0,0,Serious
2256,2022-10-10,18,Mon,Clear,Daylight,Urban Road,70,2,No,0,0,4,Minor
2257,2022-02-09,17,Wed,Clear,Daylight,Intersection,60,4,No,0,0,1,Serious
2258,2023-05-01,16,Mon,Fog,Daylight,Highway,50,2,No,0,0,1,Fatal
2259,2024-07-17,22,Wed,Clear,Dark,Urban Road,70,2,Yes,0,0,1,Serious
2260,2022-08-08,14,Mon,Clear,Daylight,Intersection,50,2,No,0,0,1,Minor
2261,2024-10-11,7,Fri,Cloudy,Daylight,Rural Road,100,3,No,1,0,4,Fatal
2262,2024-10-20,18,Sun,Clear,Daylight,Intersection,80,2,No,0,0,3,Minor
2263,2023-09-05,8,Tue,Clear,Daylight,Urban Road,60,2,Yes,0,0,0,Minor
2264,2024-07-16,18,Tue,Clear,Daylight,Highway,100,2,No,0,0,4,Fatal
2265,2023-11-19,21,Sun,Rain,Dark,Intersection,100,1,Yes,0,0,3,Serious
2266,2023-09-05,17,Tue,Clear,Daylight,Urban Road,60,3,No,0,0,2,Fatal
2267,2022-09-17,15,Sat,Clear,Daylight,Rural Road,30,4,Yes,0,0,3,Serious
2268,2024-09-16,13,Mon,Rain,Daylight,Highway,60,2,No,0,0,0,Minor
2269,2024-08-23,10,Fri,Cloudy,Daylight,Rural Road,50,1,Yes,0,0,1,Serious
2270,2023-01-01,10,Sun,Clear,Daylight,Urban Road,60,2,Yes,0,0,4,Serious
2271,2023-06-28,16,Wed,Cloudy,Daylight,Highway,70,2,Yes,0,0,3,Fatal
2272,2023-10-11,17,Wed,Clear,Daylight,Urban Road,70,2,Yes,0,0,4,Serious
2273,2024-03-24,16,Sun,Rain,Daylight,Rural Road,70,1,No,0,0,0,Serious
2274,2024-11-05,8,Tue,Clear,Daylight,Highway,70,4,Yes,0,0,0,Serious
2275,2023-07-29,13,Sat,Clear,Daylight,Urban Road,40,3,No,0,0,1,Serious
2276,2024-10-09,18,Wed,Fog,Daylight,Urban Road,40,3,No,0,0,1,Serious
2277,2023-11-01,13,Wed,Clear,Daylight,Highway,70,2,Yes,1,0,0,Serious
2278,2022-09-26,14,Mon,Clear,Daylight,Rural Road,50,3,Yes,0,0,0,Minor
2279,2024-07-12,17,Fri,Clear,Daylight,Urban Road,80,2,No,0,0,3,Minor
2280,2022-09-04,16,Sun,Rain,Daylight,Highway,40,2,No,0,0,4,Fatal
2281,2022-05-11,12,Wed,Clear,Daylight,Urban Road,40,3,No,0,0,1,Minor
2282,2022-12-19,19,Mon,Clear,Dusk/Dawn,Rural Road,60,5,No,0,0,2,Serious
2283,2022-07-15,7,Fri,Clear,Daylight,Intersection,60,4,No,0,0,2,Serious
2284,2024-07-18,23,Thu,Clear,Dark,Highway,50,3,No,0,0,3,Fatal
2285,2024-10-18,7,Fri,Clear,Daylight,Urban Road,50,3,No,0,0,3,Serious
2286,2023-10-07,1,Sat,Clear,Dark,Highway,30,2,No,0,0,3,Serious
2287,2022-08-15,19,Mon,Clear,Dusk/Dawn,Rural Road,30,3,Yes,0,1,3,Serious
2288,2023-12-02,8,Sat,Clear,Daylight,Urban Road,30,2,No,0,0,2,Minor
2289,2022-09-22,17,Thu,Snow,Daylight,Rural Road,60,1,Yes,0,0,2,Serious
2290,2023-10-08,18,Sun,Fog,Daylight,Urban Road,100,3,No,0,0,3,Fatal
2291,2022-07-30,19,Sat,Cloudy,Dusk/Dawn,Intersection,50,4,No,0,0,1,Serious
2292,2024-07-31,23,Wed,Clear,Dark,Urban Road,30,2,No,0,0,1,Minor
2293,2023-04-02,9,Sun,Cloudy,Daylight,Intersection,80,3,No,0,0,2,Serious
2294,2023-12-26,17,Tue,Clear,Daylight,Highway,100,2,Yes,0,0,3,Fatal
2295,2024-09-08,7,Sun,Cloudy,Daylight,Urban Road,40,4,No,1,0,3,Fatal
2296,2023-08-11,11,Fri,Clear,Daylight,Rural Road,50,2,Yes,1,0,4,Fatal
2297,2023-04-21,19,Fri,Clear,Dusk/Dawn,Urban Road,40,2,Yes,0,0,2,Serious
2298,2024-09-12,11,Thu,Clear,Daylight,Highway,40,3,No,0,0,2,Minor
2299,2022-06-05,15,Sun,Clear,Daylight,Intersection,70,3,No,0,0,4,Serious
2300,2022-07-09,13,Sat,Cloudy,Daylight,Highway,120,4,No,0,0,3,Serious
2301,2024-09-07,16,Sat,Fog,Daylight,Highway,70,4,No,0,0,1,Serious
2302,2023-06-30,22,Fri,Cloudy,Dark,Urban Road,120,1,No,0,0,3,Fatal
2303,2022-02-10,5,Thu,Rain,Dark,Urban Road,50,1,Yes,0,0,4,Serious
2304,2022-11-03,15,Thu,Clear,Daylight,Rural Road,100,3,No,0,0,4,Fatal
2305,2024-07-31,19,Wed,Clear,Dusk/Dawn,Urban Road,40,4,Yes,0,1,1,Serious
2306,2022-12-04,13,Sun,Cloudy,Daylight,Urban Road,40,2,No,0,0,3,Fatal
2307,2024-08-10,6,Sat,Rain,Daylight,Urban Road,80,1,Yes,0,0,1,Serious
2308,2022-10-06,14,Thu,Fog,Daylight,Urban Road,50,2,Yes,0,0,3,Serious
2309,2024-06-14,10,Fri,Clear,Daylight,Intersection,50,2,No,0,0,0,Minor
2310,2022-09-30,7,Fri,Rain,Daylight,Intersection,70,3,No,0,0,1,Fatal
2311,2024-04-16,19,Tue,Cloudy,Dusk/Dawn,Urban Road,50,1,No,0,0,2,Minor
2312,2023-09-12,14,Tue,Clear,Daylight,Highway,60,1,Yes,0,0,0,Minor
2313,2024-05-11,20,Sat,Clear,Dark,Intersection,50,4,Yes,0,0,0,Minor
2314,2024-07-19,18,Fri,Clear,Daylight,Highway,80,1,No,0,0,2,Serious
2315,2022-10-16,16,Sun,Snow,Daylight,Highway,50,3,No,0,0,4,Fatal
2316,2023-12-25,0,Mon,Clear,Dark,Highway,60,2,No,0,0,0,Fatal
2317,2024-06-11,12,Tue,Clear,Daylight,Highway,30,2,No,0,0,1,Minor
2318,2022-09-29,8,Thu,Clear,Daylight,Intersection,80,1,No,0,0,1,Minor
2319,2024-12-25,20,Wed,Rain,Dark,Urban Road,70,2,No,0,0,2,Fatal
2320,2023-04-28,7,Fri,Clear,Daylight,Intersection,40,2,No,0,0,1,Minor
2321,2024-07-24,9,Wed,Clear,Daylight,Highway,40,3,Yes,0,0,2,Fatal
2322,2022-09-05,14,Mon,Cloudy,Daylight,Urban Road,50,2,No,0,0,0,Minor
2323,2022-06-05,8,Sun,Cloudy,Daylight,Intersection,60,1,Yes,0,0,2,Serious
2324,2024-12-06,8,Fri,Clear,Daylight,Intersection,60,3,No,0,0,1,Serious
2325,2023-03-30,15,Thu,Fog,Daylight,Rural Road,50,1,No,0,0,3,Fatal
2326,2022-07-20,6,Wed,Rain,Daylight,Highway,70,4,Yes,0,0,3,Fatal
2327,2022-05-04,5,Wed,Clear,Dark,Rural Road,100,1,No,0,0,4,Serious
2328,2022-01-01,11,Sat,Clear,Daylight,Urban Road,30,2,Yes,0,0,2,Minor
2329,2024-08-25,17,Sun,Clear,Daylight,Urban Road,50,1,No,0,0,1,Minor
2330,2024-05-04,14,Sat,Clear,Daylight,Urban Road,60,2,Yes,0,0,1,Serious
2331,2023-10-02,12,Mon,Clear,Daylight,Urban Road,60,2,No,0,1,3,Minor
2332,2022-07-10,15,Sun,Cloudy,Daylight,Rural Road,30,2,No,0,0,3,Serious
2333,2023-05-31,10,Wed,Clear,Daylight,Rural Road,40,1,Yes,0,0,1,Serious
2334,2023-03-18,20,Sat,Rain,Dark,Highway,30,3,Yes,0,0,3,Fatal
2335,2022-05-23,5,Mon,Clear,Dark,Urban Road,60,3,Yes,0,0,1,Fatal
2336,2023-06-17,16,Sat,Rain,Daylight,Rural Road,70,2,Yes,1,0,8,Fatal
2337,2022-08-15,19,Mon,Clear,Dusk/Dawn,Highway,40,2,Yes,0,0,1,Serious
2338,2024-08-06,18,Tue,Rain,Daylight,Urban Road,50,2,Yes,0,0,0,Serious
2339,2023-04-05,8,Wed,Snow,Daylight,Highway,50,1,Yes,0,0,1,Fatal
2340,2023-07-05,9,Wed,Snow,Daylight,Urban Road,100,4,No,0,0,1,Serious
2341,2023-01-28,17,Sat,Clear,Daylight,Intersection,40,2,Yes,0,0,1,Minor
2342,2024-04-24,6,Wed,Fog,Daylight,Highway,60,2,No,0,0,0,Serious
2343,2022-07-29,18,Fri,Cloudy,Daylight,Urban Road,80,2,Yes,0,0,3,Serious
2344,2023-10-08,17,Sun,Rain,Daylight,Rural Road,100,2,No,0,0,3,Serious
2345,2022-08-07,17,Sun,Clear,Daylight,Highway,70,3,No,0,0,2,Serious
2346,2023-02-11,6,Sat,Rain,Daylight,Intersection,50,2,No,0,0,3,Fatal
2347,2024-06-06,17,Thu,Clear,Daylight,Urban Road,100,3,Yes,0,0,1,Serious
2348,2023-07-12,16,Wed,Cloudy,Daylight,Intersection,80,2,No,0,0,2,Serious
2349,2023-07-04,18,Tue,Rain,Daylight,Highway,80,1,Yes,0,0,1,Serious
2350,2022-05-22,4,Sun,Clear,Dark,Highway,30,2,No,0,0,3,Fatal
2351,2023-09-04,2,Mon,Clear,Dark,Urban Road,30,3,No,0,1,2,Fatal
2352,2023-05-16,11,Tue,Clear,Daylight,Urban Road,70,2,No,0,0,0,Minor
2353,2024-04-19,7,Fri,Cloudy,Daylight,Intersection,120,2,No,0,0,2,Serious
2354,2023-12-03,14,Sun,Clear,Daylight,Highway,80,2,No,0,0,2,Serious
2355,2023-08-19,20,Sat,Clear,Dark,Urban Road,100,2,Yes,0,0,3,Fatal
2356,2022-10-08,11,Sat,Cloudy,Daylight,Highway,60,4,No,0,0,0,Minor
2357,2023-02-28,18,Tue,Clear,Daylight,Intersection,50,1,Yes,0,0,1,Serious
2358,2024-05-05,0,Sun,Clear,Dark,Rural Road,70,2,No,0,0,1,Minor
2359,2022-09-27,7,Tue,Rain,Daylight,Urban Road,80,2,Yes,0,0,1,Serious
2360,2022-06-03,2,Fri,Clear,Dark,Highway,70,2,Yes,0,0,0,Serious
2361,2023-09-06,10,Wed,Clear,Daylight,Urban Road,120,4,No,0,0,1,Fatal
2362,2023-10-24,20,Tue,Clear,Dark,Highway,50,1,Yes,0,0,1,Serious
2363,2022-03-24,6,Thu,Rain,Daylight,Highway,30,1,No,0,0,0,Serious
2364,2024-08-04,15,Sun,Cloudy,Daylight,Urban Road,120,3,No,1,0,2,Fatal
2365,2024-06-17,12,Mon,Clear,Daylight,Intersection,40,2,No,0,0,0,Minor
2366,2022-10-11,20,Tue,Clear,Dark,Intersection,70,3,Yes,0,0,0,Fatal
2367,2024-09-06,7,Fri,Clear,Daylight,Urban Road,100,3,No,0,0,0,Minor
2368,2022-06-22,8,Wed,Cloudy,Daylight,Urban Road,50,2,No,0,0,1,Minor
2369,2024-12-22,2,Sun,Clear,Dark,Intersection,100,1,Yes,0,0,1,Fatal
2370,2024-02-02,12,Fri,Cloudy,Daylight,Urban Road,50,1,No,0,0,1,Minor
2371,2023-09-25,9,Mon,Clear,Daylight,Urban Road,80,1,Yes,0,0,1,Fatal
2372,2024-02-26,19,Mon,Cloudy,Dusk/Dawn,Intersection,30,2,Yes,0,0,3,Serious
2373,2024-07-31,15,Wed,Rain,Daylight,Highway,70,3,Yes,0,0,4,Fatal
2374,2024-10-08,15,Tue,Rain,Daylight,Highway,70,3,No,0,1,2,Fatal
2375,2023-02-02,14,Thu,Clear,Daylight,Urban Road,60,1,Yes,0,0,1,Fatal
2376,2024-07-22,6,Mon,Snow,Daylight,Highway,70,3,Yes,0,0,1,Serious
2377,2023-11-07,12,Tue,Clear,Daylight,Urban Road,120,1,No,0,0,3,Serious
2378,2024-07-24,23,Wed,Clear,Dark,Urban Road,80,2,Yes,1,0,4,Fatal
2379,2023-04-10,18,Mon,Clear,Daylight,Urban Road,120,1,No,0,0,2,Fatal
2380,2022-10-13,19,Thu,Cloudy,Dusk/Dawn,Intersection,50,1,Yes,1,0,1,Serious
2381,2022-09-22,18,Thu,Snow,Daylight,Highway,60,3,Yes,0,0,2,Fatal
2382,2022-11-16,6,Wed,Rain,Daylight,Urban Road,50,2,No,0,0,0,Serious
2383,2023-11-04,8,Sat,Rain,Daylight,Highway,120,2,No,0,0,2,Fatal
2384,2024-03-30,0,Sat,Clear,Dark,Urban Road,30,2,No,0,0,1,Minor
2385,2022-03-30,9,Wed,Cloudy,Daylight,Rural Road,50,1,No,0,0,1,Serious
2386,2024-03-31,6,Sun,Snow,Daylight,Urban Road,50,3,No,0,0,0,Serious
2387,2024-09-27,13,Fri,Rain,Daylight,Highway,50,3,Yes,0,0,2,Fatal
2388,2022-11-30,16,Wed,Clear,Daylight,Urban Road,120,1,No,0,0,3,Serious
2389,2022-08-10,19,Wed,Cloudy,Dusk/Dawn,Urban Road,50,2,No,0,0,2,Serious
2390,2022-02-10,17,Thu,Cloudy,Daylight,Highway,120,2,No,0,0,1,Serious
2391,2022-03-09,20,Wed,Rain,Dark,Urban Road,50,2,No,0,0,3,Fatal
2392,2024-09-14,5,Sat,Clear,Dark,Urban Road,100,2,No,0,0,1,Fatal
2393,2023-05-29,1,Mon,Rain,Dark,Intersection,60,2,Yes,1,0,6,Fatal
2394,2023-11-26,16,Sun,Rain,Daylight,Intersection,50,5,No,0,0,2,Fatal
2395,2024-11-05,9,Tue,Clear,Daylight,Rural Road,50,2,Yes,0,0,0,Minor
2396,2023-04-22,8,Sat,Clear,Daylight,Intersection,50,2,Yes,0,1,1,Serious
2397,2024-12-21,10,Sat,Clear,Daylight,Rural Road,50,2,No,0,0,2,Serious
2398,2024-05-30,9,Thu,Rain,Daylight,Intersection,50,2,Yes,0,0,1,Serious
2399,2023-03-08,14,Wed,Clear,Daylight,Highway,40,2,Yes,0,0,1,Serious
2400,2022-09-25,12,Sun,Clear,Daylight,Urban Road,50,2,No,0,0,2,Serious
2401,2024-11-24,14,Sun,Snow,Daylight,Rural Road,70,2,Yes,0,0,0,Minor
2402,2024-02-18,16,Sun,Rain,Daylight,Urban Road,50,2,No,0,0,1,Serious
2403,2023-05-09,11,Tue,Clear,Daylight,Highway,80,1,Yes,0,0,1,Serious
2404,2023-10-23,8,Mon,Clear,Daylight,Urban Road,120,2,Yes,0,0,1,Serious
2405,2024-10-09,7,Wed,Cloudy,Daylight,Urban Road,50,4,Yes,0,1,7,Fatal
2406,2024-11-24,10,Sun,Snow,Daylight,Highway,60,3,No,0,0,6,Serious
2407,2024-09-03,17,Tue,Clear,Daylight,Urban Road,40,3,Yes,0,0,2,Minor
2408,2023-04-27,17,Thu,Cloudy,Daylight,Urban Road,50,2,No,0,0,0,Minor
2409,2023-12-29,16,Fri,Clear,Daylight,Intersection,80,1,No,0,0,3,Serious
2410,2023-04-25,8,Tue,Cloudy,Daylight,Rural Road,40,2,No,0,0,3,Minor
2411,2024-12-24,15,Tue,Clear,Daylight,Intersection,40,1,Yes,0,0,3,Minor
2412,2024-10-28,15,Mon,Clear,Daylight,Intersection,50,3,Yes,0,0,0,Serious
2413,2022-12-09,13,Fri,Clear,Daylight,Urban Road,100,2,No,0,0,2,Fatal
2414,2022-11-28,14,Mon,Clear,Daylight,Urban Road,70,3,No,0,0,4,Fatal
2415,2023-03-14,13,Tue,Rain,Daylight,Highway,120,3,No,0,0,3,Serious
2416,2022-06-23,15,Thu,Snow,Daylight,Intersection,120,4,No,0,0,3,Fatal
2417,2023-07-13,17,Thu,Cloudy,Daylight,Highway,40,3,No,0,0,0,Minor
2418,2023-06-11,6,Sun,Clear,Daylight,Rural Road,30,2,Yes,0,0,3,Minor
2419,2023-10-21,17,Sat,Clear,Daylight,Urban Road,50,2,Yes,0,0,0,Minor
2420,2022-01-26,7,Wed,Clear,Daylight,Intersection,60,2,No,0,0,0,Minor
2421,2024-03-30,5,Sat,Clear,Dark,Urban Road,60,1,Yes,0,0,2,Serious
2422,2023-08-28,22,Mon,Rain,Dark,Intersection,40,1,No,1,0,3,Fatal
2423,2023-02-10,21,Fri,Clear,Dark,Highway,40,1,No,0,0,2,Fatal
2424,2022-08-20,5,Sat,Fog,Dark,Highway,30,4,Yes,0,0,4,Fatal
2425,2023-06-17,12,Sat,Rain,Daylight,Urban Road,100,1,Yes,0,0,1,Serious
2426,2023-05-20,8,Sat,Clear,Daylight,Intersection,120,3,No,0,0,2,Fatal
2427,2022-06-28,13,Tue,Rain,Daylight,Urban Road,40,1,No,0,0,1,Minor
2428,2022-05-12,18,Thu,Clear,Daylight,Intersection,40,5,No,0,0,0,Minor
2429,2022-12-14,21,Wed,Clear,Dark,Rural Road,30,2,No,0,1,2,Serious
2430,2023-06-24,16,Sat,Snow,Daylight,Rural Road,100,2,No,0,0,5,Fatal
2431,2024-02-11,10,Sun,Clear,Daylight,Urban Road,120,2,Yes,0,0,1,Minor
2432,2022-03-17,15,Thu,Clear,Daylight,Urban Road,50,3,Yes,0,0,0,Serious
2433,2023-08-02,9,Wed,Fog,Daylight,Highway,50,1,No,0,0,0,Serious
2434,2024-05-03,20,Fri,Clear,Dark,Intersection,50,3,No,0,0,0,Serious
2435,2022-07-13,19,Wed,Fog,Dusk/Dawn,Intersection,60,2,No,0,0,0,Minor
2436,2022-12-13,14,Tue,Clear,Daylight,Rural Road,70,1,No,0,0,1,Serious
2437,2024-08-08,9,Thu,Clear,Daylight,Highway,60,1,No,0,0,0,Serious
2438,2022-08-02,9,Tue,Cloudy,Daylight,Highway,120,3,No,0,0,0,Serious
2439,2023-07-27,3,Thu,Fog,Dark,Intersection,30,1,Yes,0,1,3,Fatal
2440,2024-02-19,18,Mon,Clear,Daylight,Highway,80,4,No,0,1,1,Fatal
2441,2022-09-19,12,Mon,Clear,Daylight,Intersection,50,1,No,0,0,4,Serious
2442,2023-12-31,9,Sun,Cloudy,Daylight,Urban Road,50,2,Yes,0,0,3,Minor
2443,2022-10-10,13,Mon,Clear,Daylight,Urban Road,80,2,No,0,1,0,Serious
2444,2022-12-28,18,Wed,Rain,Daylight,Intersection,120,2,Yes,0,0,2,Fatal
2445,2023-03-17,7,Fri,Fog,Daylight,Highway,80,2,No,0,0,3,Fatal
2446,2022-04-03,19,Sun,Rain,Dusk/Dawn,Urban Road,80,3,No,0,0,1,Serious
2447,2024-01-23,19,Tue,Snow,Dusk/Dawn,Intersection,80,3,Yes,0,1,0,Fatal
2448,2024-05-16,21,Thu,Fog,Dark,Rural Road,50,2,No,0,0,0,Serious
2449,2022-05-22,11,Sun,Fog,Daylight,Rural Road,80,2,No,1,0,1,Fatal
2450,2024-01-19,8,Fri,Cloudy,Daylight,Rural Road,80,2,No,0,0,1,Serious
2451,2023-10-15,11,Sun,Rain,Daylight,Highway,60,4,No,0,0,1,Fatal
2452,2023-12-02,10,Sat,Clear,Daylight,Highway,60,4,No,0,0,3,Minor
2453,2024-09-24,7,Tue,Clear,Daylight,Urban Road,80,1,Yes,1,0,5,Fatal
2454,2022-02-18,15,Fri,Fog,Daylight,Urban Road,100,2,No,0,0,2,Fatal
2455,2024-05-30,13,Thu,Cloudy,Daylight,Urban Road,50,5,No,0,0,2,Serious
2456,2023-07-09,19,Sun,Clear,Dusk/Dawn,Rural Road,100,1,No,0,0,1,Fatal
2457,2023-02-08,3,Wed,Clear,Dark,Highway,100,4,Yes,1,0,2,Fatal
2458,2024-06-10,16,Mon,Cloudy,Daylight,Rural Road,40,2,No,0,0,0,Serious
2459,2024-05-14,17,Tue,Rain,Daylight,Highway,80,1,Yes,0,0,1,Fatal
2460,2023-08-25,17,Fri,Clear,Daylight,Highway,40,2,Yes,0,0,1,Serious
2461,2022-12-07,19,Wed,Rain,Dusk/Dawn,Urban Road,30,2,No,0,0,2,Serious
2462,2023-12-05,17,Tue,Cloudy,Daylight,Intersection,60,3,No,0,0,2,Fatal
2463,2022-11-14,20,Mon,Cloudy,Dark,Highway,120,2,No,0,0,3,Fatal
2464,2023-09-10,10,Sun,Fog,Daylight,Urban Road,30,2,No,0,0,3,Fatal
2465,2023-01-17,13,Tue,Clear,Daylight,Rural Road,100,4,Yes,0,0,2,Fatal
2466,2022-08-21,1,Sun,Cloudy,Dark,Highway,60,1,No,0,0,1,Serious
2467,2024-03-27,0,Wed,Rain,Dark,Urban Road,100,2,Yes,0,0,2,Fatal
2468,2023-07-07,8,Fri,Cloudy,Daylight,Intersection,100,2,No,0,0,1,Serious
2469,2024-05-05,6,Sun,Clear,Daylight,Urban Road,100,1,No,0,0,3,Serious
2470,2024-03-29,8,Fri,Clear,Daylight,Highway,80,1,Yes,0,0,2,Serious
2471,2022-07-02,7,Sat,Clear,Daylight,Urban Road,100,2,Yes,0,0,3,Serious
2472,2024-11-30,2,Sat,Clear,Dark,Urban Road,40,1,No,0,0,1,Minor
2473,2023-02-01,20,Wed,Fog,Dark,Highway,50,2,No,0,0,1,Serious
2474,2024-02-18,0,Sun,Cloudy,Dark,Highway,40,2,No,1,0,1,Fatal
2475,2024-06-25,17,Tue,Fog,Daylight,Highway,80,2,Yes,0,0,0,Fatal
2476,2022-05-07,7,Sat,Cloudy,Daylight,Highway,40,2,No,0,0,2,Minor
2477,2022-01-01,20,Sat,Clear,Dark,Highway,40,2,Yes,0,0,4,Fatal
2478,2022-01-19,19,Wed,Snow,Dusk/Dawn,Urban Road,100,1,No,0,0,2,Fatal
2479,2023-08-07,16,Mon,Cloudy,Daylight,Urban Road,80,1,Yes,0,0,0,Serious
2480,2023-04-01,16,Sat,Fog,Daylight,Intersection,100,2,Yes,0,0,2,Fatal
2481,2024-08-14,0,Wed,Rain,Dark,Urban Road,40,4,No,0,1,2,Fatal
2482,2023-03-21,22,Tue,Rain,Dark,Intersection,50,1,Yes,0,0,4,Fatal
2483,2023-08-25,19,Fri,Fog,Dusk/Dawn,Urban Road,50,2,No,0,0,4,Fatal
2484,2022-04-13,19,Wed,Clear,Dusk/Dawn,Highway,30,3,No,1,0,2,Serious
2485,2024-09-14,16,Sat,Cloudy,Daylight,Urban Road,50,3,No,1,0,2,Minor
2486,2023-06-04,10,Sun,Cloudy,Daylight,Intersection,50,5,Yes,1,0,1,Fatal
2487,2024-05-08,19,Wed,Clear,Dusk/Dawn,Highway,30,1,Yes,0,0,1,Minor
2488,2022-06-23,9,Thu,Fog,Daylight,Highway,60,1,No,0,0,1,Serious
2489,2024-10-01,15,Tue,Fog,Daylight,Urban Road,50,2,Yes,0,0,6,Fatal
2490,2023-03-07,6,Tue,Rain,Daylight,Urban Road,30,1,No,0,0,1,Fatal
2491,2023-12-28,20,Thu,Rain,Dark,Urban Road,80,2,No,0,0,2,Serious
2492,2024-04-29,7,Mon,Cloudy,Daylight,Highway,80,4,No,0,0,1,Fatal
2493,2024-09-16,8,Mon,Clear,Daylight,Highway,100,2,Yes,0,0,3,Fatal
2494,2023-10-01,14,Sun,Clear,Daylight,Rural Road,60,1,No,0,1,3,Serious
2495,2023-02-24,17,Fri,Cloudy,Daylight,Urban Road,120,1,No,0,0,1,Minor
2496,2023-08-17,15,Thu,Rain,Daylight,Urban Road,120,4,No,0,0,4,Fatal
2497,2023-04-30,8,Sun,Cloudy,Daylight,Urban Road,60,2,Yes,0,0,1,Serious
2498,2023-02-16,0,Thu,Clear,Dark,Urban Road,50,4,No,0,0,3,Serious
2499,2024-07-24,17,Wed,Clear,Daylight,Highway,30,3,No,0,0,1,Fatal
2500,2022-11-28,22,Mon,Cloudy,Dark,Urban Road,80,5,No,0,0,3,Serious
2501,2023-10-17,18,Tue,Clear,Daylight,Highway,60,3,Yes,0,0,1,Minor
2502,2022-02-10,13,Thu,Cloudy,Daylight,Urban Road,120,2,No,0,0,5,Serious
2503,2024-08-16,20,Fri,Cloudy,Dark,Urban Road,60,3,Yes,0,0,4,Fatal
2504,2022-04-15,12,Fri,Fog,Daylight,Highway,120,2,No,0,0,1,Fatal
2505,2022-07-21,14,Thu,Clear,Daylight,Highway,100,1,No,0,0,3,Fatal
2506,2023-03-26,13,Sun,Rain,Daylight,Highway,120,1,No,0,0,0,Fatal
2507,2024-06-28,12,Fri,Cloudy,Daylight,Highway,50,2,No,0,0,1,Serious
2508,2022-07-29,17,Fri,Clear,Daylight,Urban Road,40,1,Yes,0,0,3,Serious
2509,2023-07-17,14,Mon,Clear,Daylight,Intersection,80,1,No,0,0,2,Fatal
2510,2023-12-14,9,Thu,Clear,Daylight,Urban Road,80,2,Yes,0,0,2,Minor
2511,2024-02-10,8,Sat,Clear,Daylight,Urban Road,40,4,Yes,0,0,2,Serious
2512,2023-03-30,3,Thu,Cloudy,Dark,Rural Road,80,2,Yes,0,0,3,Serious
2513,2023-10-29,15,Sun,Cloudy,Daylight,Urban Road,60,2,No,0,0,1,Serious
2514,2023-09-21,8,Thu,Cloudy,Daylight,Intersection,40,1,Yes,0,0,1,Serious
2515,2023-01-22,7,Sun,Rain,Daylight,Intersection,60,1,No,0,0,2,Serious
2516,2022-10-23,16,Sun,Snow,Daylight,Rural Road,120,2,Yes,0,0,1,Fatal
2517,2022-09-15,16,Thu,Clear,Daylight,Intersection,60,3,No,0,0,6,Fatal
2518,2022-09-25,17,Sun,Rain,Daylight,Highway,80,2,No,0,0,0,Fatal
2519,2023-02-23,13,Thu,Rain,Daylight,Urban Road,30,2,Yes,0,0,1,Serious
2520,2022-08-23,19,Tue,Cloudy,Dusk/Dawn,Intersection,80,3,No,0,0,3,Minor
2521,2024-09-12,20,Thu,Cloudy,Dark,Urban Road,120,1,No,0,0,2,Fatal
2522,2023-07-28,18,Fri,Cloudy,Daylight,Intersection,60,2,Yes,0,0,1,Minor
2523,2022-02-18,16,Fri,Cloudy,Daylight,Highway,50,3,No,0,0,4,Fatal
2524,2022-08-11,9,Thu,Cloudy,Daylight,Urban Road,70,2,Yes,0,0,1,Minor
2525,2024-07-09,22,Tue,Clear,Dark,Intersection,120,1,Yes,0,0,3,Fatal
2526,2022-10-04,9,Tue,Cloudy,Daylight,Urban Road,40,1,No,0,0,1,Serious
2527,2023-02-24,8,Fri,Rain,Daylight,Rural Road,50,2,Yes,0,0,0,Minor
2528,2023-09-03,12,Sun,Clear,Daylight,Highway,40,2,Yes,0,0,3,Fatal
2529,2023-01-10,5,Tue,Clear,Dark,Rural Road,60,3,No,0,0,6,Fatal
2530,2022-03-14,22,Mon,Rain,Dark,Intersection,60,1,No,1,0,1,Fatal
2531,2024-11-19,15,Tue,Clear,Daylight,Urban Road,120,1,No,0,0,5,Serious
2532,2022-07-14,14,Thu,Clear,Daylight,Highway,50,2,No,1,0,1,Fatal
2533,2024-04-26,16,Fri,Fog,Daylight,Highway,60,4,No,0,0,1,Fatal
2534,2024-11-30,13,Sat,Cloudy,Daylight,Intersection,100,3,Yes,0,0,0,Serious
2535,2024-12-22,3,Sun,Cloudy,Dark,Rural Road,50,4,No,1,0,3,Fatal
2536,2022-01-23,15,Sun,Clear,Daylight,Highway,70,2,Yes,0,0,2,Fatal
2537,2022-12-26,17,Mon,Clear,Daylight,Highway,80,3,No,0,0,3,Fatal
2538,2023-07-14,12,Fri,Clear,Daylight,Intersection,50,3,No,0,0,2,Serious
2539,2023-11-03,17,Fri,Clear,Daylight,Intersection,40,2,No,0,0,0,Minor
2540,2023-11-10,8,Fri,Clear,Daylight,Highway,60,5,No,0,0,3,Serious
2541,2023-03-16,8,Thu,Cloudy,Daylight,Urban Road,50,3,No,0,0,2,Minor
2542,2024-07-21,7,Sun,Rain,Daylight,Rural Road,50,5,No,0,0,3,Serious
2543,2022-01-07,11,Fri,Clear,Daylight,Urban Road,120,3,No,1,0,3,Fatal
2544,2023-02-25,19,Sat,Clear,Dusk/Dawn,Intersection,60,3,No,0,0,1,Minor
2545,2024-04-12,18,Fri,Rain,Daylight,Urban Road,100,4,Yes,0,1,1,Serious
2546,2023-07-13,11,Thu,Rain,Daylight,Rural Road,40,2,No,0,0,1,Minor
2547,2024-07-02,15,Tue,Clear,Daylight,Urban Road,120,3,Yes,0,0,2,Fatal
2548,2024-10-03,17,Thu,Cloudy,Daylight,Intersection,80,1,No,1,0,3,Fatal
2549,2022-05-06,8,Fri,Clear,Daylight,Urban Road,100,3,Yes,0,0,6,Fatal
2550,2023-01-30,7,Mon,Clear,Daylight,Highway,50,3,No,0,0,0,Minor
2551,2024-03-27,22,Wed,Clear,Dark,Urban Road,60,3,No,0,0,5,Serious
2552,2024-05-30,15,Thu,Rain,Daylight,Intersection,60,3,Yes,0,0,3,Serious
2553,2023-07-30,22,Sun,Clear,Dark,Urban Road,80,2,No,0,0,3,Fatal
2554,2022-11-21,10,Mon,Clear,Daylight,Urban Road,100,2,Yes,0,0,1,Serious
2555,2024-07-18,17,Thu,Clear,Daylight,Urban Road,30,1,No,0,0,0,Minor
2556,2024-04-12,8,Fri,Rain,Daylight,Highway,120,1,No,0,0,1,Fatal
2557,2024-11-20,8,Wed,Clear,Daylight,Highway,120,2,Yes,0,0,1,Fatal
2558,2024-04-16,14,Tue,Clear,Daylight,Highway,60,2,No,0,0,3,Serious
2559,2024-07-14,9,Sun,Clear,Daylight,Urban Road,40,1,No,0,0,0,Minor
2560,2023-03-19,7,Sun,Clear,Daylight,Rural Road,100,1,No,0,0,1,Serious
2561,2022-03-16,8,Wed,Rain,Daylight,Intersection,60,2,Yes,0,0,2,Fatal
2562,2023-07-11,3,Tue,Clear,Dark,Intersection,100,3,Yes,0,0,2,Minor
2563,2022-12-29,17,Thu,Clear,Daylight,Urban Road,100,2,No,0,0,2,Minor
2564,2023-03-24,13,Fri,Rain,Daylight,Rural Road,30,1,No,0,0,0,Minor
2565,2022-09-19,6,Mon,Clear,Daylight,Highway,70,3,No,0,0,2,Serious
2566,2022-05-05,7,Thu,Clear,Daylight,Highway,60,2,Yes,0,0,2,Serious
2567,2024-06-29,6,Sat,Clear,Daylight,Highway,120,2,No,0,0,4,Fatal
2568,2022-09-02,15,Fri,Cloudy,Daylight,Urban Road,50,1,No,0,0,1,Minor
2569,2023-06-26,6,Mon,Fog,Daylight,Highway,40,5,Yes,0,0,4,Fatal
2570,2023-04-30,17,Sun,Cloudy,Daylight,Highway,100,1,Yes,0,0,6,Fatal
2571,2022-05-02,2,Mon,Cloudy,Dark,Urban Road,40,3,No,0,0,2,Minor
2572,2022-05-05,8,Thu,Cloudy,Daylight,Urban Road,70,2,Yes,0,0,2,Serious
2573,2022-06-19,19,Sun,Snow,Dusk/Dawn,Urban Road,50,1,No,0,0,1,Fatal
2574,2022-05-04,17,Wed,Rain,Daylight,Urban Road,60,1,Yes,0,0,1,Serious
2575,2024-11-24,6,Sun,Clear,Daylight,Highway,70,2,Yes,0,0,4,Serious
2576,2023-10-08,18,Sun,Clear,Daylight,Highway,50,3,No,0,0,1,Serious
2577,2024-02-25,13,Sun,Fog,Daylight,Highway,120,1,Yes,0,0,0,Fatal
2578,2022-07-20,18,Wed,Cloudy,Daylight,Highway,40,3,No,0,0,0,Minor
2579,2023-01-04,15,Wed,Clear,Daylight,Urban Road,50,2,No,0,0,0,Minor
2580,2024-03-07,16,Thu,Fog,Daylight,Rural Road,50,2,No,0,0,3,Serious
2581,2022-03-18,23,Fri,Clear,Dark,Urban Road,70,1,No,0,0,0,Serious
2582,2022-02-28,8,Mon,Clear,Daylight,Urban Road,50,4,Yes,0,0,1,Minor
2583,2023-03-07,16,Tue,Clear,Daylight,Intersection,30,2,No,0,0,1,Minor
2584,2023-09-30,13,Sat,Rain,Daylight,Highway,120,1,No,0,0,1,Serious
2585,2022-04-19,3,Tue,Clear,Dark,Highway,50,2,Yes,0,0,2,Fatal
2586,2024-10-04,1,Fri,Fog,Dark,Urban Road,50,1,Yes,0,0,1,Fatal
2587,2022-03-09,7,Wed,Cloudy,Daylight,Urban Road,50,2,Yes,0,0,2,Serious
2588,2024-12-28,16,Sat,Cloudy,Daylight,Urban Road,40,1,Yes,0,0,0,Minor
2589,2022-11-01,15,Tue,Clear,Daylight,Rural Road,40,5,No,0,0,1,Minor
2590,2023-11-05,14,Sun,Cloudy,Daylight,Highway,40,2,No,0,0,1,Minor
2591,2022-12-31,3,Sat,Clear,Dark,Urban Road,40,5,No,0,0,2,Fatal
2592,2024-03-31,13,Sun,Clear,Daylight,Highway,40,2,No,0,0,2,Fatal
2593,2022-12-09,20,Fri,Fog,Dark,Rural Road,50,2,No,0,0,0,Serious
2594,2024-08-04,11,Sun,Clear,Daylight,Intersection,70,4,Yes,0,0,2,Fatal
2595,2024-06-17,16,Mon,Clear,Daylight,Highway,70,2,No,0,0,0,Minor
2596,2024-02-01,18,Thu,Clear,Daylight,Highway,30,2,Yes,0,0,0,Minor
2597,2022-12-07,18,Wed,Fog,Daylight,Highway,120,1,Yes,1,0,0,Fatal
2598,2024-07-30,14,Tue,Clear,Daylight,Highway,100,4,No,0,0,4,Fatal
2599,2023-01-18,19,Wed,Rain,Dusk/Dawn,Urban Road,120,1,Yes,0,0,2,Fatal
2600,2024-09-30,11,Mon,Rain,Daylight,Urban Road,50,3,Yes,0,0,4,Fatal
2601,2022-10-27,19,Thu,Fog,Dusk/Dawn,Intersection,70,2,Yes,0,0,5,Fatal
2602,2022-05-19,8,Thu,Cloudy,Daylight,Urban Road,40,1,Yes,0,0,2,Serious
2603,2022-12-25,9,Sun,Clear,Daylight,Highway,100,1,No,0,0,0,Serious
2604,2024-04-15,5,Mon,Clear,Dark,Highway,40,4,Yes,0,0,1,Serious
2605,2023-04-28,18,Fri,Clear,Daylight,Highway,50,3,Yes,0,0,5,Fatal
2606,2024-06-27,12,Thu,Clear,Daylight,Highway,60,2,Yes,0,0,0,Fatal
2607,2024-05-15,8,Wed,Fog,Daylight,Rural Road,60,2,Yes,0,0,3,Serious
2608,2022-05-19,8,Thu,Clear,Daylight,Highway,60,1,No,0,0,0,Serious
2609,2024-09-22,20,Sun,Clear,Dark,Intersection,40,2,Yes,0,0,1,Serious
2610,2023-03-11,18,Sat,Snow,Daylight,Urban Road,50,2,Yes,0,0,0,Serious
2611,2023-05-24,14,Wed,Rain,Daylight,Urban Road,120,3,No,0,0,6,Fatal
2612,2022-09-30,15,Fri,Fog,Daylight,Urban Road,100,2,Yes,0,0,5,Fatal
2613,2022-04-14,13,Thu,Cloudy,Daylight,Rural Road,60,5,No,0,0,2,Serious
2614,2024-02-01,11,Thu,Snow,Daylight,Urban Road,60,1,Yes,0,0,0,Fatal
2615,2024-02-26,20,Mon,Fog,Dark,Urban Road,40,1,No,0,0,2,Serious
2616,2022-06-14,7,Tue,Clear,Daylight,Highway,40,4,No,0,0,2,Serious
2617,2024-09-25,12,Wed,Cloudy,Daylight,Intersection,50,2,No,0,0,1,Minor
2618,2023-06-04,10,Sun,Rain,Daylight,Highway,60,2,No,0,0,0,Serious
2619,2023-06-01,13,Thu,Clear,Daylight,Urban Road,80,3,No,0,0,1,Serious
2620,2023-10-19,12,Thu,Clear,Daylight,Urban Road,60,2,No,0,0,2,Serious
2621,2023-09-05,14,Tue,Fog,Daylight,Highway,40,1,No,0,0,2,Serious
2622,2022-06-13,7,Mon,Cloudy,Daylight,Highway,50,2,Yes,0,0,2,Serious
2623,2022-03-05,14,Sat,Clear,Daylight,Highway,40,1,Yes,0,0,3,Serious
2624,2022-09-24,8,Sat,Clear,Daylight,Rural Road,80,1,Yes,0,0,2,Minor
2625,2022-09-03,8,Sat,Cloudy,Daylight,Urban Road,40,1,No,0,0,2,Serious
2626,2023-01-30,5,Mon,Cloudy,Dark,Rural Road,60,2,Yes,0,1,6,Fatal
2627,2023-04-21,17,Fri,Clear,Daylight,Rural Road,70,1,No,0,0,1,Serious
2628,2024-09-03,12,Tue,Clear,Daylight,Highway,40,4,Yes,0,0,1,Fatal
2629,2024-11-09,16,Sat,Rain,Daylight,Urban Road,30,2,No,0,0,1,Serious
2630,2023-07-12,17,Wed,Clear,Daylight,Rural Road,60,2,No,0,0,2,Serious
2631,2024-10-14,16,Mon,Cloudy,Daylight,Urban Road,30,2,No,0,0,1,Minor
2632,2024-06-01,13,Sat,Clear,Daylight,Urban Road,60,3,No,0,0,5,Serious
2633,2022-05-27,11,Fri,Clear,Daylight,Rural Road,80,2,No,0,0,0,Minor
2634,2023-10-28,11,Sat,Clear,Daylight,Highway,50,1,Yes,0,0,2,Minor
2635,2023-09-12,16,Tue,Clear,Daylight,Rural Road,60,1,Yes,0,0,3,Serious
2636,2024-03-30,13,Sat,Clear,Daylight,Highway,120,3,No,0,0,2,Fatal
2637,2024-05-13,19,Mon,Clear,Dusk/Dawn,Urban Road,60,1,No,0,0,2,Serious
2638,2023-08-05,19,Sat,Snow,Dusk/Dawn,Highway,120,1,No,0,0,2,Fatal
2639,2024-10-19,7,Sat,Clear,Daylight,Intersection,40,2,Yes,0,0,0,Minor
2640,2023-11-26,7,Sun,Cloudy,Daylight,Urban Road,80,1,Yes,0,0,1,Serious
2641,2023-02-11,16,Sat,Clear,Daylight,Urban Road,70,5,Yes,0,0,2,Minor
2642,2023-02-03,9,Fri,Rain,Daylight,Rural Road,100,3,No,1,0,4,Fatal
2643,2023-12-16,1,Sat,Clear,Dark,Intersection,30,2,Yes,0,0,2,Fatal
2644,2023-12-05,19,Tue,Clear,Dusk/Dawn,Rural Road,50,3,No,0,0,3,Serious
2645,2024-01-31,8,Wed,Rain,Daylight,Highway,40,2,No,0,0,2,Serious
2646,2023-05-14,20,Sun,Rain,Dark,Intersection,120,3,Yes,0,0,1,Fatal
2647,2024-08-31,17,Sat,Snow,Daylight,Urban Road,50,2,Yes,0,0,1,Serious
2648,2022-03-23,17,Wed,Snow,Daylight,Urban Road,120,1,Yes,0,0,4,Fatal
2649,2023-08-27,8,Sun,Rain,Daylight,Intersection,50,4,No,0,0,6,Fatal
2650,2024-02-11,8,Sun,Clear,Daylight,Highway,40,3,Yes,1,0,2,Fatal
2651,2024-06-21,14,Fri,Cloudy,Daylight,Highway,50,4,Yes,0,0,0,Serious
2652,2022-12-31,7,Sat,Rain,Daylight,Urban Road,60,3,Yes,0,0,1,Fatal
2653,2022-06-12,9,Sun,Cloudy,Daylight,Rural Road,100,2,Yes,0,0,2,Fatal
2654,2024-12-07,9,Sat,Cloudy,Daylight,Urban Road,50,1,Yes,0,0,2,Serious
2655,2023-05-26,7,Fri,Clear,Daylight,Urban Road,120,1,Yes,0,0,1,Fatal
2656,2022-04-26,8,Tue,Clear,Daylight,Urban Road,40,1,Yes,0,0,1,Minor
2657,2024-07-29,18,Mon,Rain,Daylight,Urban Road,70,1,No,0,0,0,Minor
2658,2022-12-03,7,Sat,Fog,Daylight,Intersection,80,2,Yes,0,0,2,Serious
2659,2024-05-30,2,Thu,Rain,Dark,Highway,50,2,No,0,0,3,Fatal
2660,2024-01-07,16,Sun,Snow,Daylight,Rural Road,30,2,No,0,0,2,Minor
2661,2024-04-19,22,Fri,Clear,Dark,Rural Road,50,2,No,0,0,1,Serious
2662,2022-05-27,10,Fri,Clear,Daylight,Urban Road,30,2,Yes,0,0,0,Minor
2663,2023-03-19,7,Sun,Clear,Daylight,Urban Road,120,2,Yes,0,0,1,Serious
2664,2024-04-16,15,Tue,Rain,Daylight,Highway,120,5,No,0,0,2,Serious
2665,2024-11-02,20,Sat,Fog,Dark,Rural Road,80,2,No,0,0,2,Fatal
2666,2024-07-31,18,Wed,Clear,Daylight,Urban Road,80,1,Yes,0,0,6,Serious
2667,2022-10-14,16,Fri,Rain,Daylight,Urban Road,40,2,Yes,0,0,1,Serious
2668,2023-12-21,9,Thu,Clear,Daylight,Urban Road,30,3,No,0,0,2,Serious
2669,2023-04-25,14,Tue,Clear,Daylight,Urban Road,100,2,Yes,0,0,3,Serious
2670,2022-01-22,6,Sat,Fog,Daylight,Rural Road,60,4,No,0,0,2,Fatal
2671,2023-11-14,16,Tue,Clear,Daylight,Rural Road,70,1,No,0,0,2,Serious
2672,2024-06-24,17,Mon,Rain,Daylight,Urban Road,80,2,Yes,0,0,2,Fatal
2673,2022-11-16,21,Wed,Cloudy,Dark,Rural Road,50,1,No,0,0,0,Fatal
2674,2022-05-06,8,Fri,Cloudy,Daylight,Rural Road,40,3,No,0,0,1,Minor
2675,2022-10-04,1,Tue,Clear,Dark,Highway,80,2,No,1,0,2,Fatal
2676,2022-07-13,14,Wed,Clear,Daylight,Highway,60,1,No,0,0,4,Minor
2677,2023-11-27,17,Mon,Fog,Daylight,Intersection,100,2,Yes,0,0,3,Fatal
2678,2022-02-26,18,Sat,Snow,Daylight,Rural Road,50,2,No,0,0,2,Serious
2679,2022-01-19,8,Wed,Snow,Daylight,Urban Road,40,5,Yes,0,0,3,Fatal
2680,2022-09-21,8,Wed,Clear,Daylight,Highway,40,2,No,0,0,4,Serious
2681,2024-03-04,14,Mon,Clear,Daylight,Intersection,80,1,No,0,0,2,Serious
2682,2022-04-23,10,Sat,Rain,Daylight,Urban Road,60,2,Yes,0,0,1,Fatal
2683,2023-06-26,19,Mon,Fog,Dusk/Dawn,Intersection,50,2,Yes,1,0,2,Fatal
2684,2023-10-09,13,Mon,Clear,Daylight,Intersection,60,2,No,0,0,2,Serious
2685,2023-08-02,18,Wed,Clear,Daylight,Intersection,60,2,Yes,0,0,2,Serious
2686,2024-12-24,15,Tue,Fog,Daylight,Intersection,40,2,No,0,0,2,Minor
2687,2022-01-25,17,Tue,Clear,Daylight,Highway,50,4,Yes,0,0,4,Fatal
2688,2022-01-01,10,Sat,Clear,Daylight,Intersection,50,1,No,0,0,1,Minor
2689,2024-06-29,18,Sat,Clear,Daylight,Highway,50,3,No,0,0,1,Serious
2690,2022-05-21,9,Sat,Clear,Daylight,Intersection,60,4,Yes,0,0,2,Serious
2691,2023-10-10,14,Tue,Rain,Daylight,Highway,40,2,Yes,0,0,2,Serious
2692,2022-07-07,8,Thu,Clear,Daylight,Urban Road,50,1,No,0,0,3,Serious
2693,2022-07-20,13,Wed,Clear,Daylight,Highway,50,3,No,0,0,2,Minor
2694,2022-09-14,9,Wed,Clear,Daylight,Rural Road,50,3,No,0,0,3,Serious
2695,2023-07-01,9,Sat,Clear,Daylight,Highway,120,1,No,0,0,2,Serious
2696,2022-07-13,21,Wed,Rain,Dark,Urban Road,30,2,No,0,0,3,Fatal
2697,2023-12-04,7,Mon,Clear,Daylight,Intersection,70,2,No,0,0,1,Minor
2698,2024-03-12,18,Tue,Rain,Daylight,Rural Road,40,1,No,0,0,2,Serious
2699,2024-07-30,22,Tue,Clear,Dark,Highway,100,3,No,0,0,1,Fatal
2700,2023-02-18,1,Sat,Clear,Dark,Urban Road,120,2,Yes,1,0,4,Fatal
2701,2024-06-28,17,Fri,Clear,Daylight,Highway,50,4,No,0,0,4,Serious
2702,2022-07-07,8,Thu,Clear,Daylight,Rural Road,100,2,No,0,0,2,Fatal
2703,2022-02-14,3,Mon,Rain,Dark,Intersection,40,2,Yes,0,0,2,Fatal
2704,2022-03-24,11,Thu,Clear,Daylight,Rural Road,40,2,No,0,0,2,Minor
2705,2022-12-24,20,Sat,Cloudy,Dark,Highway,50,2,Yes,0,0,1,Minor
2706,2024-12-25,1,Wed,Clear,Dark,Urban Road,50,3,No,0,0,3,Fatal
2707,2024-07-24,15,Wed,Clear,Daylight,Intersection,50,2,No,0,0,3,Serious
2708,2023-01-10,13,Tue,Clear,Daylight,Highway,50,3,Yes,0,0,4,Fatal
2709,2022-06-11,19,Sat,Snow,Dusk/Dawn,Urban Road,50,3,No,0,0,2,Fatal
2710,2022-11-18,6,Fri,Clear,Daylight,Urban Road,80,2,Yes,0,0,3,Serious
2711,2023-03-26,16,Sun,Clear,Daylight,Rural Road,40,1,No,0,0,1,Serious
2712,2024-11-02,16,Sat,Clear,Daylight,Intersection,30,4,No,0,0,0,Serious
2713,2022-07-03,16,Sun,Clear,Daylight,Urban Road,60,2,Yes,0,0,0,Minor
2714,2022-04-21,21,Thu,Cloudy,Dark,Rural Road,50,5,No,0,0,5,Fatal
2715,2023-05-23,18,Tue,Rain,Daylight,Urban Road,30,2,No,0,0,1,Serious
2716,2022-10-22,4,Sat,Snow,Dark,Highway,40,1,Yes,0,0,1,Serious
2717,2024-06-22,13,Sat,Rain,Daylight,Highway,60,4,Yes,0,0,2,Fatal
2718,2024-08-31,11,Sat,Rain,Daylight,Urban Road,40,3,No,0,0,2,Serious
2719,2023-09-24,9,Sun,Clear,Daylight,Highway,100,3,No,0,0,4,Fatal
2720,2024-11-16,12,Sat,Rain,Daylight,Intersection,40,1,No,0,0,0,Serious
2721,2024-01-03,11,Wed,Clear,Daylight,Highway,30,3,Yes,0,1,0,Fatal
2722,2022-11-17,12,Thu,Clear,Daylight,Highway,50,2,No,0,0,3,Serious
2723,2024-07-01,22,Mon,Rain,Dark,Urban Road,120,2,No,0,0,0,Fatal
2724,2023-03-13,6,Mon,Snow,Daylight,Highway,70,4,Yes,0,0,6,Fatal
2725,2024-02-20,20,Tue,Fog,Dark,Urban Road,50,2,No,0,0,5,Serious
2726,2024-12-12,13,Thu,Rain,Daylight,Urban Road,30,1,Yes,0,0,1,Serious
2727,2023-12-27,16,Wed,Clear,Daylight,Rural Road,60,2,No,0,0,2,Serious
2728,2022-01-31,18,Mon,Clear,Daylight,Intersection,40,2,No,0,0,2,Serious
2729,2022-12-03,10,Sat,Clear,Daylight,Rural Road,70,4,No,0,0,0,Serious
2730,2022-07-02,12,Sat,Fog,Daylight,Highway,60,2,No,0,0,1,Fatal
2731,2024-11-12,12,Tue,Cloudy,Daylight,Intersection,50,3,No,0,0,3,Serious
2732,2023-06-28,11,Wed,Clear,Daylight,Urban Road,30,3,Yes,0,0,4,Serious
2733,2024-10-30,20,Wed,Clear,Dark,Urban Road,80,1,No,0,0,4,Fatal
2734,2023-10-22,18,Sun,Clear,Daylight,Urban Road,60,1,No,0,0,2,Serious
2735,2022-06-09,6,Thu,Cloudy,Daylight,Highway,100,2,No,0,0,0,Serious
2736,2024-11-03,6,Sun,Rain,Daylight,Intersection,50,3,No,0,0,1,Fatal
2737,2023-02-16,12,Thu,Clear,Daylight,Urban Road,70,2,No,0,0,0,Minor
2738,2024-10-08,6,Tue,Cloudy,Daylight,Urban Road,40,3,No,0,1,1,Serious
2739,2022-02-22,15,Tue,Cloudy,Daylight,Highway,50,2,No,0,0,1,Serious
2740,2023-02-12,7,Sun,Clear,Daylight,Rural Road,70,2,Yes,0,0,0,Serious
2741,2024-04-26,14,Fri,Cloudy,Daylight,Rural Road,100,1,No,0,0,3,Serious
2742,2024-11-11,0,Mon,Clear,Dark,Highway,50,1,No,1,0,1,Fatal
2743,2024-11-19,9,Tue,Clear,Daylight,Rural Road,80,3,No,0,0,1,Minor
2744,2023-12-04,16,Mon,Clear,Daylight,Rural Road,70,3,No,0,1,4,Serious
2745,2022-09-17,13,Sat,Cloudy,Daylight,Urban Road,50,2,No,0,0,2,Minor
2746,2024-12-18,22,Wed,Rain,Dark,Urban Road,100,2,No,0,0,2,Serious
2747,2024-02-15,19,Thu,Clear,Dusk/Dawn,Urban Road,60,2,No,0,0,2,Fatal
2748,2024-11-01,10,Fri,Cloudy,Daylight,Highway,70,1,No,0,0,2,Serious
2749,2024-04-29,4,Mon,Clear,Dark,Rural Road,60,2,No,0,0,0,Serious
2750,2022-12-20,18,Tue,Fog,Daylight,Urban Road,60,2,No,0,0,5,Serious
2751,2024-05-22,20,Wed,Rain,Dark,Urban Road,100,2,Yes,0,0,2,Serious
2752,2024-09-17,18,Tue,Clear,Daylight,Intersection,50,2,No,0,0,2,Minor
2753,2024-10-14,7,Mon,Clear,Daylight,Highway,30,3,Yes,0,0,2,Fatal
2754,2022-10-21,23,Fri,Cloudy,Dark,Highway,100,2,Yes,1,0,4,Fatal
2755,2022-07-28,8,Thu,Clear,Daylight,Highway,100,2,Yes,0,0,4,Fatal
2756,2024-03-28,17,Thu,Rain,Daylight,Highway,50,2,No,0,0,2,Serious
2757,2023-01-25,20,Wed,Rain,Dark,Highway,40,3,Yes,0,0,3,Fatal
2758,2022-11-21,8,Mon,Fog,Daylight,Intersection,70,2,No,0,0,1,Serious
2759,2024-07-28,20,Sun,Clear,Dark,Highway,30,1,Yes,0,0,1,Serious
2760,2024-06-07,9,Fri,Clear,Daylight,Rural Road,50,5,No,0,0,3,Serious
2761,2023-10-30,22,Mon,Clear,Dark,Highway,30,2,Yes,0,0,1,Minor
2762,2023-09-25,9,Mon,Cloudy,Daylight,Urban Road,60,1,Yes,0,0,3,Serious
2763,2023-07-31,21,Mon,Clear,Dark,Intersection,30,2,No,0,0,3,Serious
2764,2022-05-17,5,Tue,Clear,Dark,Highway,70,3,Yes,0,0,2,Fatal
2765,2023-03-04,17,Sat,Cloudy,Daylight,Intersection,70,2,Yes,0,0,1,Serious
2766,2023-09-04,14,Mon,Snow,Daylight,Intersection,60,2,No,0,0,3,Minor
2767,2024-06-29,13,Sat,Clear,Daylight,Urban Road,40,1,Yes,0,0,2,Minor
2768,2024-03-29,8,Fri,Cloudy,Daylight,Urban Road,40,2,Yes,0,0,2,Minor
2769,2022-05-21,17,Sat,Fog,Daylight,Rural Road,50,1,Yes,0,0,1,Fatal
2770,2022-06-26,8,Sun,Clear,Daylight,Intersection,60,2,Yes,0,0,3,Fatal
2771,2022-07-17,14,Sun,Clear,Daylight,Highway,70,2,Yes,0,0,0,Serious
2772,2023-09-16,8,Sat,Fog,Daylight,Urban Road,30,2,No,0,0,0,Serious
2773,2023-11-22,21,Wed,Snow,Dark,Urban Road,80,2,Yes,0,0,3,Serious
2774,2023-02-05,2,Sun,Clear,Dark,Highway,80,2,Yes,0,0,2,Fatal
2775,2023-04-16,8,Sun,Clear,Daylight,Intersection,50,2,No,0,0,2,Minor
2776,2022-08-06,8,Sat,Clear,Daylight,Urban Road,50,1,No,0,0,2,Minor
2777,2024-07-17,12,Wed,Rain,Daylight,Urban Road,100,2,Yes,0,0,2,Serious
2778,2023-09-24,8,Sun,Clear,Daylight,Urban Road,80,1,No,0,0,1,Minor
2779,2024-08-08,13,Thu,Clear,Daylight,Highway,120,3,Yes,0,0,4,Serious
2780,2024-06-24,19,Mon,Rain,Dusk/Dawn,Highway,50,3,No,0,0,3,Serious
2781,2022-06-24,17,Fri,Snow,Daylight,Urban Road,120,3,No,0,0,1,Fatal
2782,2022-01-23,15,Sun,Rain,Daylight,Urban Road,30,2,No,0,0,1,Minor
2783,2022-08-23,6,Tue,Clear,Daylight,Highway,50,2,Yes,0,0,1,Minor
2784,2024-11-02,17,Sat,Clear,Daylight,Highway,60,3,No,0,0,1,Fatal
2785,2024-07-17,7,Wed,Clear,Daylight,Urban Road,50,2,Yes,0,0,2,Minor
2786,2023-06-07,18,Wed,Cloudy,Daylight,Intersection,70,1,No,0,0,3,Serious
2787,2023-03-07,8,Tue,Snow,Daylight,Intersection,40,4,Yes,0,0,1,Serious
2788,2024-03-03,12,Sun,Clear,Daylight,Highway,100,1,No,0,0,2,Serious
2789,2023-06-17,10,Sat,Clear,Daylight,Urban Road,60,2,No,0,0,1,Minor
2790,2024-09-05,19,Thu,Rain,Dusk/Dawn,Intersection,120,2,No,0,0,0,Fatal
2791,2024-03-20,7,Wed,Rain,Daylight,Urban Road,30,3,No,0,0,3,Serious
2792,2024-07-01,15,Mon,Clear,Daylight,Intersection,70,4,No,1,0,2,Fatal
2793,2024-05-20,7,Mon,Cloudy,Daylight,Intersection,50,4,Yes,0,0,1,Minor
2794,2023-06-24,17,Sat,Snow,Daylight,Highway,60,2,No,0,0,4,Serious
2795,2024-10-20,20,Sun,Rain,Dark,Highway,80,2,No,0,0,4,Fatal
2796,2022-08-15,12,Mon,Cloudy,Daylight,Highway,40,1,Yes,0,0,1,Minor
2797,2024-05-22,13,Wed,Snow,Daylight,Highway,40,2,No,0,0,0,Serious
2798,2024-06-10,20,Mon,Snow,Dark,Intersection,80,4,Yes,0,0,3,Fatal
2799,2024-11-02,14,Sat,Cloudy,Daylight,Intersection,60,2,Yes,0,1,0,Serious
2800,2022-07-29,13,Fri,Clear,Daylight,Highway,40,1,Yes,0,0,2,Fatal
2801,2024-01-11,15,Thu,Clear,Daylight,Urban Road,60,1,No,0,0,1,Minor
2802,2023-02-01,16,Wed,Cloudy,Daylight,Urban Road,60,2,Yes,0,0,5,Serious
2803,2022-01-31,6,Mon,Snow,Daylight,Urban Road,70,1,Yes,0,0,2,Fatal
2804,2024-06-16,18,Sun,Cloudy,Daylight,Urban Road,30,2,No,0,0,0,Minor
2805,2023-10-11,12,Wed,Clear,Daylight,Intersection,60,2,No,0,0,0,Minor
2806,2022-11-25,6,Fri,Rain,Daylight,Highway,70,2,No,0,0,0,Minor
2807,2024-08-09,18,Fri,Clear,Daylight,Highway,80,1,Yes,0,0,2,Serious
2808,2023-09-13,11,Wed,Rain,Daylight,Highway,100,4,No,0,0,4,Fatal
2809,2022-06-11,6,Sat,Clear,Daylight,Urban Road,50,2,Yes,0,0,0,Minor
2810,2024-02-15,16,Thu,Clear,Daylight,Urban Road,50,2,No,0,0,1,Serious
2811,2022-10-01,19,Sat,Clear,Dusk/Dawn,Urban Road,40,2,No,0,0,5,Serious
2812,2024-10-23,19,Wed,Rain,Dusk/Dawn,Urban Road,50,2,No,0,0,3,Serious
2813,2024-11-17,21,Sun,Clear,Dark,Rural Road,30,3,No,0,0,0,Minor
2814,2022-11-22,19,Tue,Clear,Dusk/Dawn,Urban Road,100,4,No,0,0,1,Fatal
2815,2024-07-28,0,Sun,Clear,Dark,Urban Road,100,1,No,1,0,0,Fatal
2816,2023-06-24,11,Sat,Clear,Daylight,Intersection,50,1,No,0,0,1,Minor
2817,2023-05-03,18,Wed,Cloudy,Daylight,Intersection,50,2,Yes,0,0,1,Minor
2818,2024-04-01,10,Mon,Clear,Daylight,Highway,40,1,No,0,0,1,Serious
2819,2024-12-24,15,Tue,Clear,Daylight,Urban Road,100,4,Yes,0,0,2,Serious
2820,2022-12-22,15,Thu,Cloudy,Daylight,Intersection,100,2,No,0,0,2,Serious
2821,2022-08-23,10,Tue,Rain,Daylight,Highway,50,2,Yes,0,0,4,Fatal
2822,2022-08-15,20,Mon,Fog,Dark,Urban Road,70,2,No,0,0,3,Fatal
2823,2022-02-18,13,Fri,Rain,Daylight,Urban Road,50,2,No,0,0,3,Serious
2824,2022-04-28,13,Thu,Cloudy,Daylight,Highway,40,1,Yes,0,0,1,Fatal
2825,2022-02-23,23,Wed,Clear,Dark,Highway,30,4,No,0,0,0,Fatal
2826,2023-07-19,13,Wed,Cloudy,Daylight,Urban Road,60,1,Yes,0,0,1,Minor
2827,2024-12-03,7,Tue,Cloudy,Daylight,Rural Road,40,5,Yes,0,0,1,Fatal
2828,2022-02-22,14,Tue,Rain,Daylight,Intersection,30,1,No,0,0,4,Serious
2829,2023-07-12,18,Wed,Rain,Daylight,Intersection,40,3,Yes,0,0,2,Fatal
2830,2024-05-17,18,Fri,Rain,Daylight,Highway,50,1,Yes,0,0,0,Serious
2831,2023-02-02,18,Thu,Clear,Daylight,Highway,70,2,No,0,0,2,Serious
2832,2023-11-06,17,Mon,Clear,Daylight,Rural Road,40,2,No,0,0,1,Minor
2833,2023-01-22,8,Sun,Cloudy,Daylight,Urban Road,100,1,Yes,0,0,2,Serious
2834,2022-04-21,19,Thu,Rain,Dusk/Dawn,Urban Road,50,2,Yes,0,0,2,Fatal
2835,2023-09-06,19,Wed,Clear,Dusk/Dawn,Highway,50,2,Yes,1,0,1,Fatal
2836,2022-01-17,8,Mon,Snow,Daylight,Highway,40,2,Yes,0,0,4,Serious
2837,2024-06-02,7,Sun,Rain,Daylight,Urban Road,50,2,Yes,0,0,1,Serious
2838,2023-06-25,22,Sun,Clear,Dark,Highway,30,3,No,1,0,2,Fatal
2839,2022-06-20,19,Mon,Fog,Dusk/Dawn,Intersection,50,1,Yes,0,0,2,Fatal
2840,2023-02-13,19,Mon,Fog,Dusk/Dawn,Highway,100,1,No,0,0,3,Fatal
2841,2024-01-10,19,Wed,Clear,Dusk/Dawn,Intersection,70,2,No,0,0,0,Serious
2842,2024-05-07,14,Tue,Cloudy,Daylight,Intersection,100,4,No,0,0,1,Serious
2843,2022-08-18,16,Thu,Clear,Daylight,Urban Road,40,3,Yes,0,0,2,Fatal
2844,2022-04-29,14,Fri,Clear,Daylight,Rural Road,60,2,No,0,0,0,Serious
2845,2024-02-23,5,Fri,Clear,Dark,Rural Road,40,4,No,0,0,2,Fatal
2846,2023-04-10,17,Mon,Rain,Daylight,Highway,80,3,Yes,0,0,3,Fatal
2847,2022-04-14,13,Thu,Clear,Daylight,Urban Road,120,2,Yes,0,0,0,Fatal
2848,2023-11-29,16,Wed,Clear,Daylight,Urban Road,100,1,Yes,0,0,2,Serious
2849,2022-06-24,13,Fri,Cloudy,Daylight,Urban Road,30,2,No,0,0,1,Serious
2850,2024-01-15,13,Mon,Clear,Daylight,Urban Road,50,1,Yes,0,0,0,Minor
2851,2023-10-27,7,Fri,Snow,Daylight,Urban Road,30,2,No,0,0,0,Minor
2852,2022-02-02,9,Wed,Rain,Daylight,Urban Road,30,2,No,0,0,1,Serious
2853,2022-02-24,7,Thu,Cloudy,Daylight,Urban Road,30,2,No,0,0,1,Serious
2854,2023-06-03,8,Sat,Rain,Daylight,Urban Road,50,1,No,0,0,2,Serious
2855,2024-01-26,22,Fri,Clear,Dark,Urban Road,50,3,Yes,0,0,1,Minor
2856,2022-01-12,7,Wed,Clear,Daylight,Intersection,50,2,No,0,0,2,Serious
2857,2023-12-21,9,Thu,Cloudy,Daylight,Urban Road,50,2,No,0,0,1,Minor
2858,2023-07-09,15,Sun,Cloudy,Daylight,Rural Road,80,5,No,0,0,3,Minor
2859,2023-01-08,15,Sun,Clear,Daylight,Urban Road,40,2,Yes,0,0,2,Minor
2860,2023-04-29,7,Sat,Rain,Daylight,Urban Road,40,2,No,0,0,0,Minor
2861,2024-08-30,18,Fri,Clear,Daylight,Urban Road,70,2,No,0,0,3,Serious
2862,2023-09-15,18,Fri,Cloudy,Daylight,Highway,60,4,No,0,0,0,Serious
2863,2022-11-03,8,Thu,Cloudy,Daylight,Intersection,40,1,Yes,0,0,2,Minor
2864,2023-04-02,9,Sun,Cloudy,Daylight,Highway,100,3,Yes,0,0,3,Fatal
2865,2022-06-09,20,Thu,Cloudy,Dark,Urban Road,50,4,No,1,0,1,Fatal
2866,2022-11-27,18,Sun,Cloudy,Daylight,Highway,50,2,No,0,0,1,Serious
2867,2024-02-15,17,Thu,Clear,Daylight,Highway,50,2,No,0,0,1,Fatal
2868,2022-08-13,6,Sat,Cloudy,Daylight,Rural Road,50,2,No,0,0,4,Serious
2869,2024-09-09,12,Mon,Fog,Daylight,Urban Road,60,1,Yes,0,0,6,Fatal
2870,2023-12-30,14,Sat,Cloudy,Daylight,Intersection,50,2,Yes,0,1,0,Serious
2871,2024-12-04,8,Wed,Rain,Daylight,Highway,50,4,No,1,0,5,Fatal
2872,2024-12-18,12,Wed,Clear,Daylight,Highway,120,2,No,0,0,1,Fatal
2873,2023-10-06,15,Fri,Rain,Daylight,Highway,50,1,No,0,0,2,Fatal
2874,2023-09-08,10,Fri,Fog,Daylight,Urban Road,70,2,No,0,0,2,Fatal
2875,2022-07-14,18,Thu,Clear,Daylight,Intersection,50,2,No,0,0,2,Minor
2876,2023-05-04,18,Thu,Clear,Daylight,Urban Road,50,2,Yes,0,0,1,Fatal
2877,2022-06-06,9,Mon,Rain,Daylight,Urban Road,40,2,No,0,0,0,Minor
2878,2023-09-02,18,Sat,Clear,Daylight,Intersection,80,3,No,0,0,3,Serious
2879,2023-02-16,6,Thu,Clear,Daylight,Highway,80,2,Yes,0,0,1,Fatal
2880,2023-04-16,18,Sun,Clear,Daylight,Urban Road,30,5,No,0,0,0,Serious
2881,2023-05-31,7,Wed,Cloudy,Daylight,Urban Road,30,4,No,0,0,0,Serious
2882,2023-01-28,6,Sat,Snow,Daylight,Highway,120,1,No,0,0,1,Fatal
2883,2023-09-23,16,Sat,Clear,Daylight,Highway,100,2,No,0,0,2,Serious
2884,2023-08-31,13,Thu,Snow,Daylight,Highway,60,2,Yes,0,0,2,Fatal
2885,2024-09-06,20,Fri,Fog,Dark,Intersection,60,1,Yes,0,0,2,Fatal
2886,2023-03-10,10,Fri,Clear,Daylight,Urban Road,100,2,Yes,1,0,3,Fatal
2887,2023-06-24,9,Sat,Clear,Daylight,Intersection,40,2,Yes,0,0,1,Minor
2888,2022-10-05,13,Wed,Rain,Daylight,Urban Road,70,1,Yes,0,0,3,Fatal
2889,2022-08-21,12,Sun,Clear,Daylight,Urban Road,60,1,No,0,0,0,Serious
2890,2022-12-28,10,Wed,Snow,Daylight,Rural Road,80,1,No,1,0,3,Fatal
2891,2022-01-26,16,Wed,Clear,Daylight,Intersection,30,1,No,0,0,1,Minor
2892,2024-11-14,17,Thu,Clear,Daylight,Highway,60,2,No,0,0,1,Serious
2893,2023-05-22,19,Mon,Cloudy,Dusk/Dawn,Urban Road,60,2,Yes,0,1,0,Serious
2894,2022-09-24,22,Sat,Clear,Dark,Rural Road,100,4,No,0,0,6,Fatal
2895,2023-04-06,9,Thu,Fog,Daylight,Intersection,70,1,Yes,0,0,1,Minor
2896,2023-04-01,17,Sat,Clear,Daylight,Intersection,100,4,Yes,0,0,2,Fatal
2897,2024-12-27,11,Fri,Clear,Daylight,Urban Road,100,1,Yes,0,0,3,Serious
2898,2024-10-03,16,Thu,Clear,Daylight,Highway,50,2,No,0,0,2,Fatal
2899,2024-05-12,13,Sun,Clear,Daylight,Highway,40,1,Yes,0,0,0,Minor
2900,2023-05-06,23,Sat,Clear,Dark,Intersection,70,3,Yes,0,0,4,Fatal
2901,2024-12-08,17,Sun,Clear,Daylight,Urban Road,100,1,No,0,0,2,Serious
2902,2023-07-18,21,Tue,Rain,Dark,Highway,30,4,No,0,0,2,Serious
2903,2022-08-04,18,Thu,Rain,Daylight,Intersection,60,1,Yes,0,0,1,Serious
2904,2023-07-13,20,Thu,Clear,Dark,Highway,40,1,Yes,0,0,1,Minor
2905,2022-06-08,18,Wed,Cloudy,Daylight,Rural Road,30,2,No,0,0,3,Serious
2906,2023-05-04,12,Thu,Clear,Daylight,Urban Road,70,3,Yes,0,0,2,Fatal
2907,2023-11-17,8,Fri,Clear,Daylight,Highway,70,4,No,0,0,0,Fatal
2908,2024-03-04,11,Mon,Rain,Daylight,Urban Road,70,2,Yes,0,0,5,Serious
2909,2022-01-05,1,Wed,Clear,Dark,Highway,100,3,No,0,0,7,Fatal
2910,2022-12-27,14,Tue,Clear,Daylight,Urban Road,30,3,No,0,0,1,Minor
2911,2023-04-04,13,Tue,Clear,Daylight,Urban Road,40,2,No,0,0,0,Minor
2912,2022-09-05,14,Mon,Cloudy,Daylight,Highway,100,2,Yes,0,0,3,Serious
2913,2024-08-03,22,Sat,Rain,Dark,Intersection,60,1,Yes,0,0,3,Fatal
2914,2023-02-26,20,Sun,Clear,Dark,Urban Road,50,2,No,0,0,2,Fatal
2915,2022-01-15,7,Sat,Clear,Daylight,Highway,80,3,No,0,0,1,Fatal
2916,2024-01-06,11,Sat,Cloudy,Daylight,Highway,100,2,No,0,0,1,Serious
2917,2022-10-04,12,Tue,Rain,Daylight,Highway,70,3,No,0,0,3,Serious
2918,2023-03-29,10,Wed,Clear,Daylight,Intersection,80,3,No,0,0,0,Serious
2919,2023-08-21,18,Mon,Clear,Daylight,Highway,50,3,No,0,0,2,Minor
2920,2023-03-22,14,Wed,Clear,Daylight,Urban Road,50,1,No,0,0,1,Minor
2921,2022-07-29,15,Fri,Rain,Daylight,Intersection,100,1,No,0,0,2,Fatal
2922,2023-12-15,19,Fri,Cloudy,Dusk/Dawn,Urban Road,70,1,No,0,0,1,Minor
2923,2022-10-29,18,Sat,Clear,Daylight,Urban Road,40,5,No,0,0,1,Fatal
2924,2022-01-03,7,Mon,Clear,Daylight,Intersection,60,1,No,0,0,3,Minor
2925,2024-09-16,17,Mon,Cloudy,Daylight,Rural Road,70,2,No,0,0,1,Serious
2926,2023-06-04,12,Sun,Rain,Daylight,Highway,40,2,No,0,0,2,Serious
2927,2023-05-08,9,Mon,Rain,Daylight,Urban Road,70,1,No,0,0,0,Minor
2928,2023-09-12,4,Tue,Clear,Dark,Intersection,30,2,No,0,0,1,Serious
2929,2022-11-27,13,Sun,Rain,Daylight,Urban Road,50,1,Yes,0,0,2,Minor
2930,2022-11-29,10,Tue,Rain,Daylight,Rural Road,70,2,Yes,0,0,3,Serious
2931,2022-02-19,8,Sat,Clear,Daylight,Intersection,40,5,Yes,0,0,1,Serious
2932,2024-05-12,17,Sun,Cloudy,Daylight,Rural Road,40,2,No,0,0,0,Minor
2933,2022-09-29,17,Thu,Cloudy,Daylight,Highway,100,3,No,0,0,2,Fatal
2934,2023-08-03,8,Thu,Fog,Daylight,Highway,70,2,No,0,0,1,Fatal
2935,2023-07-14,4,Fri,Rain,Dark,Urban Road,60,3,No,0,0,2,Fatal
2936,2023-11-27,19,Mon,Clear,Dusk/Dawn,Highway,40,4,Yes,0,0,0,Serious
2937,2023-03-22,0,Wed,Clear,Dark,Intersection,50,5,No,0,0,4,Serious
2938,2024-10-13,20,Sun,Clear,Dark,Urban Road,60,1,Yes,0,0,1,Serious
2939,2022-12-23,16,Fri,Snow,Daylight,Urban Road,40,3,Yes,0,0,1,Fatal
2940,2022-10-01,9,Sat,Clear,Daylight,Rural Road,60,1,No,0,0,0,Minor
2941,2024-11-08,8,Fri,Cloudy,Daylight,Urban Road,50,2,Yes,0,0,1,Serious
2942,2022-11-07,0,Mon,Clear,Dark,Urban Road,60,2,Yes,0,0,1,Fatal
2943,2024-05-19,8,Sun,Rain,Daylight,Highway,40,2,Yes,0,0,1,Fatal
2944,2024-06-04,7,Tue,Rain,Daylight,Urban Road,40,2,No,0,0,2,Serious
2945,2022-06-03,15,Fri,Rain,Daylight,Intersection,120,1,No,0,0,3,Serious
2946,2023-09-12,7,Tue,Cloudy,Daylight,Rural Road,120,3,Yes,0,0,2,Serious
2947,2024-06-01,14,Sat,Cloudy,Daylight,Urban Road,50,2,Yes,0,0,2,Serious
2948,2024-03-07,15,Thu,Clear,Daylight,Highway,80,1,Yes,0,1,2,Fatal
2949,2022-05-05,9,Thu,Clear,Daylight,Intersection,70,2,Yes,0,0,3,Minor
2950,2023-09-11,3,Mon,Clear,Dark,Intersection,40,2,No,0,0,4,Serious
2951,2022-09-02,3,Fri,Fog,Dark,Urban Road,50,1,No,0,0,2,Fatal
2952,2024-04-27,2,Sat,Clear,Dark,Rural Road,50,1,No,0,0,3,Minor
2953,2023-03-26,17,Sun,Fog,Daylight,Urban Road,60,5,No,0,0,4,Fatal
2954,2024-07-18,9,Thu,Clear,Daylight,Urban Road,60,3,No,0,0,2,Fatal
2955,2023-06-04,18,Sun,Rain,Daylight,Intersection,120,1,No,0,1,3,Fatal
2956,2022-12-28,12,Wed,Snow,Daylight,Highway,80,2,No,0,0,2,Fatal
2957,2022-01-08,12,Sat,Rain,Daylight,Urban Road,100,2,No,0,0,7,Fatal
2958,2023-04-23,14,Sun,Rain,Daylight,Highway,100,2,No,0,0,2,Fatal
2959,2023-05-10,17,Wed,Clear,Daylight,Urban Road,100,2,Yes,0,0,2,Serious
2960,2024-04-12,9,Fri,Clear,Daylight,Urban Road,50,1,No,0,0,3,Serious
2961,2024-11-28,7,Thu,Rain,Daylight,Highway,40,2,No,0,1,4,Fatal
2962,2023-08-16,14,Wed,Clear,Daylight,Urban Road,60,1,No,0,0,1,Minor
2963,2022-07-06,10,Wed,Cloudy,Daylight,Highway,70,2,No,0,0,0,Minor
2964,2024-01-24,12,Wed,Cloudy,Daylight,Rural Road,50,4,No,0,0,1,Minor
2965,2022-04-03,16,Sun,Cloudy,Daylight,Highway,100,5,Yes,1,0,5,Fatal
2966,2022-03-27,13,Sun,Clear,Daylight,Rural Road,120,4,Yes,0,0,0,Serious
2967,2024-12-03,15,Tue,Fog,Daylight,Urban Road,60,5,No,0,0,0,Fatal
2968,2022-05-17,14,Tue,Clear,Daylight,Intersection,60,1,No,0,0,2,Fatal
2969,2023-02-25,17,Sat,Clear,Daylight,Intersection,100,3,Yes,0,0,4,Fatal
2970,2022-03-15,17,Tue,Clear,Daylight,Highway,30,2,No,0,0,1,Minor
2971,2022-06-20,14,Mon,Clear,Daylight,Highway,40,3,Yes,0,0,4,Serious
2972,2022-06-19,16,Sun,Clear,Daylight,Rural Road,100,3,No,0,0,1,Serious
2973,2024-05-21,19,Tue,Clear,Dusk/Dawn,Urban Road,80,2,Yes,0,0,0,Minor
2974,2022-11-18,12,Fri,Cloudy,Daylight,Highway,50,2,No,0,0,0,Minor
2975,2023-04-01,12,Sat,Clear,Daylight,Highway,100,2,No,0,0,1,Serious
2976,2024-08-01,17,Thu,Cloudy,Daylight,Urban Road,50,2,No,0,0,1,Serious
2977,2024-02-29,15,Thu,Clear,Daylight,Intersection,70,5,No,0,0,1,Serious
2978,2023-09-05,5,Tue,Clear,Dark,Intersection,70,4,No,0,0,1,Serious
2979,2024-06-07,19,Fri,Rain,Dusk/Dawn,Highway,40,1,No,0,0,3,Fatal
2980,2022-12-15,3,Thu,Rain,Dark,Urban Road,50,2,No,1,0,5,Fatal
2981,2022-01-10,17,Mon,Clear,Daylight,Highway,120,1,No,0,0,2,Minor
2982,2024-01-10,17,Wed,Clear,Daylight,Urban Road,40,5,No,0,0,3,Minor
2983,2023-10-29,21,Sun,Clear,Dark,Rural Road,40,4,No,1,0,3,Fatal
2984,2023-06-30,5,Fri,Clear,Dark,Rural Road,60,2,Yes,0,0,1,Serious
2985,2022-05-09,15,Mon,Fog,Daylight,Urban Road,30,2,Yes,0,0,2,Fatal
2986,2023-08-24,12,Thu,Rain,Daylight,Highway,100,3,No,0,0,0,Fatal
2987,2023-08-28,10,Mon,Clear,Daylight,Urban Road,40,1,Yes,0,0,2,Fatal
2988,2022-11-23,6,Wed,Cloudy,Daylight,Intersection,70,4,No,0,0,1,Serious
2989,2024-09-06,15,Fri,Clear,Daylight,Highway,50,2,Yes,0,0,3,Serious
2990,2023-02-08,13,Wed,Fog,Daylight,Urban Road,100,1,No,0,0,1,Serious
2991,2023-09-21,6,Thu,Snow,Daylight,Rural Road,60,2,Yes,0,0,3,Fatal
2992,2023-12-19,15,Tue,Cloudy,Daylight,Rural Road,50,2,No,0,0,2,Serious
2993,2024-11-06,17,Wed,Clear,Daylight,Intersection,120,2,No,0,0,1,Fatal
2994,2022-10-01,17,Sat,Rain,Daylight,Urban Road,30,2,No,0,0,3,Minor
2995,2023-11-16,20,Thu,Clear,Dark,Urban Road,60,4,No,0,0,1,Fatal
2996,2022-04-26,12,Tue,Rain,Daylight,Urban Road,120,3,No,0,0,3,Fatal
2997,2024-05-10,21,Fri,Clear,Dark,Intersection,70,2,No,0,0,0,Serious
2998,2023-11-24,19,Fri,Clear,Dusk/Dawn,Rural Road,80,2,No,0,0,1,Minor
2999,2022-11-20,9,Sun,Cloudy,Daylight,Intersection,30,2,Yes,0,0,3,Serious
3000,2024-08-18,7,Sun,Clear,Daylight,Highway,30,2,No,0,0,0,Serious
3001,2022-04-24,12,Sun,Cloudy,Daylight,Rural Road,30,2,Yes,0,0,0,Minor
3002,2024-12-17,11,Tue,Cloudy,Daylight,Urban Road,120,4,No,0,0,3,Fatal
3003,2022-06-03,15,Fri,Rain,Daylight,Highway,120,4,No,0,0,3,Serious
3004,2022-11-11,15,Fri,Clear,Daylight,Highway,50,1,No,0,0,4,Minor
3005,2024-11-30,17,Sat,Clear,Daylight,Rural Road,50,3,Yes,0,0,4,Serious
3006,2022-04-15,13,Fri,Cloudy,Daylight,Urban Road,40,3,No,0,0,1,Minor
3007,2022-12-20,6,Tue,Clear,Daylight,Intersection,50,5,No,0,0,4,Fatal
3008,2024-10-12,19,Sat,Rain,Dusk/Dawn,Rural Road,50,2,Yes,0,0,0,Fatal
3009,2024-01-03,9,Wed,Fog,Daylight,Highway,80,3,No,0,0,0,Serious
3010,2023-12-10,22,Sun,Cloudy,Dark,Rural Road,100,2,No,0,0,1,Fatal
3011,2023-10-13,7,Fri,Snow,Daylight,Highway,80,1,No,0,0,0,Serious
3012,2024-04-03,21,Wed,Rain,Dark,Urban Road,70,1,No,0,0,1,Fatal
3013,2024-08-04,6,Sun,Clear,Daylight,Urban Road,80,1,Yes,0,0,4,Fatal
3014,2023-10-23,8,Mon,Clear,Daylight,Intersection,80,2,No,0,0,2,Serious
3015,2022-04-09,4,Sat,Clear,Dark,Urban Road,60,2,No,0,0,2,Serious
3016,2023-08-11,17,Fri,Cloudy,Daylight,Intersection,50,3,No,0,0,5,Minor
3017,2022-10-09,19,Sun,Fog,Dusk/Dawn,Rural Road,50,3,No,0,0,2,Serious
3018,2023-02-07,12,Tue,Snow,Daylight,Urban Road,70,5,No,0,0,1,Fatal
3019,2023-12-01,20,Fri,Rain,Dark,Urban Road,120,2,No,0,0,1,Fatal
3020,2022-07-18,15,Mon,Rain,Daylight,Rural Road,60,4,No,0,0,4,Fatal
3021,2022-11-23,16,Wed,Clear,Daylight,Highway,120,2,Yes,0,0,1,Serious
3022,2022-06-03,18,Fri,Clear,Daylight,Intersection,30,2,Yes,0,1,2,Fatal
3023,2023-07-06,9,Thu,Clear,Daylight,Rural Road,80,2,No,0,0,2,Serious
3024,2023-02-09,10,Thu,Fog,Daylight,Highway,100,3,No,0,0,4,Fatal
3025,2023-04-07,20,Fri,Clear,Dark,Intersection,70,1,No,0,0,1,Fatal
3026,2022-05-12,20,Thu,Fog,Dark,Highway,120,3,Yes,0,1,1,Fatal
3027,2024-03-01,22,Fri,Fog,Dark,Intersection,60,3,Yes,0,0,3,Fatal
3028,2024-05-23,20,Thu,Clear,Dark,Urban Road,40,5,No,0,0,4,Serious
3029,2022-03-25,7,Fri,Clear,Daylight,Rural Road,40,4,No,0,0,0,Serious
3030,2024-01-24,18,Wed,Clear,Daylight,Urban Road,60,2,Yes,0,0,0,Serious
3031,2023-09-20,12,Wed,Clear,Daylight,Rural Road,120,3,Yes,0,0,6,Serious
3032,2022-08-09,23,Tue,Fog,Dark,Highway,30,4,No,1,0,5,Fatal
3033,2023-07-07,13,Fri,Clear,Daylight,Highway,70,5,Yes,0,0,3,Serious
3034,2022-04-22,14,Fri,Cloudy,Daylight,Highway,80,3,Yes,0,0,2,Serious
3035,2023-09-07,14,Thu,Snow,Daylight,Intersection,40,3,Yes,0,0,3,Fatal
3036,2024-07-12,9,Fri,Clear,Daylight,Highway,40,1,No,0,0,3,Minor
3037,2023-04-20,6,Thu,Fog,Daylight,Rural Road,50,3,No,0,0,1,Serious
3038,2024-04-15,19,Mon,Rain,Dusk/Dawn,Intersection,50,2,No,0,0,4,Serious
3039,2022-09-28,18,Wed,Fog,Daylight,Intersection,40,2,No,0,0,2,Serious
3040,2023-02-25,7,Sat,Clear,Daylight,Highway,40,2,No,0,1,2,Serious
3041,2023-12-08,18,Fri,Clear,Daylight,Intersection,40,2,Yes,0,0,2,Minor
3042,2022-02-09,16,Wed,Clear,Daylight,Highway,70,2,No,0,0,4,Fatal
3043,2022-07-08,12,Fri,Clear,Daylight,Rural Road,70,3,No,0,0,2,Serious
3044,2024-09-20,8,Fri,Snow,Daylight,Rural Road,80,3,Yes,0,0,0,Fatal
3045,2023-06-20,19,Tue,Fog,Dusk/Dawn,Highway,60,2,No,0,0,3,Serious
3046,2024-10-24,17,Thu,Cloudy,Daylight,Highway,120,2,Yes,0,0,1,Fatal
3047,2022-10-17,14,Mon,Clear,Daylight,Urban Road,100,5,No,0,0,2,Serious
3048,2023-03-09,15,Thu,Clear,Daylight,Urban Road,120,2,No,0,0,1,Minor
3049,2023-04-16,6,Sun,Fog,Daylight,Intersection,50,2,No,0,0,2,Minor
3050,2023-09-20,13,Wed,Clear,Daylight,Urban Road,100,2,No,0,0,4,Serious
3051,2022-10-06,8,Thu,Clear,Daylight,Intersection,80,4,No,0,0,4,Serious
3052,2024-05-26,8,Sun,Rain,Daylight,Urban Road,50,2,No,0,0,1,Serious
3053,2023-08-04,16,Fri,Clear,Daylight,Intersection,40,5,No,1,0,2,Fatal
3054,2024-05-12,20,Sun,Rain,Dark,Rural Road,70,2,Yes,0,0,2,Fatal
3055,2022-09-11,11,Sun,Clear,Daylight,Intersection,40,1,Yes,0,0,0,Serious
3056,2022-06-30,8,Thu,Rain,Daylight,Highway,50,1,Yes,0,0,1,Fatal
3057,2023-11-12,16,Sun,Cloudy,Daylight,Urban Road,60,2,Yes,0,0,5,Serious
3058,2024-04-04,19,Thu,Clear,Dusk/Dawn,Highway,70,2,Yes,0,0,1,Serious
3059,2023-12-01,17,Fri,Cloudy,Daylight,Highway,120,2,No,0,0,3,Serious
3060,2023-07-20,19,Thu,Rain,Dusk/Dawn,Urban Road,60,2,No,0,0,3,Minor
3061,2023-11-11,14,Sat,Cloudy,Daylight,Rural Road,70,2,No,0,0,1,Minor
3062,2023-01-26,17,Thu,Clear,Daylight,Highway,50,3,Yes,1,0,0,Fatal
3063,2022-07-31,7,Sun,Rain,Daylight,Urban Road,70,3,No,0,0,2,Serious
3064,2023-01-19,10,Thu,Clear,Daylight,Urban Road,50,3,No,0,0,2,Serious
3065,2022-12-08,11,Thu,Snow,Daylight,Highway,100,4,Yes,0,0,6,Fatal
3066,2024-04-23,14,Tue,Rain,Daylight,Urban Road,50,2,No,0,0,2,Serious
3067,2024-11-27,20,Wed,Clear,Dark,Rural Road,60,1,Yes,0,0,2,Minor
3068,2023-02-24,19,Fri,Cloudy,Dusk/Dawn,Highway,50,2,No,0,0,3,Minor
3069,2024-01-21,7,Sun,Clear,Daylight,Rural Road,100,2,Yes,0,0,2,Fatal
3070,2022-11-02,7,Wed,Clear,Daylight,Urban Road,120,2,No,0,0,2,Serious
3071,2023-12-03,10,Sun,Rain,Daylight,Intersection,50,4,No,0,0,0,Minor
3072,2024-05-18,9,Sat,Rain,Daylight,Highway,60,3,No,0,0,3,Fatal
3073,2023-06-21,15,Wed,Clear,Daylight,Intersection,80,1,No,0,0,3,Fatal
3074,2022-07-25,20,Mon,Clear,Dark,Highway,100,2,No,0,0,3,Fatal
3075,2023-05-11,21,Thu,Cloudy,Dark,Urban Road,60,2,Yes,0,0,3,Serious
3076,2024-12-06,16,Fri,Fog,Daylight,Highway,40,5,Yes,0,0,0,Serious
3077,2023-05-19,18,Fri,Clear,Daylight,Intersection,50,1,Yes,0,0,1,Minor
3078,2024-11-11,14,Mon,Clear,Daylight,Rural Road,60,2,Yes,0,0,5,Minor
3079,2022-08-01,8,Mon,Cloudy,Daylight,Highway,50,5,No,0,0,1,Minor
3080,2022-11-06,14,Sun,Fog,Daylight,Highway,40,5,No,0,0,1,Serious
3081,2023-10-23,14,Mon,Cloudy,Daylight,Highway,30,2,Yes,0,0,2,Fatal
3082,2024-01-23,17,Tue,Clear,Daylight,Highway,70,1,No,0,0,0,Serious
3083,2022-09-29,8,Thu,Fog,Daylight,Urban Road,120,2,Yes,0,0,2,Fatal
3084,2024-07-26,11,Fri,Fog,Daylight,Rural Road,120,3,Yes,0,0,2,Fatal
3085,2022-02-01,10,Tue,Clear,Daylight,Intersection,70,2,No,0,0,1,Serious
3086,2023-03-19,21,Sun,Rain,Dark,Intersection,100,4,Yes,0,0,1,Fatal
3087,2022-06-11,12,Sat,Rain,Daylight,Rural Road,50,2,Yes,0,0,1,Minor
3088,2024-02-06,17,Tue,Clear,Daylight,Highway,70,2,No,0,0,2,Serious
3089,2022-09-11,17,Sun,Cloudy,Daylight,Urban Road,30,3,No,0,0,3,Serious
3090,2023-06-05,9,Mon,Cloudy,Daylight,Urban Road,80,2,No,0,0,4,Serious
3091,2024-09-03,15,Tue,Cloudy,Daylight,Urban Road,120,2,Yes,0,1,1,Serious
3092,2022-01-10,19,Mon,Cloudy,Dusk/Dawn,Urban Road,100,2,Yes,1,0,4,Fatal
3093,2023-12-27,13,Wed,Clear,Daylight,Intersection,60,3,No,0,0,5,Serious
3094,2023-05-20,21,Sat,Clear,Dark,Intersection,80,1,No,0,0,1,Serious
3095,2024-02-24,8,Sat,Cloudy,Daylight,Highway,120,2,No,0,0,1,Serious
3096,2023-03-12,6,Sun,Clear,Daylight,Highway,40,2,No,0,0,1,Minor
3097,2022-06-02,19,Thu,Clear,Dusk/Dawn,Intersection,80,2,No,0,0,1,Minor
3098,2024-07-05,19,Fri,Rain,Dusk/Dawn,Intersection,50,4,No,0,0,5,Fatal
3099,2024-05-18,23,Sat,Clear,Dark,Highway,100,2,No,0,1,3,Fatal
3100,2024-01-23,16,Tue,Fog,Daylight,Rural Road,30,2,No,0,0,1,Serious
3101,2023-07-17,20,Mon,Clear,Dark,Rural Road,40,2,No,0,0,2,Serious
3102,2023-05-04,18,Thu,Clear,Daylight,Urban Road,80,3,Yes,1,0,2,Fatal
3103,2024-06-13,18,Thu,Cloudy,Daylight,Highway,40,1,No,0,0,0,Serious
3104,2022-04-14,15,Thu,Snow,Daylight,Intersection,40,4,Yes,0,0,4,Fatal
3105,2024-10-21,11,Mon,Snow,Daylight,Rural Road,60,1,No,0,0,6,Serious
3106,2024-10-03,20,Thu,Rain,Dark,Highway,100,2,Yes,0,0,4,Fatal
3107,2023-02-11,12,Sat,Cloudy,Daylight,Rural Road,50,2,No,0,0,0,Minor
3108,2022-06-16,14,Thu,Snow,Daylight,Rural Road,100,1,Yes,0,0,2,Fatal
3109,2023-05-24,12,Wed,Rain,Daylight,Intersection,100,1,No,0,0,2,Fatal
3110,2022-11-09,15,Wed,Cloudy,Daylight,Highway,60,1,Yes,0,0,2,Fatal
3111,2024-02-02,13,Fri,Clear,Daylight,Intersection,70,2,No,0,0,3,Serious
3112,2023-11-12,4,Sun,Cloudy,Dark,Highway,30,4,Yes,0,0,1,Serious
3113,2023-04-22,19,Sat,Clear,Dusk/Dawn,Urban Road,50,3,No,0,0,0,Serious
3114,2022-03-14,12,Mon,Rain,Daylight,Rural Road,50,1,Yes,0,0,1,Serious
3115,2023-08-05,15,Sat,Clear,Daylight,Urban Road,40,2,No,0,0,0,Serious
3116,2022-09-19,7,Mon,Rain,Daylight,Urban Road,50,4,No,0,0,3,Fatal
3117,2022-09-02,0,Fri,Rain,Dark,Intersection,50,1,No,1,0,2,Fatal
3118,2023-07-15,8,Sat,Cloudy,Daylight,Urban Road,80,5,Yes,0,0,0,Minor
3119,2022-06-24,17,Fri,Cloudy,Daylight,Urban Road,60,2,No,0,0,0,Minor
3120,2022-04-19,6,Tue,Cloudy,Daylight,Highway,120,3,No,0,0,2,Fatal
3121,2022-07-02,20,Sat,Clear,Dark,Highway,40,2,No,0,0,1,Serious
3122,2022-07-11,8,Mon,Cloudy,Daylight,Highway,30,1,Yes,0,0,1,Minor
3123,2022-03-06,8,Sun,Clear,Daylight,Intersection,60,2,Yes,0,0,4,Minor
3124,2024-08-20,7,Tue,Cloudy,Daylight,Rural Road,30,2,No,0,0,3,Minor
3125,2024-05-13,1,Mon,Clear,Dark,Intersection,80,2,Yes,1,1,7,Fatal
3126,2023-01-04,17,Wed,Rain,Daylight,Highway,60,2,No,0,0,0,Serious
3127,2024-04-30,19,Tue,Cloudy,Dusk/Dawn,Rural Road,60,1,No,0,0,1,Fatal
3128,2022-02-12,15,Sat,Cloudy,Daylight,Highway,50,2,Yes,0,0,2,Fatal
3129,2023-05-03,8,Wed,Fog,Daylight,Rural Road,50,2,No,0,1,2,Fatal
3130,2022-03-19,9,Sat,Snow,Daylight,Urban Road,50,2,No,0,0,1,Serious
3131,2024-04-05,13,Fri,Clear,Daylight,Highway,30,1,Yes,0,0,2,Serious
3132,2023-11-05,21,Sun,Fog,Dark,Urban Road,30,2,Yes,0,0,0,Fatal
3133,2023-12-02,8,Sat,Rain,Daylight,Highway,60,2,No,0,0,2,Serious
3134,2024-01-29,17,Mon,Clear,Daylight,Rural Road,40,5,Yes,0,0,0,Minor
3135,2023-12-29,12,Fri,Clear,Daylight,Rural Road,80,3,No,0,0,1,Serious
3136,2024-07-13,9,Sat,Clear,Daylight,Rural Road,50,1,No,0,0,1,Minor
3137,2024-06-20,12,Thu,Fog,Daylight,Intersection,30,2,No,1,0,1,Fatal
3138,2024-06-07,5,Fri,Clear,Dark,Urban Road,40,1,No,0,1,1,Fatal
3139,2024-09-19,18,Thu,Clear,Daylight,Urban Road,50,1,No,0,0,0,Minor
3140,2022-12-05,8,Mon,Clear,Daylight,Intersection,30,2,No,0,0,2,Minor
3141,2022-07-12,17,Tue,Rain,Daylight,Urban Road,40,1,Yes,0,0,1,Fatal
3142,2022-10-10,5,Mon,Fog,Dark,Highway,50,1,Yes,0,0,1,Fatal
3143,2023-01-25,21,Wed,Fog,Dark,Intersection,50,1,Yes,1,0,4,Fatal
3144,2024-09-26,8,Thu,Rain,Daylight,Highway,100,2,No,0,0,1,Serious
3145,2023-06-09,19,Fri,Clear,Dusk/Dawn,Highway,100,1,No,0,1,4,Serious
3146,2023-10-21,18,Sat,Clear,Daylight,Highway,40,2,No,0,0,1,Serious
3147,2023-12-17,21,Sun,Cloudy,Dark,Highway,40,2,No,0,0,1,Fatal
3148,2024-06-09,13,Sun,Clear,Daylight,Highway,70,1,No,0,0,2,Minor
3149,2023-03-28,17,Tue,Clear,Daylight,Highway,100,1,Yes,0,0,3,Fatal
3150,2023-03-04,11,Sat,Fog,Daylight,Urban Road,120,1,No,1,0,1,Fatal
3151,2024-11-11,8,Mon,Clear,Daylight,Highway,30,2,No,0,0,1,Serious
3152,2024-06-01,12,Sat,Cloudy,Daylight,Highway,50,3,No,0,0,3,Serious
3153,2022-11-09,7,Wed,Clear,Daylight,Rural Road,80,1,No,0,0,2,Minor
3154,2024-04-19,22,Fri,Fog,Dark,Highway,100,2,No,1,0,3,Fatal
3155,2023-06-03,6,Sat,Clear,Daylight,Highway,30,2,No,0,0,3,Serious
3156,2023-01-10,15,Tue,Clear,Daylight,Urban Road,70,2,No,0,0,0,Minor
3157,2023-03-27,16,Mon,Clear,Daylight,Urban Road,50,3,No,0,0,3,Minor
3158,2024-10-11,14,Fri,Cloudy,Daylight,Urban Road,30,3,No,0,0,4,Fatal
3159,2023-08-18,16,Fri,Cloudy,Daylight,Urban Road,60,1,No,0,0,0,Minor
3160,2023-05-15,7,Mon,Clear,Daylight,Rural Road,40,2,No,0,0,0,Minor
3161,2023-04-09,14,Sun,Cloudy,Daylight,Urban Road,80,2,Yes,0,0,0,Fatal
3162,2022-04-23,9,Sat,Fog,Daylight,Intersection,80,4,Yes,0,0,2,Fatal
3163,2024-11-01,21,Fri,Cloudy,Dark,Urban Road,100,3,Yes,0,0,1,Minor
3164,2022-11-27,17,Sun,Cloudy,Daylight,Urban Road,50,1,Yes,0,0,0,Serious
3165,2022-05-20,22,Fri,Clear,Dark,Highway,30,2,No,0,0,3,Fatal
3166,2024-06-20,3,Thu,Fog,Dark,Rural Road,50,3,No,0,0,3,Fatal
3167,2023-06-01,9,Thu,Rain,Daylight,Highway,60,2,No,0,0,2,Serious
3168,2023-07-23,8,Sun,Clear,Daylight,Urban Road,70,2,Yes,0,0,0,Minor
3169,2024-04-25,1,Thu,Clear,Dark,Urban Road,50,2,Yes,1,0,1,Fatal
3170,2024-12-28,8,Sat,Cloudy,Daylight,Rural Road,60,1,No,0,0,1,Serious
3171,2022-04-28,16,Thu,Cloudy,Daylight,Intersection,60,3,No,0,0,2,Fatal
3172,2024-06-06,8,Thu,Snow,Daylight,Intersection,40,3,No,0,0,1,Serious
3173,2024-12-18,13,Wed,Cloudy,Daylight,Highway,70,2,No,0,0,2,Serious
3174,2024-11-22,19,Fri,Cloudy,Dusk/Dawn,Highway,50,2,No,0,0,1,Minor
3175,2022-02-19,16,Sat,Clear,Daylight,Intersection,100,2,No,0,0,0,Minor
3176,2022-01-19,11,Wed,Clear,Daylight,Urban Road,70,1,No,0,0,2,Minor
3177,2023-12-27,11,Wed,Clear,Daylight,Urban Road,40,1,Yes,0,0,1,Serious
3178,2022-07-16,12,Sat,Clear,Daylight,Rural Road,60,1,Yes,0,0,1,Serious
3179,2023-07-13,7,Thu,Clear,Daylight,Urban Road,80,4,Yes,0,0,1,Serious
3180,2023-03-28,16,Tue,Rain,Daylight,Intersection,30,2,Yes,0,0,2,Serious
3181,2022-10-16,10,Sun,Cloudy,Daylight,Urban Road,80,1,Yes,0,0,3,Serious
3182,2023-01-26,19,Thu,Cloudy,Dusk/Dawn,Urban Road,40,2,No,0,0,0,Minor
3183,2022-08-03,17,Wed,Rain,Daylight,Urban Road,60,1,No,0,0,4,Minor
3184,2022-08-03,15,Wed,Cloudy,Daylight,Intersection,120,1,No,0,0,3,Minor
3185,2022-05-08,10,Sun,Rain,Daylight,Urban Road,60,2,No,0,0,2,Fatal
3186,2024-01-30,8,Tue,Cloudy,Daylight,Urban Road,50,2,No,0,0,0,Minor
3187,2023-02-08,18,Wed,Clear,Daylight,Intersection,30,2,No,0,0,0,Minor
3188,2024-11-18,13,Mon,Clear,Daylight,Urban Road,40,2,No,0,0,3,Serious
3189,2022-12-04,8,Sun,Cloudy,Daylight,Urban Road,60,2,No,0,0,2,Minor
3190,2024-04-10,8,Wed,Clear,Daylight,Rural Road,60,2,No,0,0,1,Serious
3191,2023-12-15,7,Fri,Rain,Daylight,Rural Road,50,2,No,0,0,1,Minor
3192,2022-12-27,18,Tue,Clear,Daylight,Highway,120,2,No,0,0,2,Fatal
3193,2023-07-23,8,Sun,Rain,Daylight,Urban Road,50,2,No,0,0,2,Serious
3194,2022-08-06,14,Sat,Cloudy,Daylight,Rural Road,60,2,No,0,0,2,Minor
3195,2022-07-21,12,Thu,Clear,Daylight,Urban Road,60,2,No,0,0,2,Minor
3196,2022-01-17,15,Mon,Cloudy,Daylight,Rural Road,60,1,No,0,1,1,Fatal
3197,2022-11-18,19,Fri,Clear,Dusk/Dawn,Urban Road,60,1,No,0,0,1,Serious
3198,2023-06-02,19,Fri,Clear,Dusk/Dawn,Intersection,50,2,No,0,0,1,Minor
3199,2023-11-12,12,Sun,Clear,Daylight,Highway,120,2,No,0,0,2,Serious
3200,2023-03-01,1,Wed,Snow,Dark,Highway,60,2,No,0,0,2,Fatal
3201,2024-10-15,12,Tue,Clear,Daylight,Urban Road,60,5,No,1,0,0,Serious
3202,2023-01-22,15,Sun,Rain,Daylight,Urban Road,70,2,No,0,0,2,Serious
3203,2024-02-17,14,Sat,Clear,Daylight,Urban Road,30,4,Yes,0,0,0,Minor
3204,2022-04-08,16,Fri,Clear,Daylight,Highway,80,2,No,1,0,4,Fatal
3205,2022-07-27,7,Wed,Snow,Daylight,Rural Road,60,1,No,0,0,3,Fatal
3206,2023-08-09,16,Wed,Clear,Daylight,Urban Road,70,5,No,0,0,1,Serious
3207,2022-06-15,7,Wed,Clear,Daylight,Urban Road,80,4,Yes,1,0,4,Fatal
3208,2022-01-22,17,Sat,Clear,Daylight,Rural Road,100,2,Yes,0,0,2,Serious
3209,2022-06-03,10,Fri,Rain,Daylight,Rural Road,50,1,No,0,0,1,Serious
3210,2022-08-07,17,Sun,Rain,Daylight,Urban Road,100,1,Yes,0,0,2,Fatal
3211,2023-10-31,4,Tue,Clear,Dark,Urban Road,50,3,Yes,0,0,1,Serious
3212,2022-08-18,11,Thu,Clear,Daylight,Urban Road,70,1,No,0,0,2,Serious
3213,2022-01-20,17,Thu,Clear,Daylight,Intersection,40,2,No,0,0,0,Minor
3214,2023-07-07,8,Fri,Clear,Daylight,Intersection,30,2,No,0,0,5,Minor
3215,2024-08-07,18,Wed,Cloudy,Daylight,Urban Road,30,1,No,0,0,1,Fatal
3216,2022-05-28,16,Sat,Snow,Daylight,Highway,50,3,No,0,0,1,Fatal
3217,2023-02-07,15,Tue,Rain,Daylight,Highway,30,3,No,0,0,0,Serious
3218,2023-08-19,10,Sat,Clear,Daylight,Urban Road,70,2,No,0,0,3,Minor
3219,2023-01-02,13,Mon,Fog,Daylight,Urban Road,50,2,Yes,0,0,2,Serious
3220,2024-03-12,15,Tue,Cloudy,Daylight,Rural Road,80,3,Yes,0,0,2,Fatal
3221,2024-07-06,13,Sat,Rain,Daylight,Urban Road,30,2,No,0,0,1,Minor
3222,2022-03-14,17,Mon,Snow,Daylight,Rural Road,40,2,No,0,0,3,Serious
3223,2023-04-26,12,Wed,Fog,Daylight,Intersection,50,2,No,0,0,1,Fatal
3224,2023-07-14,8,Fri,Rain,Daylight,Rural Road,50,1,Yes,0,0,4,Minor
3225,2024-01-15,8,Mon,Clear,Daylight,Highway,40,5,No,0,0,4,Serious
3226,2022-04-10,0,Sun,Fog,Dark,Urban Road,120,2,Yes,1,0,2,Fatal
3227,2024-12-18,9,Wed,Clear,Daylight,Urban Road,50,2,Yes,0,0,1,Minor
3228,2023-05-23,17,Tue,Snow,Daylight,Intersection,80,3,No,0,0,1,Serious
3229,2022-09-15,18,Thu,Cloudy,Daylight,Urban Road,40,2,No,0,0,0,Minor
3230,2023-02-17,8,Fri,Cloudy,Daylight,Urban Road,100,1,Yes,0,0,1,Minor
3231,2024-12-24,21,Tue,Clear,Dark,Urban Road,50,3,Yes,0,0,1,Serious
3232,2023-08-18,13,Fri,Clear,Daylight,Urban Road,120,1,Yes,0,0,1,Fatal
3233,2022-09-23,20,Fri,Clear,Dark,Rural Road,50,2,No,0,0,2,Serious
3234,2024-03-31,17,Sun,Fog,Daylight,Highway,30,2,No,0,0,1,Minor
3235,2023-10-24,17,Tue,Cloudy,Daylight,Urban Road,60,2,Yes,0,0,0,Serious
3236,2024-08-04,6,Sun,Rain,Daylight,Highway,60,3,No,0,0,2,Fatal
3237,2023-07-14,8,Fri,Clear,Daylight,Urban Road,40,2,Yes,0,0,0,Serious
3238,2024-07-05,0,Fri,Cloudy,Dark,Rural Road,40,3,Yes,0,0,2,Fatal
3239,2024-06-09,17,Sun,Cloudy,Daylight,Highway,80,2,Yes,0,0,4,Minor
3240,2024-05-17,10,Fri,Clear,Daylight,Urban Road,30,4,Yes,0,0,2,Serious
3241,2023-09-02,18,Sat,Rain,Daylight,Rural Road,60,2,Yes,0,0,0,Serious
3242,2023-02-18,10,Sat,Snow,Daylight,Rural Road,60,2,Yes,0,0,2,Fatal
3243,2022-01-25,18,Tue,Fog,Daylight,Highway,70,4,No,0,0,4,Fatal
3244,2022-10-11,7,Tue,Cloudy,Daylight,Urban Road,30,1,Yes,0,0,2,Minor
3245,2024-05-30,7,Thu,Clear,Daylight,Highway,60,1,Yes,0,0,1,Serious
3246,2022-10-28,10,Fri,Rain,Daylight,Highway,30,5,Yes,0,0,2,Fatal
3247,2024-12-27,12,Fri,Fog,Daylight,Urban Road,50,5,Yes,0,0,2,Fatal
3248,2024-10-27,10,Sun,Cloudy,Daylight,Highway,60,3,Yes,0,0,2,Fatal
3249,2024-03-27,17,Wed,Cloudy,Daylight,Intersection,120,2,Yes,0,0,1,Fatal
3250,2022-03-24,6,Thu,Cloudy,Daylight,Highway,40,2,No,0,0,2,Minor
3251,2022-02-15,10,Tue,Rain,Daylight,Rural Road,40,2,No,0,0,3,Serious
3252,2023-09-10,18,Sun,Cloudy,Daylight,Intersection,70,2,No,0,0,3,Minor
3253,2024-07-16,5,Tue,Clear,Dark,Intersection,50,2,No,0,1,1,Serious
3254,2022-09-19,21,Mon,Clear,Dark,Urban Road,70,1,No,0,0,1,Minor
3255,2022-06-25,22,Sat,Clear,Dark,Intersection,120,2,No,0,0,0,Minor
3256,2023-10-19,6,Thu,Cloudy,Daylight,Intersection,120,2,No,0,0,2,Fatal
3257,2024-04-21,9,Sun,Cloudy,Daylight,Highway,50,2,No,0,0,4,Serious
3258,2023-01-05,11,Thu,Clear,Daylight,Urban Road,60,2,No,0,0,1,Serious
3259,2022-02-23,18,Wed,Clear,Daylight,Highway,120,3,Yes,0,0,1,Fatal
3260,2023-11-21,15,Tue,Cloudy,Daylight,Urban Road,30,2,Yes,0,0,1,Serious
3261,2023-01-02,16,Mon,Rain,Daylight,Urban Road,60,2,Yes,0,0,3,Fatal
3262,2023-10-06,17,Fri,Cloudy,Daylight,Highway,50,2,No,0,0,1,Minor
3263,2023-01-14,7,Sat,Clear,Daylight,Rural Road,50,1,No,0,0,1,Minor
3264,2022-03-14,18,Mon,Clear,Daylight,Highway,120,2,No,0,0,1,Fatal
3265,2024-07-03,17,Wed,Clear,Daylight,Intersection,80,2,No,0,0,2,Minor
3266,2024-05-09,15,Thu,Clear,Daylight,Highway,50,2,No,0,0,2,Minor
3267,2022-02-12,19,Sat,Clear,Dusk/Dawn,Rural Road,100,4,No,0,0,3,Fatal
3268,2023-01-12,17,Thu,Clear,Daylight,Highway,60,2,No,0,0,1,Minor
3269,2024-11-30,8,Sat,Clear,Daylight,Highway,100,1,No,0,0,2,Fatal
3270,2022-06-19,12,Sun,Clear,Daylight,Rural Road,50,2,Yes,0,0,1,Fatal
3271,2022-07-31,13,Sun,Cloudy,Daylight,Highway,40,3,No,0,0,0,Serious
3272,2022-02-08,5,Tue,Clear,Dark,Urban Road,40,2,Yes,0,0,4,Fatal
3273,2023-01-04,21,Wed,Clear,Dark,Intersection,60,4,No,0,0,0,Fatal
3274,2024-01-27,7,Sat,Cloudy,Daylight,Highway,50,3,No,0,0,2,Serious
3275,2022-05-31,17,Tue,Rain,Daylight,Intersection,40,1,No,0,0,4,Fatal
3276,2024-12-06,13,Fri,Rain,Daylight,Highway,120,1,No,0,0,5,Fatal
3277,2024-10-20,2,Sun,Fog,Dark,Highway,120,2,No,0,1,3,Fatal
3278,2024-01-07,20,Sun,Cloudy,Dark,Highway,70,1,Yes,0,0,2,Fatal
3279,2022-03-10,19,Thu,Cloudy,Dusk/Dawn,Intersection,100,2,No,0,1,7,Fatal
3280,2022-10-26,14,Wed,Rain,Daylight,Highway,120,3,Yes,0,0,3,Fatal
3281,2024-08-01,8,Thu,Cloudy,Daylight,Intersection,70,2,No,0,0,0,Serious
3282,2024-03-12,7,Tue,Rain,Daylight,Intersection,60,2,Yes,1,1,2,Fatal
3283,2022-10-23,10,Sun,Clear,Daylight,Urban Road,100,2,Yes,0,0,1,Serious
3284,2022-07-22,8,Fri,Cloudy,Daylight,Urban Road,60,1,No,0,0,0,Minor
3285,2022-03-02,13,Wed,Rain,Daylight,Rural Road,40,3,Yes,0,0,2,Serious
3286,2024-08-03,21,Sat,Cloudy,Dark,Urban Road,50,2,No,0,0,0,Serious
3287,2024-08-20,15,Tue,Clear,Daylight,Highway,50,2,No,0,0,0,Serious
3288,2022-11-27,19,Sun,Clear,Dusk/Dawn,Urban Road,120,2,No,0,0,2,Fatal
3289,2022-12-04,16,Sun,Cloudy,Daylight,Rural Road,70,3,Yes,0,0,7,Serious
3290,2023-10-01,13,Sun,Clear,Daylight,Rural Road,100,2,Yes,0,0,3,Fatal
3291,2022-10-02,19,Sun,Cloudy,Dusk/Dawn,Highway,80,1,No,0,0,2,Serious
3292,2022-11-15,13,Tue,Cloudy,Daylight,Highway,50,4,No,0,0,4,Serious
3293,2023-08-12,19,Sat,Cloudy,Dusk/Dawn,Intersection,80,3,No,0,1,4,Fatal
3294,2023-05-19,9,Fri,Rain,Daylight,Highway,40,2,No,0,0,3,Serious
3295,2023-01-22,7,Sun,Rain,Daylight,Rural Road,50,2,No,0,0,0,Serious
3296,2024-05-19,19,Sun,Cloudy,Dusk/Dawn,Highway,100,4,No,0,0,2,Fatal
3297,2024-04-12,15,Fri,Snow,Daylight,Intersection,70,3,No,0,0,4,Fatal
3298,2024-10-11,19,Fri,Rain,Dusk/Dawn,Intersection,100,2,No,0,0,0,Minor
3299,2023-08-26,20,Sat,Cloudy,Dark,Highway,50,2,No,0,0,1,Minor
3300,2023-11-22,5,Wed,Fog,Dark,Highway,80,2,No,0,0,2,Fatal
3301,2023-05-09,13,Tue,Cloudy,Daylight,Urban Road,40,1,Yes,0,0,0,Minor
3302,2023-05-05,11,Fri,Clear,Daylight,Highway,60,2,No,0,0,3,Minor
3303,2023-12-22,16,Fri,Clear,Daylight,Urban Road,50,2,No,0,0,2,Serious
3304,2023-05-24,18,Wed,Clear,Daylight,Rural Road,60,3,Yes,0,0,2,Fatal
3305,2023-01-25,9,Wed,Clear,Daylight,Highway,40,1,No,0,0,1,Fatal
3306,2022-10-22,14,Sat,Snow,Daylight,Urban Road,50,3,No,0,0,2,Fatal
3307,2024-03-06,17,Wed,Clear,Daylight,Rural Road,70,2,No,0,0,1,Minor
3308,2024-05-14,7,Tue,Cloudy,Daylight,Urban Road,60,2,No,0,0,0,Minor
3309,2023-07-03,18,Mon,Clear,Daylight,Urban Road,60,2,No,0,0,0,Minor
3310,2023-10-11,15,Wed,Clear,Daylight,Rural Road,60,2,Yes,0,0,2,Serious
3311,2023-07-22,21,Sat,Clear,Dark,Rural Road,120,2,No,0,0,4,Serious
3312,2024-05-02,10,Thu,Rain,Daylight,Urban Road,120,2,No,0,0,3,Fatal
3313,2024-02-09,6,Fri,Clear,Daylight,Highway,50,3,Yes,0,0,1,Fatal
3314,2023-03-21,13,Tue,Clear,Daylight,Highway,50,2,Yes,0,0,4,Minor
3315,2022-12-29,6,Thu,Fog,Daylight,Intersection,60,3,Yes,0,0,3,Serious
3316,2022-05-03,22,Tue,Clear,Dark,Intersection,30,3,Yes,0,0,3,Fatal
3317,2024-01-12,3,Fri,Clear,Dark,Rural Road,50,3,No,0,0,0,Serious
3318,2023-11-11,17,Sat,Snow,Daylight,Highway,40,1,Yes,0,1,3,Fatal
3319,2023-02-24,14,Fri,Clear,Daylight,Urban Road,40,5,Yes,0,0,2,Serious
3320,2022-04-02,11,Sat,Clear,Daylight,Intersection,70,2,Yes,0,0,2,Serious
3321,2022-03-04,5,Fri,Clear,Dark,Urban Road,50,3,No,0,0,2,Fatal
3322,2023-05-27,15,Sat,Clear,Daylight,Highway,40,2,Yes,0,0,0,Fatal
3323,2024-02-11,15,Sun,Fog,Daylight,Urban Road,100,2,Yes,0,0,5,Fatal
3324,2022-09-13,9,Tue,Clear,Daylight,Intersection,100,5,Yes,0,0,1,Serious
3325,2022-05-15,20,Sun,Cloudy,Dark,Highway,100,1,Yes,0,0,0,Serious
3326,2024-05-24,9,Fri,Cloudy,Daylight,Urban Road,50,2,Yes,0,0,2,Serious
3327,2024-04-01,12,Mon,Clear,Daylight,Urban Road,30,1,No,0,0,4,Serious
3328,2022-03-29,14,Tue,Cloudy,Daylight,Urban Road,40,1,Yes,0,0,1,Minor
3329,2024-09-14,6,Sat,Clear,Daylight,Rural Road,50,3,Yes,0,0,4,Serious
3330,2024-04-02,20,Tue,Clear,Dark,Urban Road,40,1,Yes,0,0,1,Serious
3331,2024-10-23,11,Wed,Clear,Daylight,Highway,100,4,No,0,0,2,Serious
3332,2024-08-31,6,Sat,Clear,Daylight,Highway,120,2,Yes,0,0,2,Serious
3333,2024-07-22,11,Mon,Rain,Daylight,Urban Road,100,2,No,0,0,1,Fatal
3334,2022-05-01,15,Sun,Clear,Daylight,Highway,80,2,No,0,0,3,Fatal
3335,2024-11-27,14,Wed,Cloudy,Daylight,Urban Road,60,1,No,0,0,1,Serious
3336,2024-10-04,17,Fri,Fog,Daylight,Rural Road,80,4,No,0,0,0,Fatal
3337,2024-07-13,5,Sat,Clear,Dark,Highway,120,3,No,0,0,0,Fatal
3338,2023-10-07,9,Sat,Fog,Daylight,Urban Road,70,2,No,0,0,4,Fatal
3339,2023-12-15,18,Fri,Cloudy,Daylight,Urban Road,40,1,No,0,0,0,Serious
3340,2024-05-09,6,Thu,Clear,Daylight,Highway,40,2,No,0,0,2,Serious
3341,2022-01-21,19,Fri,Clear,Dusk/Dawn,Urban Road,60,1,Yes,0,0,1,Minor
3342,2022-08-30,6,Tue,Clear,Daylight,Intersection,50,3,No,0,0,2,Fatal
3343,2023-03-31,18,Fri,Clear,Daylight,Urban Road,120,3,No,0,0,1,Fatal
3344,2024-08-20,10,Tue,Rain,Daylight,Urban Road,70,2,Yes,0,0,1,Serious
3345,2023-09-13,15,Wed,Clear,Daylight,Highway,70,4,No,0,0,1,Serious
3346,2022-10-30,7,Sun,Rain,Daylight,Highway,30,1,Yes,0,0,0,Serious
3347,2024-03-13,5,Wed,Rain,Dark,Highway,60,2,No,1,1,2,Fatal
3348,2024-08-21,8,Wed,Rain,Daylight,Rural Road,50,3,No,0,1,1,Serious
3349,2022-03-10,7,Thu,Clear,Daylight,Urban Road,80,1,No,0,0,2,Serious
3350,2022-07-15,9,Fri,Clear,Daylight,Highway,50,2,No,0,0,1,Serious
3351,2022-05-20,14,Fri,Clear,Daylight,Rural Road,120,2,No,0,0,5,Serious
3352,2022-10-10,15,Mon,Clear,Daylight,Highway,70,2,Yes,0,0,0,Minor
3353,2022-11-08,18,Tue,Cloudy,Daylight,Highway,70,2,No,0,0,0,Minor
3354,2024-01-16,16,Tue,Clear,Daylight,Urban Road,120,2,Yes,0,0,1,Fatal
3355,2022-10-04,15,Tue,Clear,Daylight,Urban Road,120,2,No,0,0,2,Serious
3356,2022-03-02,12,Wed,Clear,Daylight,Urban Road,40,1,No,0,0,0,Serious
3357,2022-02-21,13,Mon,Cloudy,Daylight,Urban Road,100,1,Yes,0,0,6,Fatal
3358,2022-06-02,12,Thu,Snow,Daylight,Urban Road,40,2,Yes,0,0,3,Serious
3359,2023-06-28,18,Wed,Rain,Daylight,Intersection,60,1,No,0,0,1,Serious
3360,2023-07-21,8,Fri,Clear,Daylight,Intersection,40,4,Yes,0,0,1,Fatal
3361,2023-09-14,0,Thu,Clear,Dark,Intersection,70,3,Yes,0,0,2,Fatal
3362,2022-11-10,16,Thu,Rain,Daylight,Intersection,60,2,No,0,0,2,Serious
3363,2024-03-17,8,Sun,Cloudy,Daylight,Urban Road,70,3,No,1,0,2,Fatal
3364,2024-04-27,19,Sat,Rain,Dusk/Dawn,Urban Road,70,2,No,0,0,1,Fatal
3365,2022-04-07,19,Thu,Fog,Dusk/Dawn,Urban Road,70,1,No,0,0,1,Fatal
3366,2024-05-30,6,Thu,Clear,Daylight,Rural Road,50,2,No,0,0,2,Minor
3367,2024-04-08,6,Mon,Clear,Daylight,Urban Road,100,2,No,0,0,6,Serious
3368,2022-05-17,13,Tue,Cloudy,Daylight,Highway,60,1,No,0,0,2,Minor
3369,2024-10-26,15,Sat,Clear,Daylight,Intersection,60,2,Yes,0,0,4,Minor
3370,2024-10-07,9,Mon,Cloudy,Daylight,Rural Road,120,1,Yes,0,0,1,Fatal
3371,2022-04-19,17,Tue,Clear,Daylight,Intersection,50,2,No,0,1,4,Serious
3372,2023-07-01,15,Sat,Clear,Daylight,Highway,60,2,No,0,0,5,Fatal
3373,2024-11-28,9,Thu,Fog,Daylight,Highway,70,2,No,0,0,6,Serious
3374,2023-10-24,2,Tue,Clear,Dark,Highway,40,1,No,0,0,0,Minor
3375,2023-03-01,17,Wed,Clear,Daylight,Urban Road,50,1,No,0,0,2,Serious
3376,2023-09-22,8,Fri,Clear,Daylight,Highway,100,2,Yes,0,0,2,Fatal
3377,2022-09-18,18,Sun,Fog,Daylight,Urban Road,40,3,No,0,0,2,Serious
3378,2022-03-28,12,Mon,Clear,Daylight,Highway,60,2,No,0,0,2,Minor
3379,2023-04-10,15,Mon,Clear,Daylight,Highway,70,2,No,0,0,3,Minor
3380,2022-03-17,19,Thu,Rain,Dusk/Dawn,Rural Road,70,2,No,0,0,4,Serious
3381,2023-04-16,19,Sun,Clear,Dusk/Dawn,Intersection,80,3,Yes,0,0,2,Fatal
3382,2023-02-18,11,Sat,Cloudy,Daylight,Highway,100,2,No,0,0,1,Serious
3383,2024-04-04,8,Thu,Clear,Daylight,Urban Road,50,1,No,0,0,3,Minor
3384,2024-06-13,17,Thu,Fog,Daylight,Highway,80,1,Yes,0,0,2,Serious
3385,2023-12-27,12,Wed,Clear,Daylight,Highway,80,1,No,0,0,4,Fatal
3386,2023-04-02,8,Sun,Snow,Daylight,Rural Road,50,2,No,0,0,2,Serious
3387,2023-10-15,20,Sun,Fog,Dark,Rural Road,120,1,No,0,0,7,Fatal
3388,2023-11-03,8,Fri,Cloudy,Daylight,Intersection,100,2,No,0,0,4,Serious
3389,2023-05-10,2,Wed,Clear,Dark,Urban Road,50,2,No,0,0,4,Fatal
3390,2024-12-04,1,Wed,Clear,Dark,Intersection,70,2,No,0,0,0,Serious
3391,2023-08-20,15,Sun,Rain,Daylight,Highway,80,3,Yes,0,0,3,Serious
3392,2023-03-26,16,Sun,Clear,Daylight,Highway,50,2,No,0,0,1,Serious
3393,2023-04-30,9,Sun,Clear,Daylight,Highway,100,5,Yes,0,0,6,Fatal
3394,2023-10-08,9,Sun,Cloudy,Daylight,Rural Road,70,5,Yes,0,0,0,Fatal
3395,2023-09-12,10,Tue,Clear,Daylight,Highway,70,3,Yes,0,0,2,Fatal
3396,2024-11-07,16,Thu,Cloudy,Daylight,Highway,40,4,Yes,0,0,3,Fatal
3397,2023-10-24,5,Tue,Clear,Dark,Urban Road,50,1,Yes,0,0,0,Serious
3398,2024-01-28,20,Sun,Fog,Dark,Highway,50,3,No,0,0,3,Fatal
3399,2022-10-16,8,Sun,Rain,Daylight,Highway,80,2,Yes,0,0,1,Fatal
3400,2023-12-22,23,Fri,Rain,Dark,Highway,70,3,Yes,0,0,5,Fatal
3401,2023-09-30,7,Sat,Cloudy,Daylight,Highway,30,2,No,0,0,4,Serious
3402,2022-08-23,17,Tue,Clear,Daylight,Rural Road,50,2,No,0,0,4,Serious
3403,2023-02-20,8,Mon,Cloudy,Daylight,Urban Road,60,4,No,0,0,4,Fatal
3404,2024-07-26,6,Fri,Fog,Daylight,Highway,80,1,Yes,0,0,1,Fatal
3405,2023-05-14,19,Sun,Clear,Dusk/Dawn,Highway,80,3,No,0,0,3,Fatal
3406,2024-08-31,19,Sat,Cloudy,Dusk/Dawn,Intersection,60,2,No,0,0,2,Minor
3407,2023-09-26,11,Tue,Clear,Daylight,Urban Road,40,2,No,0,0,0,Serious
3408,2024-10-16,17,Wed,Cloudy,Daylight,Rural Road,50,2,Yes,0,0,4,Minor
3409,2022-04-25,14,Mon,Clear,Daylight,Urban Road,50,1,No,0,0,1,Minor
3410,2024-07-20,19,Sat,Cloudy,Dusk/Dawn,Highway,80,4,No,0,0,1,Minor
3411,2023-11-05,9,Sun,Rain,Daylight,Intersection,40,5,No,1,0,0,Serious
3412,2024-10-31,14,Thu,Clear,Daylight,Urban Road,60,3,Yes,0,0,2,Serious
3413,2022-07-25,13,Mon,Rain,Daylight,Highway,70,3,No,0,0,3,Serious
3414,2022-09-04,10,Sun,Clear,Daylight,Urban Road,120,1,Yes,0,0,1,Serious
3415,2024-01-28,19,Sun,Clear,Dusk/Dawn,Urban Road,120,2,No,0,0,1,Serious
3416,2022-05-27,7,Fri,Clear,Daylight,Highway,120,2,No,0,0,3,Fatal
3417,2022-04-28,7,Thu,Clear,Daylight,Intersection,80,2,No,0,0,0,Minor
3418,2023-02-16,15,Thu,Clear,Daylight,Intersection,80,1,No,0,0,1,Minor
3419,2022-12-29,16,Thu,Rain,Daylight,Highway,80,2,No,0,0,1,Serious
3420,2022-05-17,8,Tue,Clear,Daylight,Urban Road,100,2,No,0,0,0,Minor
3421,2024-08-15,11,Thu,Rain,Daylight,Rural Road,120,1,Yes,0,0,5,Fatal
3422,2022-01-19,21,Wed,Clear,Dark,Highway,50,1,No,0,0,4,Serious
3423,2022-07-14,8,Thu,Fog,Daylight,Urban Road,50,1,No,0,0,2,Minor
3424,2022-11-26,16,Sat,Fog,Daylight,Rural Road,60,3,Yes,1,0,1,Fatal
3425,2022-06-24,17,Fri,Clear,Daylight,Rural Road,70,2,Yes,0,1,3,Fatal
3426,2024-09-28,12,Sat,Cloudy,Daylight,Rural Road,80,1,No,0,0,0,Serious
3427,2023-03-25,20,Sat,Rain,Dark,Rural Road,100,3,No,0,0,4,Fatal
3428,2024-08-03,17,Sat,Fog,Daylight,Intersection,60,1,No,0,0,0,Fatal
3429,2022-05-21,12,Sat,Clear,Daylight,Urban Road,50,2,No,0,0,4,Minor
3430,2024-01-28,15,Sun,Clear,Daylight,Intersection,120,3,No,0,0,4,Fatal
3431,2024-07-18,16,Thu,Cloudy,Daylight,Highway,40,2,No,0,0,2,Serious
3432,2022-04-03,15,Sun,Cloudy,Daylight,Highway,40,2,Yes,0,0,1,Minor
3433,2022-08-27,19,Sat,Clear,Dusk/Dawn,Highway,80,1,Yes,0,0,2,Serious
3434,2022-07-24,10,Sun,Clear,Daylight,Rural Road,40,1,No,0,0,2,Minor
3435,2023-07-14,9,Fri,Rain,Daylight,Highway,50,2,Yes,0,0,0,Serious
3436,2022-09-02,8,Fri,Rain,Daylight,Intersection,50,1,No,0,0,0,Fatal
3437,2024-04-11,3,Thu,Cloudy,Dark,Urban Road,40,3,No,0,0,2,Serious
3438,2024-07-13,4,Sat,Clear,Dark,Highway,60,2,No,0,0,2,Serious
3439,2022-10-22,19,Sat,Clear,Dusk/Dawn,Rural Road,50,2,No,0,0,0,Serious
3440,2023-10-02,16,Mon,Clear,Daylight,Intersection,60,2,Yes,0,0,2,Fatal
3441,2024-05-05,16,Sun,Clear,Daylight,Rural Road,40,3,No,0,0,0,Minor
3442,2022-01-17,15,Mon,Clear,Daylight,Highway,80,2,No,0,0,2,Fatal
3443,2022-03-12,19,Sat,Cloudy,Dusk/Dawn,Intersection,50,2,Yes,0,0,3,Serious
3444,2022-11-01,13,Tue,Rain,Daylight,Rural Road,50,2,No,0,0,1,Minor
3445,2024-10-27,19,Sun,Cloudy,Dusk/Dawn,Urban Road,50,2,No,0,0,2,Serious
3446,2024-03-27,10,Wed,Clear,Daylight,Urban Road,50,2,No,0,0,0,Minor
3447,2024-03-31,20,Sun,Clear,Dark,Urban Road,60,2,No,0,0,0,Serious
3448,2022-07-12,17,Tue,Clear,Daylight,Intersection,60,2,No,0,0,2,Minor
3449,2023-06-13,8,Tue,Clear,Daylight,Highway,120,2,No,0,0,1,Serious
3450,2022-06-20,15,Mon,Cloudy,Daylight,Highway,120,1,Yes,0,0,3,Fatal
3451,2022-09-08,14,Thu,Clear,Daylight,Intersection,70,1,Yes,0,0,3,Serious
3452,2023-06-25,7,Sun,Clear,Daylight,Highway,30,1,No,0,0,1,Minor
3453,2023-02-20,15,Mon,Clear,Daylight,Intersection,70,2,No,0,0,0,Minor
3454,2024-03-04,9,Mon,Clear,Daylight,Urban Road,30,4,No,0,0,0,Minor
3455,2022-01-25,5,Tue,Snow,Dark,Urban Road,80,2,No,0,0,4,Fatal
3456,2023-10-30,21,Mon,Clear,Dark,Highway,50,4,No,0,0,4,Fatal
3457,2023-09-24,16,Sun,Fog,Daylight,Intersection,100,2,Yes,0,0,1,Fatal
3458,2023-05-20,19,Sat,Fog,Dusk/Dawn,Rural Road,120,2,No,1,0,2,Fatal
3459,2022-12-02,16,Fri,Clear,Daylight,Intersection,50,3,No,0,0,3,Fatal
3460,2023-03-01,10,Wed,Clear,Daylight,Rural Road,60,2,Yes,0,0,4,Minor
3461,2023-05-14,14,Sun,Snow,Daylight,Highway,60,2,No,1,0,4,Fatal
3462,2024-08-04,16,Sun,Fog,Daylight,Urban Road,40,2,No,0,0,1,Serious
3463,2023-09-22,21,Fri,Clear,Dark,Urban Road,120,2,Yes,0,0,2,Fatal
3464,2023-12-19,8,Tue,Clear,Daylight,Urban Road,50,3,No,0,0,0,Minor
3465,2022-12-05,19,Mon,Clear,Dusk/Dawn,Intersection,40,2,No,0,0,0,Minor
3466,2023-10-21,20,Sat,Clear,Dark,Urban Road,80,4,No,0,0,3,Fatal
3467,2024-08-19,16,Mon,Clear,Daylight,Rural Road,40,4,No,0,0,3,Serious
3468,2023-03-05,20,Sun,Clear,Dark,Intersection,40,2,No,0,0,1,Minor
3469,2024-06-17,11,Mon,Clear,Daylight,Highway,60,1,Yes,0,0,3,Serious
3470,2022-05-19,21,Thu,Clear,Dark,Intersection,70,1,No,0,0,0,Minor
3471,2024-07-30,17,Tue,Clear,Daylight,Urban Road,60,1,Yes,0,0,2,Serious
3472,2023-06-26,4,Mon,Cloudy,Dark,Rural Road,70,1,No,0,0,2,Fatal
3473,2022-02-26,20,Sat,Rain,Dark,Highway,40,2,No,0,0,3,Fatal
3474,2023-10-20,13,Fri,Cloudy,Daylight,Urban Road,60,1,No,0,0,3,Serious
3475,2023-03-11,13,Sat,Clear,Daylight,Highway,50,2,No,0,0,2,Minor
3476,2023-01-19,15,Thu,Rain,Daylight,Intersection,120,1,Yes,0,0,3,Fatal
3477,2023-07-14,7,Fri,Clear,Daylight,Intersection,30,2,No,0,0,1,Minor
3478,2022-07-13,13,Wed,Rain,Daylight,Highway,50,1,Yes,0,0,3,Minor
3479,2023-06-18,18,Sun,Clear,Daylight,Intersection,120,3,Yes,0,0,1,Fatal
3480,2023-06-02,1,Fri,Clear,Dark,Urban Road,120,3,No,0,0,5,Fatal
3481,2023-12-17,9,Sun,Cloudy,Daylight,Intersection,100,2,Yes,0,0,4,Fatal
3482,2024-01-21,0,Sun,Rain,Dark,Highway,30,4,Yes,0,0,2,Fatal
3483,2022-07-04,12,Mon,Cloudy,Daylight,Urban Road,60,1,No,0,0,2,Serious
3484,2022-10-19,17,Wed,Clear,Daylight,Rural Road,50,3,No,0,0,2,Serious
3485,2024-01-02,18,Tue,Clear,Daylight,Highway,100,2,No,0,0,2,Fatal
3486,2022-04-26,21,Tue,Clear,Dark,Urban Road,30,2,No,0,0,2,Minor
3487,2024-04-04,15,Thu,Fog,Daylight,Urban Road,40,1,Yes,0,0,2,Serious
3488,2024-12-08,8,Sun,Rain,Daylight,Highway,60,1,Yes,0,0,2,Fatal
3489,2023-11-16,20,Thu,Cloudy,Dark,Urban Road,40,3,No,0,0,0,Minor
3490,2022-03-23,17,Wed,Clear,Daylight,Intersection,70,2,Yes,0,1,2,Fatal
3491,2024-04-13,15,Sat,Fog,Daylight,Highway,100,1,No,0,0,1,Fatal
3492,2022-11-29,17,Tue,Clear,Daylight,Highway,80,2,Yes,0,0,1,Fatal
3493,2023-07-11,20,Tue,Clear,Dark,Urban Road,50,1,No,1,0,3,Fatal
3494,2022-12-01,17,Thu,Rain,Daylight,Rural Road,100,1,Yes,0,0,1,Fatal
3495,2023-06-16,11,Fri,Rain,Daylight,Rural Road,40,4,Yes,0,0,2,Serious
3496,2022-08-09,17,Tue,Clear,Daylight,Rural Road,50,2,No,0,0,4,Serious
3497,2023-09-27,3,Wed,Clear,Dark,Highway,60,2,Yes,0,0,0,Fatal
3498,2022-11-19,11,Sat,Clear,Daylight,Urban Road,30,4,No,0,0,1,Minor
3499,2022-01-03,11,Mon,Clear,Daylight,Rural Road,30,2,No,0,0,2,Minor
3500,2022-07-25,7,Mon,Clear,Daylight,Intersection,50,2,No,0,1,3,Fatal
3501,2022-02-09,2,Wed,Clear,Dark,Urban Road,120,2,Yes,0,0,3,Fatal
3502,2022-02-28,7,Mon,Clear,Daylight,Highway,120,2,No,1,0,3,Fatal
3503,2024-08-08,16,Thu,Cloudy,Daylight,Urban Road,60,2,No,0,0,4,Serious
3504,2023-07-28,18,Fri,Cloudy,Daylight,Highway,40,1,No,0,0,2,Minor
3505,2023-10-06,22,Fri,Clear,Dark,Rural Road,40,2,No,0,0,2,Serious
3506,2024-04-22,10,Mon,Cloudy,Daylight,Highway,50,3,No,0,0,3,Serious
3507,2023-09-11,15,Mon,Rain,Daylight,Highway,40,2,No,0,0,3,Fatal
3508,2022-04-06,20,Wed,Clear,Dark,Urban Road,30,3,Yes,0,0,2,Serious
3509,2024-06-16,7,Sun,Clear,Daylight,Urban Road,70,2,No,0,0,2,Serious
3510,2024-12-21,17,Sat,Cloudy,Daylight,Urban Road,60,1,Yes,0,0,3,Minor
3511,2023-07-15,17,Sat,Rain,Daylight,Urban Road,50,2,No,0,0,2,Serious
3512,2024-06-23,6,Sun,Cloudy,Daylight,Rural Road,80,1,Yes,0,0,0,Serious
3513,2022-12-14,19,Wed,Cloudy,Dusk/Dawn,Urban Road,80,1,No,0,0,2,Serious
3514,2023-11-02,18,Thu,Clear,Daylight,Urban Road,60,1,No,0,0,2,Serious
3515,2022-11-13,3,Sun,Clear,Dark,Urban Road,30,3,Yes,0,1,0,Fatal
3516,2023-12-20,6,Wed,Clear,Daylight,Urban Road,120,1,Yes,0,0,1,Serious
3517,2024-12-07,4,Sat,Clear,Dark,Urban Road,70,2,No,0,0,3,Fatal
3518,2022-09-07,10,Wed,Clear,Daylight,Urban Road,40,1,No,0,0,2,Serious
3519,2022-11-10,13,Thu,Clear,Daylight,Rural Road,70,3,Yes,0,0,2,Minor
3520,2024-03-17,14,Sun,Clear,Daylight,Urban Road,50,2,No,0,0,2,Minor
3521,2023-04-30,9,Sun,Clear,Daylight,Intersection,70,1,No,0,0,1,Serious
3522,2022-02-13,20,Sun,Clear,Dark,Urban Road,60,3,Yes,0,0,2,Serious
3523,2023-07-25,11,Tue,Clear,Daylight,Urban Road,60,3,No,0,0,6,Fatal
3524,2023-08-06,4,Sun,Clear,Dark,Rural Road,80,2,Yes,0,0,0,Minor
3525,2024-06-13,9,Thu,Clear,Daylight,Highway,70,2,Yes,0,0,2,Fatal
3526,2022-08-08,14,Mon,Rain,Daylight,Urban Road,30,2,No,0,0,0,Serious
3527,2024-07-13,12,Sat,Cloudy,Daylight,Urban Road,30,4,No,0,0,0,Minor
3528,2023-02-05,9,Sun,Clear,Daylight,Highway,50,1,No,0,0,1,Serious
3529,2023-12-28,7,Thu,Clear,Daylight,Urban Road,50,2,Yes,0,0,1,Minor
3530,2024-09-17,18,Tue,Cloudy,Daylight,Urban Road,50,2,No,0,0,1,Serious
3531,2024-06-17,23,Mon,Rain,Dark,Intersection,70,2,No,0,0,2,Serious
3532,2024-05-07,10,Tue,Snow,Daylight,Intersection,40,2,No,0,0,3,Fatal
3533,2024-03-14,11,Thu,Clear,Daylight,Highway,80,1,No,0,0,3,Fatal
3534,2023-05-05,15,Fri,Cloudy,Daylight,Urban Road,80,1,No,0,0,2,Minor
3535,2024-07-26,17,Fri,Cloudy,Daylight,Highway,40,4,No,0,0,8,Fatal
3536,2024-04-23,11,Tue,Rain,Daylight,Highway,70,3,No,0,0,1,Fatal
3537,2022-09-24,20,Sat,Clear,Dark,Rural Road,120,4,No,0,0,5,Fatal
3538,2022-02-23,14,Wed,Cloudy,Daylight,Highway,40,3,Yes,0,0,5,Fatal
3539,2023-06-12,12,Mon,Snow,Daylight,Highway,120,2,Yes,0,0,4,Fatal
3540,2023-09-08,16,Fri,Snow,Daylight,Intersection,70,1,No,0,0,1,Fatal
3541,2024-12-18,21,Wed,Clear,Dark,Intersection,60,2,No,0,0,1,Serious
3542,2024-11-29,18,Fri,Snow,Daylight,Rural Road,30,2,No,0,0,3,Fatal
3543,2024-08-12,3,Mon,Clear,Dark,Intersection,80,2,Yes,1,0,2,Fatal
3544,2023-01-21,10,Sat,Clear,Daylight,Rural Road,60,2,No,0,0,0,Minor
3545,2024-01-04,13,Thu,Rain,Daylight,Highway,80,4,No,0,0,4,Fatal
3546,2023-12-17,9,Sun,Clear,Daylight,Urban Road,100,1,No,0,0,1,Serious
3547,2023-10-12,17,Thu,Rain,Daylight,Urban Road,60,1,No,0,0,2,Serious
3548,2022-10-27,18,Thu,Rain,Daylight,Urban Road,50,2,Yes,0,0,2,Serious
3549,2023-01-30,17,Mon,Clear,Daylight,Intersection,40,4,No,0,0,1,Minor
3550,2023-08-16,22,Wed,Rain,Dark,Urban Road,40,4,No,0,0,3,Serious
3551,2023-05-29,9,Mon,Cloudy,Daylight,Highway,100,2,No,0,0,2,Serious
3552,2023-01-31,19,Tue,Clear,Dusk/Dawn,Highway,40,1,No,0,0,0,Serious
3553,2023-01-06,17,Fri,Rain,Daylight,Highway,50,2,No,0,0,1,Serious
3554,2024-05-07,10,Tue,Clear,Daylight,Intersection,50,4,Yes,0,0,3,Minor
3555,2024-03-01,17,Fri,Clear,Daylight,Urban Road,100,2,Yes,0,0,2,Serious
3556,2023-10-20,6,Fri,Clear,Daylight,Urban Road,60,3,No,0,0,1,Fatal
3557,2024-01-06,18,Sat,Clear,Daylight,Urban Road,120,2,Yes,0,0,0,Serious
3558,2023-01-19,14,Thu,Clear,Daylight,Rural Road,80,1,Yes,0,0,0,Minor
3559,2022-03-03,9,Thu,Cloudy,Daylight,Rural Road,100,2,No,0,0,1,Serious
3560,2023-05-20,16,Sat,Rain,Daylight,Urban Road,30,3,Yes,0,0,3,Serious
3561,2022-08-27,16,Sat,Rain,Daylight,Intersection,50,5,No,0,0,4,Serious
3562,2022-07-14,8,Thu,Clear,Daylight,Intersection,40,3,No,0,0,1,Minor
3563,2023-11-09,2,Thu,Rain,Dark,Intersection,60,2,Yes,0,0,1,Fatal
3564,2022-03-02,12,Wed,Clear,Daylight,Rural Road,80,2,Yes,0,0,2,Serious
3565,2024-09-16,15,Mon,Clear,Daylight,Intersection,40,3,Yes,0,0,3,Serious
3566,2023-11-16,19,Thu,Clear,Dusk/Dawn,Urban Road,40,1,No,0,0,0,Minor
3567,2022-06-05,20,Sun,Clear,Dark,Intersection,70,4,No,0,0,4,Fatal
3568,2024-07-11,14,Thu,Clear,Daylight,Intersection,40,2,Yes,0,0,0,Serious
3569,2024-05-17,17,Fri,Rain,Daylight,Intersection,60,4,No,0,0,2,Serious
3570,2024-06-21,12,Fri,Cloudy,Daylight,Intersection,30,3,No,0,0,2,Minor
3571,2024-09-25,17,Wed,Clear,Daylight,Urban Road,70,1,Yes,1,0,2,Fatal
3572,2024-09-01,8,Sun,Clear,Daylight,Highway,60,1,No,0,0,1,Serious
3573,2023-01-23,11,Mon,Clear,Daylight,Urban Road,70,2,No,0,0,1,Minor
3574,2024-06-05,16,Wed,Cloudy,Daylight,Rural Road,50,2,No,0,0,2,Minor
3575,2024-04-17,1,Wed,Cloudy,Dark,Highway,50,2,No,0,0,2,Serious
3576,2022-12-06,17,Tue,Rain,Daylight,Urban Road,100,2,Yes,0,0,0,Fatal
3577,2022-07-23,18,Sat,Cloudy,Daylight,Urban Road,80,2,Yes,0,0,2,Fatal
3578,2022-06-10,11,Fri,Clear,Daylight,Urban Road,60,1,No,0,0,4,Serious
3579,2023-01-27,12,Fri,Cloudy,Daylight,Intersection,70,5,Yes,0,0,1,Serious
3580,2024-02-08,19,Thu,Clear,Dusk/Dawn,Rural Road,30,2,Yes,0,0,3,Serious
3581,2023-07-29,18,Sat,Clear,Daylight,Rural Road,100,3,No,0,0,5,Fatal
3582,2023-06-18,9,Sun,Rain,Daylight,Urban Road,80,1,No,0,0,3,Serious
3583,2024-12-29,9,Sun,Clear,Daylight,Intersection,60,3,No,0,0,0,Serious
3584,2024-06-11,16,Tue,Rain,Daylight,Highway,120,1,Yes,0,0,1,Fatal
3585,2023-02-09,15,Thu,Clear,Daylight,Highway,40,2,Yes,0,0,0,Minor
3586,2023-08-31,7,Thu,Rain,Daylight,Intersection,70,2,Yes,0,0,0,Serious
3587,2024-04-07,9,Sun,Clear,Daylight,Rural Road,120,4,No,0,0,0,Serious
3588,2023-11-21,20,Tue,Clear,Dark,Rural Road,50,2,No,0,0,0,Serious
3589,2024-06-20,16,Thu,Cloudy,Daylight,Urban Road,30,1,No,0,0,4,Minor
3590,2022-02-25,22,Fri,Cloudy,Dark,Urban Road,80,3,Yes,0,0,3,Fatal
3591,2023-01-01,17,Sun,Cloudy,Daylight,Urban Road,30,2,No,0,0,2,Minor
3592,2023-03-31,21,Fri,Fog,Dark,Highway,100,1,No,0,0,6,Fatal
3593,2022-04-14,8,Thu,Fog,Daylight,Urban Road,30,2,No,0,0,4,Fatal
3594,2022-03-18,17,Fri,Rain,Daylight,Urban Road,70,1,No,0,0,2,Serious
3595,2022-08-18,1,Thu,Clear,Dark,Urban Road,50,2,No,1,0,2,Fatal
3596,2022-11-27,16,Sun,Clear,Daylight,Urban Road,40,2,No,0,0,2,Serious
3597,2024-06-11,13,Tue,Clear,Daylight,Intersection,100,2,Yes,0,0,1,Fatal
3598,2023-11-19,10,Sun,Cloudy,Daylight,Rural Road,80,2,No,0,0,3,Serious
3599,2022-01-27,19,Thu,Clear,Dusk/Dawn,Intersection,50,2,No,0,0,1,Minor
3600,2022-10-26,19,Wed,Cloudy,Dusk/Dawn,Urban Road,50,3,No,1,0,2,Fatal
3601,2024-08-14,2,Wed,Rain,Dark,Urban Road,80,4,No,0,1,0,Fatal
3602,2024-03-09,15,Sat,Fog,Daylight,Highway,100,1,No,0,0,5,Fatal
3603,2023-04-25,11,Tue,Clear,Daylight,Highway,80,3,No,0,0,2,Fatal
3604,2023-07-27,12,Thu,Clear,Daylight,Urban Road,70,4,Yes,0,0,0,Serious
3605,2023-04-03,18,Mon,Cloudy,Daylight,Urban Road,40,2,No,0,0,0,Minor
3606,2022-12-31,9,Sat,Clear,Daylight,Rural Road,100,5,No,0,0,0,Fatal
3607,2024-05-08,21,Wed,Clear,Dark,Urban Road,80,2,No,0,0,2,Serious
3608,2022-12-17,7,Sat,Clear,Daylight,Intersection,60,3,Yes,0,0,2,Serious
3609,2022-09-10,16,Sat,Clear,Daylight,Intersection,60,2,No,0,0,0,Minor
3610,2024-02-20,16,Tue,Clear,Daylight,Highway,60,2,No,0,0,1,Serious
3611,2024-03-13,8,Wed,Rain,Daylight,Urban Road,100,3,No,1,0,3,Fatal
3612,2024-10-08,9,Tue,Clear,Daylight,Rural Road,80,2,No,0,0,3,Serious
3613,2023-04-04,18,Tue,Rain,Daylight,Urban Road,100,1,No,0,0,1,Serious
3614,2024-07-05,17,Fri,Clear,Daylight,Highway,60,1,No,0,0,4,Serious
3615,2023-05-14,10,Sun,Cloudy,Daylight,Intersection,70,3,Yes,0,0,2,Minor
3616,2024-08-07,14,Wed,Snow,Daylight,Intersection,100,3,No,0,0,1,Fatal
3617,2023-05-23,5,Tue,Clear,Dark,Rural Road,40,2,No,0,0,3,Serious
3618,2023-05-16,8,Tue,Clear,Daylight,Urban Road,50,2,Yes,0,0,2,Minor
3619,2024-03-13,13,Wed,Clear,Daylight,Urban Road,70,1,No,0,0,1,Minor
3620,2023-08-21,6,Mon,Snow,Daylight,Urban Road,120,2,No,1,0,4,Fatal
3621,2022-06-15,18,Wed,Fog,Daylight,Urban Road,30,3,Yes,0,0,2,Fatal
3622,2023-04-07,17,Fri,Cloudy,Daylight,Urban Road,40,3,Yes,0,0,1,Serious
3623,2024-07-08,21,Mon,Clear,Dark,Highway,40,2,No,0,0,3,Fatal
3624,2022-04-24,16,Sun,Clear,Daylight,Intersection,50,5,No,0,0,0,Serious
3625,2024-09-18,21,Wed,Clear,Dark,Rural Road,50,4,Yes,0,0,4,Fatal
3626,2022-07-26,14,Tue,Clear,Daylight,Rural Road,60,1,No,0,0,2,Serious
3627,2023-05-30,15,Tue,Rain,Daylight,Intersection,100,2,No,0,0,1,Fatal
3628,2023-12-10,22,Sun,Clear,Dark,Highway,70,1,No,0,0,2,Serious
3629,2022-05-18,16,Wed,Fog,Daylight,Highway,40,2,Yes,0,0,1,Minor
3630,2022-12-05,3,Mon,Rain,Dark,Intersection,100,3,No,0,0,1,Fatal
3631,2023-06-21,17,Wed,Cloudy,Daylight,Intersection,70,1,No,0,0,1,Minor
3632,2022-03-09,20,Wed,Clear,Dark,Urban Road,40,4,No,0,0,3,Fatal
3633,2023-01-18,18,Wed,Cloudy,Daylight,Highway,50,2,No,0,0,1,Minor
3634,2022-01-19,15,Wed,Cloudy,Daylight,Rural Road,80,3,Yes,0,0,3,Fatal
3635,2023-11-14,16,Tue,Cloudy,Daylight,Highway,80,1,Yes,0,0,1,Fatal
3636,2022-03-15,23,Tue,Snow,Dark,Urban Road,60,1,No,0,0,4,Fatal
3637,2023-07-27,6,Thu,Cloudy,Daylight,Highway,40,2,No,0,0,0,Minor
3638,2024-07-27,16,Sat,Rain,Daylight,Intersection,100,3,No,0,1,2,Fatal
3639,2024-12-07,9,Sat,Clear,Daylight,Urban Road,50,3,No,0,0,0,Serious
3640,2022-07-30,16,Sat,Rain,Daylight,Intersection,80,2,Yes,0,0,2,Fatal
3641,2024-05-04,15,Sat,Fog,Daylight,Highway,70,1,No,0,0,3,Fatal
3642,2023-10-13,7,Fri,Cloudy,Daylight,Urban Road,50,1,No,0,0,1,Minor
3643,2024-09-20,8,Fri,Rain,Daylight,Intersection,40,4,No,0,0,1,Serious
3644,2023-11-26,15,Sun,Clear,Daylight,Highway,40,1,No,0,0,4,Minor
3645,2023-06-24,7,Sat,Fog,Daylight,Urban Road,40,2,No,0,0,3,Serious
3646,2024-06-19,8,Wed,Cloudy,Daylight,Urban Road,40,2,No,0,0,5,Minor
3647,2024-02-19,18,Mon,Clear,Daylight,Rural Road,70,2,Yes,0,0,0,Minor
3648,2022-06-19,10,Sun,Clear,Daylight,Highway,60,2,Yes,0,0,1,Serious
3649,2024-11-03,13,Sun,Rain,Daylight,Urban Road,60,4,Yes,0,0,1,Minor
3650,2022-10-15,21,Sat,Clear,Dark,Rural Road,70,3,No,0,0,3,Fatal
3651,2022-07-08,8,Fri,Clear,Daylight,Urban Road,100,3,No,0,0,3,Serious
3652,2024-07-02,11,Tue,Clear,Daylight,Highway,120,2,Yes,0,0,4,Fatal
3653,2023-11-25,15,Sat,Cloudy,Daylight,Rural Road,40,1,No,0,0,0,Minor
3654,2024-06-06,17,Thu,Clear,Daylight,Urban Road,60,5,No,0,0,3,Minor
3655,2023-04-16,20,Sun,Clear,Dark,Highway,30,1,No,0,0,1,Serious
3656,2022-10-04,20,Tue,Snow,Dark,Urban Road,40,2,Yes,0,0,5,Fatal
3657,2024-07-28,18,Sun,Cloudy,Daylight,Intersection,70,2,No,0,0,1,Serious
3658,2023-07-25,8,Tue,Cloudy,Daylight,Highway,60,2,Yes,0,0,0,Minor
3659,2024-05-06,2,Mon,Clear,Dark,Urban Road,80,2,Yes,0,0,4,Fatal
3660,2024-09-27,11,Fri,Cloudy,Daylight,Rural Road,50,4,No,0,0,3,Serious
3661,2023-04-03,7,Mon,Clear,Daylight,Highway,40,5,Yes,0,0,1,Serious
3662,2024-07-06,17,Sat,Fog,Daylight,Highway,100,2,No,0,0,2,Serious
3663,2024-04-12,16,Fri,Rain,Daylight,Urban Road,30,1,No,0,0,3,Fatal
3664,2024-12-23,4,Mon,Clear,Dark,Rural Road,40,2,No,0,0,1,Serious
3665,2024-04-18,18,Thu,Rain,Daylight,Highway,50,2,Yes,0,0,1,Serious
3666,2022-07-12,8,Tue,Clear,Daylight,Intersection,120,5,No,0,0,2,Serious
3667,2023-09-08,12,Fri,Cloudy,Daylight,Rural Road,50,1,No,0,0,2,Minor
3668,2023-02-10,16,Fri,Clear,Daylight,Urban Road,60,1,Yes,0,0,2,Serious
3669,2024-07-31,12,Wed,Rain,Daylight,Urban Road,80,2,Yes,0,0,3,Minor
3670,2023-12-22,12,Fri,Clear,Daylight,Intersection,70,3,Yes,0,0,3,Serious
3671,2022-04-03,5,Sun,Clear,Dark,Highway,100,2,Yes,1,0,1,Fatal
3672,2023-03-06,11,Mon,Cloudy,Daylight,Urban Road,60,2,No,0,0,5,Serious
3673,2023-10-16,17,Mon,Snow,Daylight,Urban Road,120,2,No,0,0,1,Fatal
3674,2023-03-10,20,Fri,Cloudy,Dark,Highway,80,2,Yes,0,0,2,Fatal
3675,2023-01-10,12,Tue,Clear,Daylight,Highway,50,1,Yes,0,0,2,Serious
3676,2024-12-18,12,Wed,Clear,Daylight,Highway,50,3,Yes,0,0,0,Serious
3677,2024-12-02,17,Mon,Rain,Daylight,Urban Road,120,1,No,0,0,1,Serious
3678,2022-07-26,21,Tue,Clear,Dark,Highway,70,2,Yes,1,0,4,Fatal
3679,2024-02-19,9,Mon,Clear,Daylight,Intersection,70,3,Yes,1,0,2,Fatal
3680,2023-06-16,12,Fri,Fog,Daylight,Intersection,80,1,Yes,0,0,5,Fatal
3681,2022-06-15,18,Wed,Clear,Daylight,Highway,60,3,No,0,0,1,Serious
3682,2023-10-05,15,Thu,Clear,Daylight,Urban Road,40,3,No,0,0,3,Fatal
3683,2022-03-31,6,Thu,Clear,Daylight,Highway,50,1,No,0,0,1,Serious
3684,2022-01-13,16,Thu,Rain,Daylight,Highway,60,4,No,0,0,3,Fatal
3685,2024-08-30,8,Fri,Fog,Daylight,Urban Road,30,2,Yes,0,0,2,Fatal
3686,2024-03-15,14,Fri,Clear,Daylight,Urban Road,50,2,No,0,0,2,Minor
3687,2024-08-02,14,Fri,Rain,Daylight,Intersection,80,4,Yes,0,0,1,Serious
3688,2024-01-12,19,Fri,Clear,Dusk/Dawn,Urban Road,40,4,No,0,0,2,Serious
3689,2024-05-25,13,Sat,Cloudy,Daylight,Urban Road,30,2,Yes,0,0,0,Serious
3690,2023-10-22,9,Sun,Cloudy,Daylight,Highway,100,1,Yes,0,0,5,Serious
3691,2024-10-28,8,Mon,Fog,Daylight,Highway,70,2,No,0,0,2,Fatal
3692,2024-11-18,19,Mon,Clear,Dusk/Dawn,Intersection,40,3,Yes,1,0,6,Fatal
3693,2022-10-23,7,Sun,Rain,Daylight,Highway,100,4,Yes,0,0,2,Fatal
3694,2024-09-12,12,Thu,Rain,Daylight,Intersection,70,1,Yes,0,0,2,Fatal
3695,2024-07-14,8,Sun,Cloudy,Daylight,Highway,50,1,No,0,0,3,Serious
3696,2023-10-02,17,Mon,Cloudy,Daylight,Urban Road,50,3,Yes,1,0,7,Fatal
3697,2022-12-06,13,Tue,Cloudy,Daylight,Intersection,40,2,No,0,0,1,Serious
3698,2023-09-20,10,Wed,Clear,Daylight,Highway,100,2,No,0,0,0,Minor
3699,2023-03-15,10,Wed,Cloudy,Daylight,Urban Road,60,1,Yes,0,0,1,Minor
3700,2024-07-30,19,Tue,Rain,Dusk/Dawn,Rural Road,60,2,No,0,0,3,Fatal
3701,2024-04-09,14,Tue,Cloudy,Daylight,Highway,100,5,No,0,0,8,Fatal
3702,2023-06-03,17,Sat,Clear,Daylight,Rural Road,30,5,No,0,0,3,Minor
3703,2024-09-02,19,Mon,Clear,Dusk/Dawn,Highway,30,2,No,0,0,2,Fatal
3704,2024-12-04,20,Wed,Clear,Dark,Highway,40,5,Yes,0,0,1,Minor
3705,2024-08-12,10,Mon,Clear,Daylight,Highway,30,2,No,0,0,3,Serious
3706,2024-08-09,21,Fri,Clear,Dark,Intersection,70,3,Yes,0,0,2,Fatal
3707,2024-08-01,2,Thu,Cloudy,Dark,Highway,70,1,Yes,1,0,6,Fatal
3708,2022-06-04,11,Sat,Clear,Daylight,Highway,40,3,Yes,0,0,1,Serious
3709,2022-03-29,19,Tue,Clear,Dusk/Dawn,Urban Road,40,2,No,0,0,1,Minor
3710,2024-07-19,9,Fri,Clear,Daylight,Urban Road,40,1,Yes,0,0,0,Minor
3711,2022-06-28,9,Tue,Clear,Daylight,Urban Road,120,4,No,0,0,5,Fatal
3712,2022-07-31,9,Sun,Cloudy,Daylight,Highway,70,1,Yes,0,0,3,Fatal
3713,2023-04-10,15,Mon,Clear,Daylight,Rural Road,60,5,No,0,0,2,Fatal
3714,2023-09-23,12,Sat,Clear,Daylight,Urban Road,50,1,No,0,0,1,Minor
3715,2024-04-04,17,Thu,Cloudy,Daylight,Urban Road,50,1,Yes,1,0,5,Fatal
3716,2023-08-30,19,Wed,Cloudy,Dusk/Dawn,Highway,30,3,Yes,0,1,1,Serious
3717,2024-06-03,16,Mon,Clear,Daylight,Urban Road,120,2,Yes,0,0,2,Serious
3718,2023-01-01,8,Sun,Snow,Daylight,Rural Road,80,2,Yes,0,0,1,Serious
3719,2022-10-03,20,Mon,Rain,Dark,Urban Road,70,1,No,0,0,2,Fatal
3720,2023-01-15,8,Sun,Snow,Daylight,Highway,60,2,No,0,0,0,Serious
3721,2024-08-02,7,Fri,Clear,Daylight,Highway,60,2,No,0,0,2,Minor
3722,2024-12-23,6,Mon,Cloudy,Daylight,Rural Road,50,2,No,0,0,0,Serious
3723,2024-03-20,15,Wed,Clear,Daylight,Intersection,40,2,No,0,0,4,Minor
3724,2024-07-13,7,Sat,Clear,Daylight,Highway,60,2,No,0,0,2,Minor
3725,2023-05-09,7,Tue,Clear,Daylight,Urban Road,30,5,Yes,0,0,3,Minor
3726,2024-12-30,9,Mon,Clear,Daylight,Highway,30,2,No,0,0,0,Minor
3727,2022-12-30,9,Fri,Cloudy,Daylight,Urban Road,60,2,No,0,0,1,Serious
3728,2023-07-24,15,Mon,Rain,Daylight,Urban Road,120,2,No,0,0,4,Fatal
3729,2024-02-02,18,Fri,Clear,Daylight,Intersection,120,2,No,0,0,1,Serious
3730,2022-10-03,17,Mon,Clear,Daylight,Highway,30,2,No,0,0,1,Minor
3731,2022-02-19,8,Sat,Clear,Daylight,Rural Road,40,2,No,0,0,0,Minor
3732,2023-12-29,8,Fri,Cloudy,Daylight,Urban Road,60,3,No,0,0,1,Serious
3733,2024-06-24,21,Mon,Rain,Dark,Intersection,100,3,No,0,0,2,Fatal
3734,2024-07-16,0,Tue,Rain,Dark,Urban Road,120,2,No,0,1,1,Fatal
3735,2023-07-18,19,Tue,Fog,Dusk/Dawn,Highway,100,2,No,0,0,4,Fatal
3736,2024-02-22,8,Thu,Snow,Daylight,Intersection,70,2,No,0,0,2,Fatal
3737,2023-04-30,21,Sun,Rain,Dark,Highway,40,2,Yes,0,0,2,Fatal
3738,2023-08-07,10,Mon,Clear,Daylight,Urban Road,30,3,No,0,0,0,Serious
3739,2022-08-24,12,Wed,Cloudy,Daylight,Intersection,30,3,No,0,0,0,Minor
3740,2022-02-25,17,Fri,Fog,Daylight,Highway,70,1,Yes,1,0,4,Fatal
3741,2022-12-26,15,Mon,Fog,Daylight,Urban Road,30,3,Yes,0,0,2,Fatal
3742,2022-04-20,9,Wed,Cloudy,Daylight,Intersection,80,3,Yes,0,0,2,Fatal
3743,2022-07-11,14,Mon,Cloudy,Daylight,Intersection,80,1,No,0,0,1,Minor
3744,2024-06-22,17,Sat,Cloudy,Daylight,Rural Road,30,1,Yes,0,0,3,Serious
3745,2024-05-11,4,Sat,Cloudy,Dark,Highway,120,3,No,0,0,7,Fatal
3746,2023-07-22,1,Sat,Clear,Dark,Rural Road,60,2,No,0,0,0,Serious
3747,2024-12-19,12,Thu,Clear,Daylight,Rural Road,120,3,Yes,0,0,5,Fatal
3748,2023-10-12,7,Thu,Rain,Daylight,Rural Road,120,1,Yes,0,0,4,Fatal
3749,2022-02-08,16,Tue,Clear,Daylight,Intersection,40,1,No,0,0,2,Minor
3750,2024-12-08,8,Sun,Cloudy,Daylight,Highway,50,1,No,0,0,2,Minor
3751,2023-09-29,12,Fri,Snow,Daylight,Highway,40,2,Yes,0,0,3,Fatal
3752,2024-11-02,8,Sat,Fog,Daylight,Urban Road,80,2,No,0,0,2,Serious
3753,2022-02-05,14,Sat,Cloudy,Daylight,Intersection,60,3,No,0,0,4,Serious
3754,2022-04-11,7,Mon,Clear,Daylight,Urban Road,120,3,No,0,0,5,Fatal
3755,2022-06-15,2,Wed,Fog,Dark,Intersection,40,5,Yes,0,0,2,Fatal
3756,2023-01-18,5,Wed,Rain,Dark,Intersection,70,1,No,0,0,3,Minor
3757,2024-02-29,21,Thu,Clear,Dark,Intersection,120,1,No,0,0,4,Fatal
3758,2022-01-31,7,Mon,Clear,Daylight,Intersection,70,1,Yes,0,0,0,Minor
3759,2022-01-11,17,Tue,Cloudy,Daylight,Intersection,30,2,Yes,0,0,1,Minor
3760,2022-04-06,5,Wed,Rain,Dark,Intersection,60,2,Yes,0,0,4,Serious
3761,2023-03-29,6,Wed,Cloudy,Daylight,Rural Road,40,2,No,0,0,2,Serious
3762,2022-07-11,13,Mon,Rain,Daylight,Highway,30,1,Yes,0,0,0,Minor
3763,2023-05-01,13,Mon,Clear,Daylight,Highway,50,1,Yes,0,0,2,Minor
3764,2022-08-26,21,Fri,Clear,Dark,Highway,50,2,No,1,0,1,Fatal
3765,2024-12-24,21,Tue,Clear,Dark,Highway,80,2,No,0,0,1,Serious
3766,2024-01-05,18,Fri,Cloudy,Daylight,Highway,50,3,Yes,0,0,1,Serious
3767,2024-09-17,15,Tue,Clear,Daylight,Intersection,80,3,No,0,0,1,Fatal
3768,2024-04-04,12,Thu,Cloudy,Daylight,Rural Road,30,1,No,0,0,1,Minor
3769,2022-04-16,10,Sat,Cloudy,Daylight,Urban Road,30,3,No,0,0,2,Serious
3770,2022-06-30,21,Thu,Cloudy,Dark,Rural Road,30,2,Yes,0,0,4,Serious
3771,2022-07-03,15,Sun,Clear,Daylight,Urban Road,40,2,Yes,0,0,1,Serious
3772,2022-08-14,15,Sun,Cloudy,Daylight,Highway,50,1,No,0,0,1,Serious
3773,2024-02-16,8,Fri,Clear,Daylight,Intersection,70,3,No,0,0,2,Serious
3774,2024-02-29,4,Thu,Clear,Dark,Urban Road,120,1,Yes,0,0,5,Serious
3775,2023-11-19,21,Sun,Clear,Dark,Rural Road,50,2,No,0,0,3,Serious
3776,2023-06-14,9,Wed,Cloudy,Daylight,Highway,30,1,Yes,0,0,0,Minor
3777,2024-08-29,12,Thu,Clear,Daylight,Urban Road,40,2,Yes,0,0,3,Serious
3778,2024-07-24,7,Wed,Rain,Daylight,Intersection,100,2,Yes,0,0,1,Serious
3779,2022-04-16,18,Sat,Clear,Daylight,Highway,70,4,No,0,0,3,Serious
3780,2024-04-10,2,Wed,Clear,Dark,Intersection,80,3,Yes,0,0,1,Serious
3781,2023-11-10,18,Fri,Clear,Daylight,Highway,40,5,Yes,0,0,2,Fatal
3782,2024-04-28,7,Sun,Cloudy,Daylight,Urban Road,40,3,No,0,0,3,Serious
3783,2024-11-21,19,Thu,Rain,Dusk/Dawn,Intersection,40,2,Yes,0,0,2,Serious
3784,2023-01-28,17,Sat,Cloudy,Daylight,Intersection,100,2,Yes,0,0,1,Serious
3785,2022-02-09,7,Wed,Fog,Daylight,Highway,40,2,Yes,0,0,2,Serious
3786,2023-10-22,15,Sun,Cloudy,Daylight,Highway,70,2,No,0,0,1,Minor
3787,2024-09-07,9,Sat,Rain,Daylight,Rural Road,60,2,Yes,0,0,2,Fatal
3788,2024-04-24,7,Wed,Rain,Daylight,Highway,60,3,No,0,0,1,Serious
3789,2022-07-20,19,Wed,Rain,Dusk/Dawn,Urban Road,40,1,Yes,0,0,0,Serious
3790,2023-03-23,11,Thu,Clear,Daylight,Rural Road,70,3,Yes,0,0,1,Serious
3791,2024-11-27,11,Wed,Cloudy,Daylight,Urban Road,30,1,No,0,0,1,Serious
3792,2023-03-20,7,Mon,Rain,Daylight,Highway,120,1,No,0,0,3,Fatal
3793,2024-01-31,11,Wed,Cloudy,Daylight,Urban Road,30,2,Yes,0,0,2,Serious
3794,2022-08-15,19,Mon,Snow,Dusk/Dawn,Intersection,30,2,No,0,0,1,Fatal
3795,2022-02-17,10,Thu,Clear,Daylight,Urban Road,50,1,Yes,0,0,1,Minor
3796,2024-11-07,21,Thu,Rain,Dark,Rural Road,100,2,No,0,0,0,Fatal
3797,2024-06-30,21,Sun,Clear,Dark,Urban Road,50,2,No,0,0,1,Serious
3798,2022-07-06,7,Wed,Rain,Daylight,Highway,60,1,Yes,0,0,1,Serious
3799,2022-12-11,7,Sun,Rain,Daylight,Highway,30,3,No,0,0,3,Fatal
3800,2022-08-12,19,Fri,Cloudy,Dusk/Dawn,Urban Road,30,1,No,0,0,2,Serious
3801,2024-04-09,11,Tue,Clear,Daylight,Highway,70,3,Yes,0,0,1,Minor
3802,2023-05-03,0,Wed,Clear,Dark,Urban Road,40,2,Yes,0,0,2,Minor
3803,2024-05-26,9,Sun,Clear,Daylight,Rural Road,70,2,No,0,0,1,Fatal
3804,2024-04-28,15,Sun,Clear,Daylight,Rural Road,80,4,Yes,0,0,4,Serious
3805,2024-09-05,18,Thu,Cloudy,Daylight,Highway,100,3,No,0,0,2,Fatal
3806,2024-10-13,7,Sun,Cloudy,Daylight,Rural Road,40,3,No,0,0,0,Minor
3807,2022-07-07,6,Thu,Fog,Daylight,Rural Road,60,1,No,0,0,4,Serious
3808,2022-09-27,20,Tue,Cloudy,Dark,Highway,120,1,No,0,0,2,Fatal
3809,2022-11-06,17,Sun,Clear,Daylight,Highway,80,2,Yes,0,0,3,Fatal
3810,2024-04-24,15,Wed,Clear,Daylight,Urban Road,40,2,No,0,0,3,Minor
3811,2023-05-01,17,Mon,Clear,Daylight,Urban Road,60,4,Yes,0,0,2,Minor
3812,2022-04-30,12,Sat,Cloudy,Daylight,Highway,120,2,No,0,0,3,Fatal
3813,2022-08-08,17,Mon,Fog,Daylight,Highway,50,2,Yes,0,0,5,Fatal
3814,2022-02-22,11,Tue,Fog,Daylight,Highway,100,2,Yes,0,0,1,Fatal
3815,2024-01-28,8,Sun,Clear,Daylight,Intersection,60,3,Yes,0,0,4,Fatal
3816,2024-01-08,17,Mon,Clear,Daylight,Rural Road,40,2,Yes,0,1,2,Serious
3817,2023-12-21,12,Thu,Cloudy,Daylight,Urban Road,40,4,Yes,0,0,0,Serious
3818,2023-02-10,22,Fri,Clear,Dark,Intersection,30,2,No,0,0,4,Serious
3819,2023-08-31,10,Thu,Snow,Daylight,Urban Road,40,3,No,0,0,5,Fatal
3820,2024-10-17,20,Thu,Clear,Dark,Rural Road,100,2,No,0,0,1,Serious
3821,2023-02-26,20,Sun,Clear,Dark,Highway,70,3,Yes,0,0,1,Fatal
3822,2023-12-13,8,Wed,Fog,Daylight,Urban Road,80,1,Yes,0,0,1,Fatal
3823,2022-09-04,18,Sun,Clear,Daylight,Highway,70,3,No,0,0,4,Serious
3824,2022-03-13,12,Sun,Fog,Daylight,Urban Road,50,2,Yes,0,0,6,Fatal
3825,2022-07-04,20,Mon,Fog,Dark,Highway,40,2,No,0,0,1,Serious
3826,2022-01-06,12,Thu,Rain,Daylight,Highway,120,1,Yes,0,1,7,Fatal
3827,2024-06-24,17,Mon,Snow,Daylight,Highway,60,3,No,0,0,6,Fatal
3828,2023-01-22,13,Sun,Rain,Daylight,Urban Road,60,1,Yes,0,0,1,Serious
3829,2023-11-30,8,Thu,Clear,Daylight,Intersection,120,1,Yes,0,0,7,Serious
3830,2024-04-06,8,Sat,Fog,Daylight,Urban Road,50,1,No,0,0,0,Fatal
3831,2022-12-15,12,Thu,Rain,Daylight,Intersection,100,1,Yes,0,0,0,Fatal
3832,2022-11-04,17,Fri,Clear,Daylight,Rural Road,100,2,No,0,0,2,Serious
3833,2022-10-14,15,Fri,Cloudy,Daylight,Urban Road,40,2,Yes,0,0,1,Minor
3834,2024-02-05,16,Mon,Rain,Daylight,Highway,30,1,No,1,0,7,Fatal
3835,2023-12-26,9,Tue,Cloudy,Daylight,Intersection,120,2,Yes,0,0,3,Fatal
3836,2024-02-01,13,Thu,Cloudy,Daylight,Highway,50,2,No,0,0,0,Minor
3837,2023-01-18,4,Wed,Clear,Dark,Rural Road,30,2,No,0,0,4,Serious
3838,2023-01-23,18,Mon,Rain,Daylight,Urban Road,60,2,No,0,0,0,Serious
3839,2023-06-09,23,Fri,Clear,Dark,Urban Road,70,2,No,1,0,4,Fatal
3840,2023-10-01,11,Sun,Clear,Daylight,Highway,80,2,No,0,0,2,Serious
3841,2024-07-26,1,Fri,Cloudy,Dark,Urban Road,120,3,No,0,0,2,Fatal
3842,2022-10-03,7,Mon,Snow,Daylight,Intersection,120,1,Yes,0,0,2,Fatal
3843,2023-05-15,16,Mon,Clear,Daylight,Intersection,120,3,No,0,0,2,Fatal
3844,2023-12-18,15,Mon,Rain,Daylight,Intersection,30,1,Yes,0,0,0,Minor
3845,2022-12-03,18,Sat,Cloudy,Daylight,Urban Road,80,3,Yes,0,0,2,Fatal
3846,2024-07-20,8,Sat,Rain,Daylight,Urban Road,40,2,No,1,0,1,Serious
3847,2023-04-26,17,Wed,Snow,Daylight,Highway,40,2,No,0,0,0,Minor
3848,2024-06-29,16,Sat,Snow,Daylight,Intersection,100,2,Yes,0,0,2,Fatal
3849,2024-12-17,9,Tue,Clear,Daylight,Urban Road,50,3,No,0,0,3,Serious
3850,2022-04-19,14,Tue,Clear,Daylight,Urban Road,120,2,No,0,0,1,Serious
3851,2022-11-24,7,Thu,Fog,Daylight,Intersection,30,2,No,0,0,1,Serious
3852,2022-11-11,12,Fri,Clear,Daylight,Urban Road,100,1,No,0,0,3,Serious
3853,2023-11-30,19,Thu,Rain,Dusk/Dawn,Urban Road,40,4,Yes,0,0,4,Fatal
3854,2024-02-20,12,Tue,Fog,Daylight,Highway,40,3,No,0,0,2,Fatal
3855,2022-06-05,18,Sun,Snow,Daylight,Urban Road,60,2,Yes,0,0,2,Serious
3856,2024-06-05,15,Wed,Clear,Daylight,Intersection,50,3,No,0,0,0,Minor
3857,2024-10-22,8,Tue,Clear,Daylight,Urban Road,60,2,No,0,0,2,Minor
3858,2024-01-28,15,Sun,Clear,Daylight,Highway,120,3,No,0,0,0,Serious
3859,2023-12-23,13,Sat,Rain,Daylight,Highway,70,2,No,1,0,3,Fatal
3860,2024-07-01,11,Mon,Clear,Daylight,Urban Road,50,2,No,0,0,2,Minor
3861,2024-05-20,7,Mon,Rain,Daylight,Urban Road,40,1,No,0,0,1,Minor
3862,2022-01-13,12,Thu,Clear,Daylight,Highway,50,5,No,0,0,1,Serious
3863,2023-08-31,6,Thu,Rain,Daylight,Urban Road,60,3,Yes,0,0,1,Serious
3864,2023-05-13,6,Sat,Clear,Daylight,Urban Road,70,3,Yes,0,0,2,Minor
3865,2022-08-26,12,Fri,Rain,Daylight,Rural Road,50,2,No,0,0,4,Fatal
3866,2024-02-20,9,Tue,Clear,Daylight,Highway,80,2,No,0,0,1,Fatal
3867,2023-08-29,20,Tue,Clear,Dark,Rural Road,30,2,No,0,1,0,Fatal
3868,2023-10-23,11,Mon,Cloudy,Daylight,Urban Road,60,3,No,0,0,3,Serious
3869,2024-04-28,17,Sun,Clear,Daylight,Urban Road,70,4,Yes,1,0,3,Fatal
3870,2024-07-24,14,Wed,Fog,Daylight,Intersection,40,2,No,0,0,2,Fatal
3871,2023-09-20,17,Wed,Cloudy,Daylight,Highway,100,2,No,0,0,0,Serious
3872,2022-05-23,8,Mon,Rain,Daylight,Urban Road,70,3,No,0,1,1,Fatal
3873,2023-12-15,21,Fri,Cloudy,Dark,Urban Road,70,1,Yes,0,0,3,Fatal
3874,2023-04-24,14,Mon,Clear,Daylight,Urban Road,60,2,No,0,0,3,Serious
3875,2023-07-19,18,Wed,Clear,Daylight,Urban Road,120,1,No,0,0,3,Serious
3876,2023-04-16,10,Sun,Clear,Daylight,Highway,70,2,No,0,0,4,Serious
3877,2023-01-19,6,Thu,Clear,Daylight,Rural Road,50,3,No,0,0,4,Minor
3878,2024-07-14,16,Sun,Clear,Daylight,Urban Road,40,3,No,0,0,1,Serious
3879,2023-02-21,0,Tue,Clear,Dark,Rural Road,30,2,Yes,0,0,1,Serious
3880,2022-11-04,13,Fri,Rain,Daylight,Highway,40,2,No,0,0,2,Minor
3881,2023-10-11,8,Wed,Cloudy,Daylight,Highway,120,2,Yes,0,0,3,Fatal
3882,2024-10-21,16,Mon,Clear,Daylight,Rural Road,50,3,No,0,0,1,Minor
3883,2024-12-03,22,Tue,Clear,Dark,Highway,100,2,Yes,0,0,0,Minor
3884,2024-01-09,13,Tue,Clear,Daylight,Rural Road,40,2,No,0,0,4,Minor
3885,2022-05-20,18,Fri,Clear,Daylight,Highway,50,4,No,1,0,2,Serious
3886,2024-08-31,13,Sat,Snow,Daylight,Urban Road,120,3,Yes,0,0,3,Fatal
3887,2024-10-13,13,Sun,Clear,Daylight,Intersection,30,4,No,0,0,1,Serious
3888,2024-08-10,20,Sat,Clear,Dark,Rural Road,60,4,Yes,0,0,3,Fatal
3889,2024-06-22,19,Sat,Fog,Dusk/Dawn,Urban Road,120,2,Yes,0,0,4,Fatal
3890,2022-03-13,18,Sun,Cloudy,Daylight,Intersection,120,3,No,0,1,3,Fatal
3891,2022-04-17,9,Sun,Rain,Daylight,Rural Road,100,2,No,0,0,1,Serious
3892,2024-12-01,14,Sun,Rain,Daylight,Urban Road,100,1,Yes,0,0,4,Fatal
3893,2024-06-01,8,Sat,Clear,Daylight,Intersection,70,2,No,0,0,4,Minor
3894,2022-05-19,12,Thu,Clear,Daylight,Rural Road,40,2,No,0,0,0,Minor
3895,2023-09-07,13,Thu,Clear,Daylight,Urban Road,80,2,Yes,0,1,1,Fatal
3896,2024-05-12,18,Sun,Clear,Daylight,Urban Road,120,5,No,0,0,3,Serious
3897,2022-09-30,19,Fri,Cloudy,Dusk/Dawn,Intersection,60,1,No,0,0,0,Minor
3898,2023-02-20,12,Mon,Rain,Daylight,Highway,50,4,Yes,0,0,0,Fatal
3899,2023-05-21,1,Sun,Clear,Dark,Highway,60,1,No,0,0,2,Serious
3900,2024-01-03,19,Wed,Clear,Dusk/Dawn,Highway,70,2,No,0,0,2,Fatal
3901,2023-02-28,7,Tue,Clear,Daylight,Highway,40,2,No,0,0,0,Minor
3902,2023-01-25,15,Wed,Rain,Daylight,Urban Road,80,3,No,0,0,1,Fatal
3903,2022-12-08,2,Thu,Clear,Dark,Intersection,60,1,No,0,0,0,Minor
3904,2024-08-03,11,Sat,Clear,Daylight,Rural Road,70,5,Yes,0,0,1,Serious
3905,2023-09-06,22,Wed,Rain,Dark,Highway,50,3,No,0,0,0,Fatal
3906,2023-05-08,6,Mon,Clear,Daylight,Rural Road,40,3,Yes,1,0,2,Fatal
3907,2022-07-11,12,Mon,Clear,Daylight,Urban Road,70,1,No,0,0,1,Serious
3908,2023-05-14,9,Sun,Clear,Daylight,Urban Road,60,2,No,0,0,1,Serious
3909,2024-04-01,20,Mon,Clear,Dark,Urban Road,50,4,No,0,0,2,Serious
3910,2022-08-15,19,Mon,Clear,Dusk/Dawn,Intersection,50,2,Yes,0,0,2,Fatal
3911,2022-05-19,8,Thu,Clear,Daylight,Urban Road,50,1,No,0,0,4,Minor
3912,2024-05-05,6,Sun,Snow,Daylight,Highway,60,2,No,0,0,2,Fatal
3913,2024-03-27,16,Wed,Fog,Daylight,Urban Road,120,4,Yes,0,0,3,Serious
3914,2024-12-22,10,Sun,Rain,Daylight,Rural Road,80,2,No,0,0,0,Minor
3915,2022-04-14,16,Thu,Cloudy,Daylight,Rural Road,100,2,No,0,0,3,Serious
3916,2024-05-20,3,Mon,Clear,Dark,Highway,60,2,No,0,0,1,Fatal
3917,2023-10-30,7,Mon,Cloudy,Daylight,Highway,60,4,No,0,0,2,Serious
3918,2022-09-30,16,Fri,Clear,Daylight,Rural Road,40,1,Yes,0,0,3,Minor
3919,2024-10-26,8,Sat,Clear,Daylight,Rural Road,80,1,No,0,0,1,Serious
3920,2022-07-03,19,Sun,Clear,Dusk/Dawn,Urban Road,50,1,Yes,0,0,0,Serious
3921,2024-11-17,5,Sun,Clear,Dark,Intersection,80,1,Yes,0,0,5,Serious
3922,2022-10-20,8,Thu,Cloudy,Daylight,Intersection,50,2,No,0,0,0,Minor
3923,2022-06-26,23,Sun,Clear,Dark,Highway,40,1,No,1,0,3,Fatal
3924,2022-02-27,12,Sun,Clear,Daylight,Urban Road,40,2,No,0,0,0,Minor
3925,2022-11-04,17,Fri,Clear,Daylight,Highway,100,2,Yes,0,0,0,Serious
3926,2024-09-03,7,Tue,Clear,Daylight,Rural Road,50,2,Yes,0,0,4,Serious
3927,2023-12-01,15,Fri,Clear,Daylight,Urban Road,50,4,No,0,1,2,Minor
3928,2022-03-24,17,Thu,Clear,Daylight,Highway,120,1,No,0,0,2,Serious
3929,2022-09-09,9,Fri,Clear,Daylight,Rural Road,70,2,No,0,0,1,Minor
3930,2024-03-06,18,Wed,Cloudy,Daylight,Intersection,40,2,No,1,0,2,Fatal
3931,2024-06-15,15,Sat,Clear,Daylight,Highway,40,2,No,0,0,0,Minor
3932,2022-07-29,11,Fri,Clear,Daylight,Highway,50,3,No,0,0,5,Fatal
3933,2024-03-26,14,Tue,Rain,Daylight,Urban Road,60,3,No,0,0,4,Serious
3934,2023-09-01,15,Fri,Cloudy,Daylight,Urban Road,80,2,No,0,0,2,Fatal
3935,2023-03-23,7,Thu,Clear,Daylight,Rural Road,50,3,No,0,0,0,Serious
3936,2023-04-05,11,Wed,Clear,Daylight,Urban Road,100,3,No,0,0,3,Fatal
3937,2024-08-25,10,Sun,Cloudy,Daylight,Urban Road,40,1,Yes,0,0,0,Serious
3938,2023-04-17,11,Mon,Clear,Daylight,Rural Road,40,1,No,1,0,3,Serious
3939,2023-01-05,17,Thu,Rain,Daylight,Urban Road,120,2,Yes,0,0,0,Fatal
3940,2024-06-18,13,Tue,Clear,Daylight,Urban Road,40,5,No,0,0,0,Serious
3941,2024-07-11,21,Thu,Cloudy,Dark,Urban Road,100,2,No,0,0,2,Serious
3942,2022-05-17,9,Tue,Cloudy,Daylight,Intersection,80,1,No,0,0,3,Serious
3943,2023-01-02,12,Mon,Cloudy,Daylight,Highway,30,3,Yes,0,0,2,Fatal
3944,2024-06-30,18,Sun,Clear,Daylight,Highway,60,1,Yes,0,0,1,Serious
3945,2022-07-03,14,Sun,Clear,Daylight,Highway,60,2,Yes,0,0,2,Serious
3946,2023-04-17,14,Mon,Clear,Daylight,Intersection,120,1,No,0,0,3,Fatal
3947,2023-10-16,5,Mon,Cloudy,Dark,Urban Road,50,1,No,1,0,1,Minor
3948,2024-01-19,11,Fri,Cloudy,Daylight,Urban Road,50,2,No,0,0,2,Serious
3949,2023-06-21,9,Wed,Clear,Daylight,Intersection,40,2,No,0,0,5,Minor
3950,2024-03-12,23,Tue,Rain,Dark,Intersection,70,1,Yes,1,0,2,Fatal
3951,2024-07-08,9,Mon,Clear,Daylight,Intersection,40,3,No,0,0,0,Minor
3952,2023-05-25,19,Thu,Clear,Dusk/Dawn,Highway,30,1,No,0,0,3,Serious
3953,2023-09-22,16,Fri,Rain,Daylight,Intersection,120,2,Yes,0,0,1,Fatal
3954,2024-09-28,10,Sat,Clear,Daylight,Urban Road,50,2,No,0,0,2,Minor
3955,2024-07-04,14,Thu,Clear,Daylight,Highway,40,3,No,0,0,1,Serious
3956,2024-10-30,18,Wed,Clear,Daylight,Urban Road,70,3,Yes,0,0,4,Fatal
3957,2022-06-01,19,Wed,Cloudy,Dusk/Dawn,Urban Road,100,1,No,0,1,2,Fatal
3958,2024-10-25,7,Fri,Cloudy,Daylight,Highway,30,1,No,0,0,1,Minor
3959,2023-04-09,10,Sun,Cloudy,Daylight,Urban Road,40,4,Yes,0,0,1,Minor
3960,2022-09-28,10,Wed,Fog,Daylight,Intersection,30,2,No,0,0,3,Fatal
3961,2023-04-05,4,Wed,Rain,Dark,Urban Road,30,2,No,0,0,0,Serious
3962,2022-04-15,15,Fri,Clear,Daylight,Urban Road,70,1,No,0,0,1,Minor
3963,2022-06-11,19,Sat,Cloudy,Dusk/Dawn,Urban Road,60,5,No,1,0,3,Fatal
3964,2022-12-17,11,Sat,Rain,Daylight,Intersection,70,4,Yes,0,0,2,Fatal
3965,2023-03-10,17,Fri,Fog,Daylight,Highway,60,1,No,0,0,3,Fatal
3966,2024-05-01,16,Wed,Fog,Daylight,Urban Road,100,2,No,0,0,2,Fatal
3967,2022-05-20,11,Fri,Cloudy,Daylight,Highway,60,3,Yes,0,0,0,Serious
3968,2022-03-28,7,Mon,Clear,Daylight,Intersection,120,2,No,0,1,5,Fatal
3969,2022-07-02,17,Sat,Clear,Daylight,Highway,60,2,No,0,0,2,Minor
3970,2023-01-03,19,Tue,Rain,Dusk/Dawn,Urban Road,80,2,No,0,0,3,Serious
3971,2022-05-09,16,Mon,Cloudy,Daylight,Urban Road,50,1,Yes,0,0,1,Minor
3972,2023-11-01,1,Wed,Fog,Dark,Intersection,50,3,Yes,0,0,1,Fatal
3973,2022-05-29,8,Sun,Clear,Daylight,Highway,100,2,No,0,0,3,Serious
3974,2024-09-11,5,Wed,Clear,Dark,Urban Road,40,2,No,0,0,2,Fatal
3975,2024-05-01,15,Wed,Fog,Daylight,Highway,60,2,No,0,0,2,Serious
3976,2023-09-20,17,Wed,Fog,Daylight,Intersection,80,3,Yes,0,0,1,Fatal
3977,2023-03-22,6,Wed,Rain,Daylight,Urban Road,80,3,Yes,0,0,4,Fatal
3978,2024-06-02,18,Sun,Clear,Daylight,Urban Road,60,2,No,0,0,0,Minor
3979,2022-10-21,14,Fri,Cloudy,Daylight,Urban Road,50,4,No,0,0,1,Fatal
3980,2022-09-07,16,Wed,Rain,Daylight,Urban Road,50,1,No,0,0,1,Serious
3981,2024-05-27,22,Mon,Snow,Dark,Highway,120,3,No,0,0,2,Fatal
3982,2024-08-05,6,Mon,Clear,Daylight,Urban Road,50,2,No,0,0,2,Serious
3983,2024-09-01,20,Sun,Clear,Dark,Intersection,80,1,No,0,0,3,Serious
3984,2024-11-14,7,Thu,Cloudy,Daylight,Urban Road,30,1,No,0,1,3,Minor
3985,2024-02-28,11,Wed,Clear,Daylight,Intersection,40,2,Yes,0,0,2,Minor
3986,2024-09-10,19,Tue,Rain,Dusk/Dawn,Highway,50,3,No,0,0,1,Minor
3987,2024-06-07,20,Fri,Clear,Dark,Intersection,70,3,No,0,0,3,Serious
3988,2024-06-08,13,Sat,Snow,Daylight,Urban Road,50,2,Yes,0,0,0,Serious
3989,2022-03-11,15,Fri,Clear,Daylight,Urban Road,30,1,Yes,0,0,3,Serious
3990,2023-09-17,17,Sun,Clear,Daylight,Urban Road,40,4,Yes,0,0,3,Fatal
3991,2024-05-24,18,Fri,Cloudy,Daylight,Rural Road,50,2,Yes,0,0,6,Serious
3992,2023-04-16,7,Sun,Rain,Daylight,Rural Road,40,2,Yes,0,0,0,Minor
3993,2022-04-01,18,Fri,Clear,Daylight,Urban Road,40,3,No,0,0,2,Serious
3994,2023-06-14,13,Wed,Clear,Daylight,Urban Road,80,1,Yes,0,0,0,Minor
3995,2023-10-23,12,Mon,Cloudy,Daylight,Highway,50,2,No,0,0,0,Serious
3996,2024-01-09,12,Tue,Clear,Daylight,Urban Road,50,1,Yes,0,0,4,Serious
3997,2023-12-27,13,Wed,Rain,Daylight,Urban Road,120,1,No,0,0,3,Fatal
3998,2024-05-21,21,Tue,Clear,Dark,Urban Road,50,3,No,0,0,3,Fatal
3999,2022-07-11,14,Mon,Cloudy,Daylight,Urban Road,120,1,Yes,0,0,2,Minor
4000,2022-05-18,21,Wed,Snow,Dark,Rural Road,50,2,No,0,0,0,Serious
4001,2022-12-11,7,Sun,Rain,Daylight,Rural Road,50,1,No,0,0,1,Fatal
4002,2024-10-05,17,Sat,Clear,Daylight,Highway,50,2,No,0,0,1,Fatal
4003,2023-05-18,18,Thu,Cloudy,Daylight,Rural Road,60,1,Yes,0,0,1,Serious
4004,2022-07-22,16,Fri,Clear,Daylight,Highway,60,3,No,0,0,1,Serious
4005,2023-07-27,15,Thu,Cloudy,Daylight,Rural Road,40,1,No,0,0,0,Serious
4006,2022-07-11,15,Mon,Clear,Daylight,Highway,80,3,No,0,0,2,Fatal
4007,2022-01-05,19,Wed,Fog,Dusk/Dawn,Rural Road,60,2,No,0,0,4,Fatal
4008,2022-11-07,18,Mon,Clear,Daylight,Urban Road,30,2,No,0,0,0,Minor
4009,2023-07-03,7,Mon,Fog,Daylight,Urban Road,60,3,No,0,0,1,Fatal
4010,2022-02-25,19,Fri,Clear,Dusk/Dawn,Rural Road,80,1,No,0,0,4,Serious
4011,2023-03-19,12,Sun,Clear,Daylight,Highway,50,2,Yes,0,0,3,Minor
4012,2024-05-19,8,Sun,Clear,Daylight,Highway,30,1,No,0,0,1,Minor
4013,2023-08-08,19,Tue,Clear,Dusk/Dawn,Urban Road,100,2,No,0,0,3,Serious
4014,2024-01-22,12,Mon,Clear,Daylight,Intersection,120,5,Yes,0,0,2,Fatal
4015,2022-12-26,18,Mon,Clear,Daylight,Urban Road,30,1,Yes,0,0,0,Minor
4016,2024-03-29,8,Fri,Cloudy,Daylight,Highway,120,3,Yes,0,0,2,Fatal
4017,2022-01-30,0,Sun,Clear,Dark,Urban Road,50,2,No,0,0,2,Minor
4018,2022-04-18,13,Mon,Fog,Daylight,Urban Road,120,1,No,1,0,4,Fatal
4019,2024-04-23,6,Tue,Clear,Daylight,Urban Road,70,4,No,0,0,1,Minor
4020,2023-12-18,17,Mon,Rain,Daylight,Intersection,100,5,No,0,0,2,Fatal
4021,2024-06-09,9,Sun,Clear,Daylight,Urban Road,80,4,No,0,0,1,Serious
4022,2024-08-17,12,Sat,Cloudy,Daylight,Highway,30,2,No,0,0,2,Serious
4023,2024-06-11,6,Tue,Cloudy,Daylight,Highway,30,1,Yes,1,0,2,Fatal
4024,2024-01-02,9,Tue,Clear,Daylight,Urban Road,60,2,No,0,0,0,Fatal
4025,2023-08-29,18,Tue,Snow,Daylight,Rural Road,40,2,Yes,0,0,1,Serious
4026,2023-04-02,7,Sun,Clear,Daylight,Highway,60,2,Yes,0,0,1,Fatal
4027,2023-09-07,16,Thu,Rain,Daylight,Intersection,120,3,Yes,0,0,2,Fatal
4028,2023-11-29,20,Wed,Clear,Dark,Urban Road,50,3,No,0,0,0,Serious
4029,2023-11-05,16,Sun,Clear,Daylight,Urban Road,60,1,No,0,0,1,Serious
4030,2023-06-27,18,Tue,Clear,Daylight,Highway,50,2,No,0,0,1,Serious
4031,2024-05-06,6,Mon,Fog,Daylight,Intersection,70,4,Yes,0,0,5,Fatal
4032,2024-06-15,8,Sat,Clear,Daylight,Rural Road,40,1,No,0,0,0,Minor
4033,2022-10-05,19,Wed,Snow,Dusk/Dawn,Highway,50,2,Yes,0,0,2,Fatal
4034,2023-07-06,17,Thu,Rain,Daylight,Intersection,100,1,No,0,0,2,Fatal
4035,2022-04-21,16,Thu,Clear,Daylight,Urban Road,100,2,No,0,0,3,Fatal
4036,2023-01-20,16,Fri,Fog,Daylight,Rural Road,80,2,No,0,0,0,Fatal
4037,2024-01-31,12,Wed,Cloudy,Daylight,Intersection,80,1,Yes,0,0,1,Fatal
4038,2023-11-25,4,Sat,Cloudy,Dark,Rural Road,60,1,No,0,0,2,Fatal
4039,2023-02-09,18,Thu,Rain,Daylight,Intersection,80,2,No,0,0,3,Fatal
4040,2022-01-22,16,Sat,Snow,Daylight,Intersection,50,2,No,0,0,1,Fatal
4041,2023-11-09,13,Thu,Snow,Daylight,Intersection,40,1,Yes,0,0,5,Fatal
4042,2023-09-03,20,Sun,Clear,Dark,Highway,50,3,No,0,0,2,Fatal
4043,2022-01-08,10,Sat,Clear,Daylight,Urban Road,40,2,No,0,0,0,Minor
4044,2023-12-03,9,Sun,Clear,Daylight,Urban Road,50,1,Yes,0,0,1,Minor
4045,2023-06-13,19,Tue,Clear,Dusk/Dawn,Rural Road,50,3,No,1,0,0,Serious
4046,2023-08-25,18,Fri,Clear,Daylight,Urban Road,60,2,No,0,0,0,Serious
4047,2023-10-19,14,Thu,Cloudy,Daylight,Highway,50,1,Yes,0,0,1,Serious
4048,2022-06-15,7,Wed,Clear,Daylight,Intersection,80,4,Yes,0,0,1,Fatal
4049,2024-04-28,8,Sun,Fog,Daylight,Intersection,60,1,No,0,0,4,Serious
4050,2023-05-11,16,Thu,Fog,Daylight,Urban Road,120,3,Yes,0,0,2,Fatal
4051,2023-08-13,11,Sun,Clear,Daylight,Highway,30,3,Yes,0,0,1,Serious
4052,2023-03-05,18,Sun,Clear,Daylight,Highway,70,2,No,1,0,5,Fatal
4053,2024-02-13,21,Tue,Rain,Dark,Highway,70,1,No,0,0,4,Fatal
4054,2022-06-12,18,Sun,Fog,Daylight,Rural Road,120,1,Yes,0,0,4,Fatal
4055,2023-01-01,11,Sun,Cloudy,Daylight,Intersection,50,1,No,0,0,0,Minor
4056,2022-03-13,18,Sun,Clear,Daylight,Highway,50,4,Yes,0,0,2,Serious
4057,2023-10-17,10,Tue,Cloudy,Daylight,Urban Road,40,2,Yes,0,0,3,Minor
4058,2022-09-26,7,Mon,Clear,Daylight,Rural Road,50,1,Yes,0,0,1,Minor
4059,2023-02-19,3,Sun,Fog,Dark,Highway,60,2,Yes,1,1,3,Fatal
4060,2024-10-12,11,Sat,Rain,Daylight,Urban Road,100,1,No,0,0,1,Serious
4061,2023-11-06,20,Mon,Clear,Dark,Rural Road,50,1,No,0,0,7,Fatal
4062,2024-12-19,8,Thu,Clear,Daylight,Intersection,40,1,No,0,0,1,Minor
4063,2022-01-06,8,Thu,Clear,Daylight,Urban Road,50,3,No,0,0,3,Minor
4064,2024-09-08,22,Sun,Clear,Dark,Rural Road,40,1,Yes,0,0,1,Minor
4065,2023-07-24,2,Mon,Fog,Dark,Urban Road,120,2,No,1,0,3,Fatal
4066,2023-02-11,18,Sat,Clear,Daylight,Highway,100,1,Yes,0,0,1,Serious
4067,2022-01-26,9,Wed,Rain,Daylight,Highway,50,2,Yes,0,0,2,Fatal
4068,2024-10-25,3,Fri,Clear,Dark,Urban Road,40,2,Yes,1,0,2,Serious
4069,2024-09-12,20,Thu,Snow,Dark,Highway,120,1,Yes,0,0,4,Fatal
4070,2023-01-25,7,Wed,Snow,Daylight,Highway,30,2,No,0,0,0,Minor
4071,2023-12-11,14,Mon,Snow,Daylight,Rural Road,70,2,Yes,0,0,2,Fatal
4072,2023-07-25,9,Tue,Rain,Daylight,Urban Road,120,1,No,0,1,1,Fatal
4073,2024-01-24,5,Wed,Clear,Dark,Highway,60,3,No,0,0,0,Serious
4074,2022-05-26,4,Thu,Cloudy,Dark,Highway,30,2,Yes,0,0,1,Serious
4075,2024-02-24,7,Sat,Clear,Daylight,Urban Road,40,3,No,0,0,2,Serious
4076,2023-06-10,5,Sat,Clear,Dark,Urban Road,120,2,No,0,0,2,Fatal
4077,2022-01-13,17,Thu,Clear,Daylight,Urban Road,30,3,No,0,0,1,Minor
4078,2024-06-21,13,Fri,Rain,Daylight,Rural Road,50,2,Yes,0,0,1,Serious
4079,2023-01-19,10,Thu,Fog,Daylight,Highway,80,1,No,0,1,1,Fatal
4080,2023-07-10,12,Mon,Rain,Daylight,Highway,100,3,Yes,0,0,3,Fatal
4081,2024-06-05,20,Wed,Clear,Dark,Highway,60,3,No,0,0,0,Fatal
4082,2022-01-19,20,Wed,Clear,Dark,Highway,40,5,Yes,0,0,2,Serious
4083,2023-07-29,17,Sat,Cloudy,Daylight,Intersection,60,1,Yes,0,0,0,Minor
4084,2024-01-21,19,Sun,Rain,Dusk/Dawn,Urban Road,50,2,Yes,0,0,1,Serious
4085,2024-09-30,9,Mon,Clear,Daylight,Urban Road,50,2,Yes,0,0,4,Serious
4086,2023-02-23,11,Thu,Rain,Daylight,Rural Road,100,2,Yes,0,0,1,Fatal
4087,2023-02-23,15,Thu,Clear,Daylight,Highway,40,5,No,0,0,1,Serious
4088,2022-05-02,16,Mon,Clear,Daylight,Highway,30,2,No,0,0,2,Serious
4089,2023-03-08,13,Wed,Clear,Daylight,Intersection,50,2,No,0,0,2,Serious
4090,2022-02-13,11,Sun,Clear,Daylight,Intersection,60,2,Yes,0,0,1,Serious
4091,2023-01-16,22,Mon,Clear,Dark,Urban Road,80,2,Yes,0,0,1,Fatal
4092,2022-05-25,18,Wed,Cloudy,Daylight,Urban Road,80,2,No,0,0,2,Fatal
4093,2022-12-29,12,Thu,Rain,Daylight,Rural Road,70,1,Yes,0,0,3,Serious
4094,2024-12-09,17,Mon,Clear,Daylight,Highway,70,2,No,0,0,1,Serious
4095,2024-12-24,9,Tue,Fog,Daylight,Highway,70,1,No,0,0,3,Fatal
4096,2022-12-21,6,Wed,Cloudy,Daylight,Highway,50,2,Yes,0,0,2,Minor
4097,2024-03-10,10,Sun,Clear,Daylight,Urban Road,50,2,No,0,0,1,Minor
4098,2024-04-05,11,Fri,Cloudy,Daylight,Highway,70,3,No,0,0,2,Serious
4099,2023-02-02,1,Thu,Rain,Dark,Urban Road,30,2,No,0,0,3,Fatal
4100,2024-05-29,18,Wed,Clear,Daylight,Rural Road,50,2,No,0,0,0,Minor
4101,2023-04-08,10,Sat,Clear,Daylight,Urban Road,50,1,No,0,0,1,Minor
4102,2024-03-18,15,Mon,Clear,Daylight,Highway,60,3,No,0,0,1,Minor
4103,2022-07-06,6,Wed,Fog,Daylight,Urban Road,60,1,No,0,0,0,Minor
4104,2024-01-02,7,Tue,Clear,Daylight,Rural Road,80,5,No,0,0,1,Minor
4105,2023-03-05,19,Sun,Rain,Dusk/Dawn,Highway,60,2,No,0,0,0,Serious
4106,2024-05-07,15,Tue,Fog,Daylight,Highway,120,1,Yes,0,0,2,Fatal
4107,2022-08-25,21,Thu,Clear,Dark,Urban Road,50,2,Yes,0,0,2,Serious
4108,2024-02-10,23,Sat,Cloudy,Dark,Highway,60,1,No,0,0,0,Serious
4109,2024-01-28,11,Sun,Cloudy,Daylight,Intersection,30,1,Yes,0,0,2,Minor
4110,2022-05-16,9,Mon,Clear,Daylight,Urban Road,50,2,No,0,0,1,Serious
4111,2024-03-02,19,Sat,Cloudy,Dusk/Dawn,Highway,100,2,Yes,0,0,2,Fatal
4112,2022-06-20,23,Mon,Clear,Dark,Rural Road,50,1,Yes,0,0,1,Serious
4113,2022-06-08,16,Wed,Clear,Daylight,Urban Road,50,2,Yes,1,0,1,Fatal
4114,2022-07-20,18,Wed,Clear,Daylight,Highway,60,3,Yes,0,0,1,Serious
4115,2024-08-19,18,Mon,Rain,Daylight,Highway,30,2,No,0,0,2,Fatal
4116,2023-08-06,10,Sun,Rain,Daylight,Urban Road,60,2,No,0,0,2,Serious
4117,2024-05-25,15,Sat,Clear,Daylight,Highway,50,1,No,0,0,2,Serious
4118,2023-01-06,18,Fri,Clear,Daylight,Highway,50,1,No,0,0,0,Serious
4119,2022-04-13,16,Wed,Clear,Daylight,Highway,80,3,No,0,0,1,Serious
4120,2024-09-28,2,Sat,Cloudy,Dark,Highway,70,2,No,0,0,1,Serious
4121,2024-09-02,10,Mon,Cloudy,Daylight,Rural Road,50,2,No,0,0,0,Minor
4122,2024-03-08,7,Fri,Rain,Daylight,Intersection,60,1,Yes,0,0,2,Minor
4123,2023-10-20,8,Fri,Rain,Daylight,Rural Road,80,1,No,0,0,2,Serious
4124,2024-05-31,20,Fri,Rain,Dark,Urban Road,80,3,No,0,0,1,Fatal
4125,2024-01-03,3,Wed,Clear,Dark,Intersection,40,2,No,0,0,0,Serious
4126,2023-02-27,8,Mon,Clear,Daylight,Highway,50,5,No,0,0,3,Serious
4127,2023-07-26,9,Wed,Fog,Daylight,Highway,50,5,Yes,0,0,0,Fatal
4128,2022-06-20,15,Mon,Rain,Daylight,Urban Road,40,3,No,0,0,0,Serious
4129,2022-06-22,14,Wed,Clear,Daylight,Urban Road,30,2,Yes,0,0,1,Minor
4130,2023-10-25,8,Wed,Cloudy,Daylight,Urban Road,40,1,Yes,1,0,2,Fatal
4131,2023-03-29,7,Wed,Cloudy,Daylight,Highway,100,2,No,0,0,2,Fatal
4132,2022-12-16,8,Fri,Clear,Daylight,Highway,60,5,Yes,0,0,3,Fatal
4133,2023-05-09,13,Tue,Rain,Daylight,Urban Road,50,2,No,0,0,3,Serious
4134,2023-09-12,9,Tue,Cloudy,Daylight,Intersection,70,3,No,0,0,0,Minor
4135,2024-10-24,21,Thu,Clear,Dark,Urban Road,80,4,No,0,0,3,Fatal
4136,2024-07-07,13,Sun,Rain,Daylight,Highway,50,3,No,0,0,4,Serious
4137,2022-01-06,5,Thu,Clear,Dark,Rural Road,60,2,No,0,0,1,Serious
4138,2022-10-15,17,Sat,Clear,Daylight,Highway,30,1,No,0,0,0,Serious
4139,2023-08-31,10,Thu,Cloudy,Daylight,Highway,60,1,No,0,0,1,Serious
4140,2023-04-02,16,Sun,Clear,Daylight,Urban Road,50,2,No,0,0,0,Minor
4141,2024-10-26,9,Sat,Clear,Daylight,Rural Road,50,4,No,0,0,2,Serious
4142,2023-09-16,15,Sat,Clear,Daylight,Intersection,50,4,Yes,0,0,1,Minor
4143,2023-01-11,17,Wed,Clear,Daylight,Urban Road,70,1,Yes,0,0,1,Minor
4144,2023-03-23,20,Thu,Clear,Dark,Urban Road,60,2,No,0,0,2,Serious
4145,2024-04-14,8,Sun,Fog,Daylight,Urban Road,50,2,No,0,1,1,Serious
4146,2024-03-21,10,Thu,Clear,Daylight,Highway,30,2,No,0,0,0,Minor
4147,2024-08-16,13,Fri,Rain,Daylight,Intersection,70,1,No,0,0,3,Fatal
4148,2024-04-28,20,Sun,Fog,Dark,Urban Road,100,2,Yes,0,0,3,Serious
4149,2024-03-19,20,Tue,Clear,Dark,Highway,80,4,Yes,0,0,1,Serious
4150,2024-09-05,6,Thu,Rain,Daylight,Rural Road,120,4,No,0,0,1,Serious
4151,2023-02-20,7,Mon,Fog,Daylight,Urban Road,40,2,No,0,0,2,Minor
4152,2023-12-27,13,Wed,Clear,Daylight,Intersection,40,2,No,0,0,1,Serious
4153,2023-03-30,6,Thu,Clear,Daylight,Intersection,60,1,No,0,0,3,Minor
4154,2022-05-30,10,Mon,Rain,Daylight,Highway,40,3,No,0,0,0,Serious
4155,2024-01-29,7,Mon,Cloudy,Daylight,Rural Road,30,1,No,0,0,1,Minor
4156,2024-02-18,16,Sun,Clear,Daylight,Urban Road,50,1,No,0,0,4,Fatal
4157,2024-08-30,21,Fri,Clear,Dark,Highway,50,1,No,0,0,3,Fatal
4158,2024-02-02,23,Fri,Clear,Dark,Rural Road,50,2,Yes,0,0,2,Serious
4159,2024-09-28,11,Sat,Clear,Daylight,Urban Road,120,3,No,0,0,4,Fatal
4160,2022-03-17,15,Thu,Rain,Daylight,Highway,40,5,Yes,0,0,4,Fatal
4161,2023-08-22,19,Tue,Clear,Dusk/Dawn,Urban Road,40,2,No,0,0,4,Minor
4162,2022-08-13,7,Sat,Clear,Daylight,Urban Road,40,3,No,0,0,1,Minor
4163,2022-04-23,16,Sat,Clear,Daylight,Highway,100,2,No,0,0,0,Serious
4164,2022-09-08,12,Thu,Clear,Daylight,Urban Road,80,2,Yes,0,0,1,Minor
4165,2024-04-20,8,Sat,Clear,Daylight,Urban Road,40,3,No,0,0,3,Serious
4166,2023-12-15,11,Fri,Clear,Daylight,Highway,40,2,Yes,0,0,1,Minor
4167,2022-05-05,6,Thu,Clear,Daylight,Intersection,80,1,Yes,0,0,0,Fatal
4168,2024-12-28,17,Sat,Cloudy,Daylight,Highway,50,3,No,0,0,4,Minor
4169,2024-12-06,8,Fri,Cloudy,Daylight,Highway,120,1,No,0,0,3,Serious
4170,2024-06-02,9,Sun,Clear,Daylight,Highway,60,1,Yes,0,0,3,Serious
4171,2022-01-30,7,Sun,Rain,Daylight,Urban Road,40,2,Yes,0,0,3,Minor
4172,2022-10-08,19,Sat,Clear,Dusk/Dawn,Urban Road,100,1,No,0,0,2,Serious
4173,2024-07-12,13,Fri,Clear,Daylight,Urban Road,50,2,Yes,0,0,1,Serious
4174,2023-01-03,15,Tue,Clear,Daylight,Highway,50,2,Yes,0,0,1,Fatal
4175,2023-05-10,15,Wed,Clear,Daylight,Intersection,50,2,No,0,0,0,Minor
4176,2024-11-14,12,Thu,Fog,Daylight,Highway,80,5,No,0,0,3,Serious
4177,2023-12-19,8,Tue,Clear,Daylight,Highway,40,3,No,0,0,0,Serious
4178,2024-10-13,17,Sun,Clear,Daylight,Highway,50,1,Yes,0,0,3,Minor
4179,2023-08-29,7,Tue,Snow,Daylight,Highway,30,3,Yes,0,0,2,Fatal
4180,2023-01-10,6,Tue,Rain,Daylight,Urban Road,100,2,Yes,0,0,4,Fatal
4181,2023-10-01,17,Sun,Clear,Daylight,Highway,50,3,Yes,0,0,1,Fatal
4182,2024-11-14,8,Thu,Clear,Daylight,Highway,40,3,Yes,0,0,0,Serious
4183,2022-04-26,9,Tue,Clear,Daylight,Intersection,60,1,No,0,0,1,Minor
4184,2022-02-17,13,Thu,Clear,Daylight,Highway,80,2,Yes,0,0,3,Fatal
4185,2022-04-09,12,Sat,Clear,Daylight,Rural Road,100,3,Yes,0,0,0,Serious
4186,2023-02-09,17,Thu,Clear,Daylight,Rural Road,50,2,Yes,0,0,1,Serious
4187,2023-11-16,16,Thu,Rain,Daylight,Urban Road,100,1,No,0,0,1,Fatal
4188,2024-06-21,16,Fri,Fog,Daylight,Urban Road,60,1,Yes,0,0,2,Serious
4189,2023-05-18,17,Thu,Fog,Daylight,Urban Road,40,1,Yes,0,0,2,Fatal
4190,2024-06-12,9,Wed,Clear,Daylight,Highway,100,1,Yes,0,0,1,Serious
4191,2022-09-15,9,Thu,Clear,Daylight,Intersection,60,2,No,0,0,0,Minor
4192,2024-04-23,12,Tue,Clear,Daylight,Urban Road,70,2,No,0,0,2,Serious
4193,2022-05-01,9,Sun,Rain,Daylight,Intersection,120,1,No,0,0,4,Fatal
4194,2024-03-20,22,Wed,Clear,Dark,Intersection,60,2,Yes,0,0,1,Serious
4195,2024-09-04,18,Wed,Cloudy,Daylight,Highway,30,5,Yes,0,0,0,Fatal
4196,2022-02-23,7,Wed,Fog,Daylight,Highway,100,4,No,0,0,6,Fatal
4197,2024-10-15,0,Tue,Cloudy,Dark,Highway,50,2,Yes,0,0,4,Fatal
4198,2024-02-23,4,Fri,Fog,Dark,Intersection,60,3,No,0,0,3,Fatal
4199,2022-08-29,8,Mon,Cloudy,Daylight,Intersection,40,4,No,0,0,3,Fatal
4200,2023-04-28,7,Fri,Rain,Daylight,Urban Road,50,4,No,0,0,4,Fatal
4201,2024-10-09,14,Wed,Cloudy,Daylight,Highway,70,4,No,0,0,1,Minor
4202,2022-07-06,19,Wed,Clear,Dusk/Dawn,Highway,50,3,Yes,0,0,1,Fatal
4203,2023-10-18,17,Wed,Clear,Daylight,Intersection,70,2,No,0,0,1,Minor
4204,2022-09-19,8,Mon,Rain,Daylight,Intersection,100,1,No,0,0,4,Fatal
4205,2024-08-10,11,Sat,Cloudy,Daylight,Highway,50,2,No,0,0,3,Serious
4206,2023-05-06,13,Sat,Clear,Daylight,Highway,60,1,Yes,0,1,2,Serious
4207,2023-03-07,18,Tue,Clear,Daylight,Urban Road,80,5,No,0,0,1,Fatal
4208,2022-08-27,18,Sat,Rain,Daylight,Highway,80,2,No,0,0,2,Fatal
4209,2022-10-31,20,Mon,Rain,Dark,Intersection,60,4,No,0,0,2,Fatal
4210,2022-10-25,13,Tue,Clear,Daylight,Urban Road,50,3,No,0,0,2,Minor
4211,2022-03-17,17,Thu,Fog,Daylight,Urban Road,50,2,No,0,0,2,Serious
4212,2024-09-25,6,Wed,Cloudy,Daylight,Urban Road,50,1,No,0,0,0,Minor
4213,2023-10-04,15,Wed,Cloudy,Daylight,Urban Road,50,1,No,0,0,2,Serious
4214,2024-04-06,8,Sat,Clear,Daylight,Highway,70,2,No,0,0,2,Fatal
4215,2022-10-10,12,Mon,Clear,Daylight,Rural Road,40,3,No,1,0,3,Serious
4216,2023-08-14,16,Mon,Clear,Daylight,Rural Road,120,5,No,0,0,6,Fatal
4217,2022-03-13,8,Sun,Clear,Daylight,Urban Road,80,1,Yes,0,0,2,Fatal
4218,2023-12-04,5,Mon,Clear,Dark,Urban Road,50,1,No,0,0,4,Serious
4219,2023-07-29,1,Sat,Snow,Dark,Highway,30,1,Yes,0,0,2,Fatal
4220,2024-09-26,2,Thu,Clear,Dark,Highway,80,2,No,0,0,3,Fatal
4221,2024-06-10,0,Mon,Cloudy,Dark,Urban Road,80,3,No,0,0,3,Fatal
4222,2022-01-12,6,Wed,Cloudy,Daylight,Urban Road,120,1,No,0,0,2,Serious
4223,2022-05-21,8,Sat,Clear,Daylight,Urban Road,50,2,Yes,0,0,2,Minor
4224,2022-01-17,8,Mon,Cloudy,Daylight,Intersection,30,2,Yes,0,0,3,Minor
4225,2024-12-22,22,Sun,Fog,Dark,Urban Road,120,2,Yes,0,0,2,Fatal
4226,2022-09-10,9,Sat,Rain,Daylight,Urban Road,50,2,No,0,0,0,Serious
4227,2023-04-10,7,Mon,Clear,Daylight,Highway,80,2,No,0,0,2,Serious
4228,2023-01-11,14,Wed,Rain,Daylight,Intersection,30,2,No,0,0,0,Serious
4229,2024-09-07,19,Sat,Clear,Dusk/Dawn,Urban Road,80,2,Yes,0,0,4,Serious
4230,2023-06-04,16,Sun,Rain,Daylight,Highway,40,2,Yes,0,0,4,Serious
4231,2022-03-31,9,Thu,Clear,Daylight,Urban Road,70,2,No,0,0,0,Fatal
4232,2023-12-21,15,Thu,Rain,Daylight,Urban Road,60,4,Yes,0,0,2,Fatal
4233,2024-03-14,17,Thu,Clear,Daylight,Intersection,120,3,No,0,0,1,Fatal
4234,2024-03-06,17,Wed,Clear,Daylight,Intersection,30,2,No,0,0,0,Minor
4235,2023-09-22,16,Fri,Rain,Daylight,Urban Road,50,3,No,0,0,1,Serious
4236,2022-03-17,19,Thu,Rain,Dusk/Dawn,Rural Road,30,3,No,0,0,3,Fatal
4237,2024-07-14,19,Sun,Clear,Dusk/Dawn,Highway,100,2,Yes,0,0,2,Serious
4238,2023-02-04,15,Sat,Clear,Daylight,Urban Road,60,3,No,0,0,1,Fatal
4239,2024-08-27,12,Tue,Cloudy,Daylight,Rural Road,60,2,Yes,0,0,0,Serious
4240,2024-12-30,16,Mon,Rain,Daylight,Urban Road,40,3,Yes,0,0,0,Fatal
4241,2024-03-07,18,Thu,Clear,Daylight,Urban Road,60,2,No,0,0,1,Minor
4242,2022-07-14,0,Thu,Rain,Dark,Intersection,50,4,Yes,0,0,1,Fatal
4243,2022-08-16,23,Tue,Clear,Dark,Highway,50,2,No,0,1,4,Fatal
4244,2023-04-06,7,Thu,Clear,Daylight,Highway,80,2,No,0,0,0,Serious
4245,2023-09-10,13,Sun,Rain,Daylight,Rural Road,30,2,Yes,0,0,2,Serious
4246,2024-11-10,19,Sun,Cloudy,Dusk/Dawn,Intersection,70,2,Yes,0,0,1,Serious
4247,2022-03-05,8,Sat,Fog,Daylight,Intersection,100,1,Yes,0,0,1,Serious
4248,2022-06-14,13,Tue,Clear,Daylight,Urban Road,120,1,Yes,0,0,1,Minor
4249,2022-01-27,7,Thu,Cloudy,Daylight,Intersection,80,2,Yes,0,0,0,Serious
4250,2024-10-08,11,Tue,Clear,Daylight,Rural Road,50,2,No,0,0,1,Serious
4251,2022-10-12,7,Wed,Cloudy,Daylight,Highway,70,2,Yes,0,0,1,Minor
4252,2022-10-08,10,Sat,Clear,Daylight,Rural Road,40,1,Yes,0,0,1,Serious
4253,2024-04-17,11,Wed,Clear,Daylight,Highway,40,2,Yes,0,0,0,Fatal
4254,2024-04-10,23,Wed,Rain,Dark,Highway,70,1,No,0,1,3,Fatal
4255,2024-07-06,23,Sat,Clear,Dark,Urban Road,100,1,No,0,0,3,Serious
4256,2022-08-12,7,Fri,Snow,Daylight,Urban Road,30,1,No,0,0,2,Fatal
4257,2024-02-23,17,Fri,Rain,Daylight,Urban Road,40,2,No,0,0,1,Serious
4258,2024-08-22,5,Thu,Clear,Dark,Highway,60,1,Yes,0,0,0,Serious
4259,2024-08-07,2,Wed,Rain,Dark,Highway,40,2,Yes,0,0,1,Fatal
4260,2024-11-19,6,Tue,Clear,Daylight,Highway,70,2,Yes,0,0,1,Serious
4261,2022-02-14,21,Mon,Clear,Dark,Urban Road,40,1,No,0,0,3,Serious
4262,2023-04-16,21,Sun,Cloudy,Dark,Rural Road,40,2,No,0,0,2,Minor
4263,2022-02-03,8,Thu,Cloudy,Daylight,Intersection,60,2,Yes,0,0,1,Minor
4264,2023-10-15,7,Sun,Clear,Daylight,Intersection,100,3,No,0,0,2,Serious
4265,2024-04-09,8,Tue,Rain,Daylight,Urban Road,70,3,No,0,0,4,Serious
4266,2022-08-09,14,Tue,Clear,Daylight,Rural Road,100,5,No,0,0,1,Serious
4267,2023-06-18,15,Sun,Snow,Daylight,Highway,50,2,Yes,0,0,0,Serious
4268,2023-11-23,8,Thu,Cloudy,Daylight,Highway,100,2,Yes,0,0,3,Serious
4269,2024-07-20,17,Sat,Clear,Daylight,Rural Road,50,4,Yes,0,0,0,Serious
4270,2024-04-20,9,Sat,Cloudy,Daylight,Urban Road,100,2,No,0,0,2,Fatal
4271,2024-10-07,20,Mon,Clear,Dark,Intersection,60,2,No,0,0,0,Serious
4272,2023-08-05,16,Sat,Clear,Daylight,Urban Road,50,2,No,0,0,0,Minor
4273,2022-08-27,12,Sat,Cloudy,Daylight,Highway,50,2,Yes,0,0,2,Minor
4274,2023-03-17,18,Fri,Rain,Daylight,Intersection,60,1,No,0,0,2,Fatal
4275,2022-05-28,18,Sat,Clear,Daylight,Urban Road,30,3,No,0,0,1,Minor
4276,2024-10-29,9,Tue,Rain,Daylight,Intersection,120,5,Yes,0,0,4,Fatal
4277,2023-01-23,10,Mon,Clear,Daylight,Rural Road,50,1,Yes,0,1,1,Minor
4278,2024-12-09,20,Mon,Clear,Dark,Highway,50,3,No,0,0,2,Minor
4279,2024-07-04,7,Thu,Cloudy,Daylight,Highway,40,1,No,0,0,1,Minor
4280,2023-09-30,4,Sat,Rain,Dark,Highway,30,1,No,0,0,4,Fatal
4281,2022-10-05,12,Wed,Cloudy,Daylight,Highway,70,2,No,0,0,1,Minor
4282,2024-09-15,18,Sun,Clear,Daylight,Highway,60,1,No,0,0,2,Minor
4283,2023-08-12,17,Sat,Rain,Daylight,Urban Road,100,2,No,0,0,2,Serious
4284,2023-10-11,20,Wed,Cloudy,Dark,Intersection,30,1,Yes,0,0,1,Minor
4285,2023-09-10,14,Sun,Clear,Daylight,Intersection,120,2,No,0,0,2,Serious
4286,2022-05-15,6,Sun,Clear,Daylight,Rural Road,50,2,No,0,0,0,Minor
4287,2023-08-03,15,Thu,Rain,Daylight,Highway,120,4,Yes,0,0,3,Fatal
4288,2023-05-05,18,Fri,Clear,Daylight,Urban Road,40,3,Yes,0,0,1,Fatal
4289,2023-04-23,6,Sun,Clear,Daylight,Rural Road,80,1,No,0,0,1,Minor
4290,2023-01-19,7,Thu,Cloudy,Daylight,Highway,60,2,No,0,0,1,Serious
4291,2022-06-12,1,Sun,Cloudy,Dark,Intersection,50,4,Yes,0,1,5,Fatal
4292,2023-03-17,15,Fri,Rain,Daylight,Intersection,30,3,No,0,0,0,Minor
4293,2023-02-19,19,Sun,Snow,Dusk/Dawn,Urban Road,70,2,No,0,0,3,Fatal
4294,2022-10-15,16,Sat,Cloudy,Daylight,Rural Road,30,2,No,0,0,1,Minor
4295,2022-07-06,22,Wed,Fog,Dark,Highway,60,2,No,0,0,2,Fatal
4296,2022-05-10,5,Tue,Clear,Dark,Rural Road,70,2,No,0,0,2,Serious
4297,2022-07-13,20,Wed,Clear,Dark,Highway,80,3,Yes,0,0,3,Fatal
4298,2022-11-12,18,Sat,Clear,Daylight,Highway,120,1,Yes,0,0,3,Serious
4299,2022-05-24,9,Tue,Clear,Daylight,Rural Road,50,5,Yes,0,0,1,Serious
4300,2022-01-16,22,Sun,Clear,Dark,Rural Road,50,1,Yes,0,0,2,Serious
4301,2023-02-27,9,Mon,Clear,Daylight,Urban Road,50,2,Yes,0,0,2,Minor
4302,2022-09-02,19,Fri,Clear,Dusk/Dawn,Urban Road,80,1,Yes,0,0,1,Serious
4303,2024-07-15,19,Mon,Clear,Dusk/Dawn,Rural Road,120,2,No,0,0,3,Fatal
4304,2022-05-09,17,Mon,Rain,Daylight,Rural Road,120,2,No,0,0,3,Fatal
4305,2024-06-25,15,Tue,Clear,Daylight,Intersection,120,1,No,0,0,0,Serious
4306,2024-06-05,7,Wed,Snow,Daylight,Intersection,100,5,Yes,0,0,2,Fatal
4307,2022-12-07,14,Wed,Clear,Daylight,Rural Road,120,2,Yes,0,0,2,Serious
4308,2022-01-04,10,Tue,Cloudy,Daylight,Rural Road,50,2,Yes,0,0,1,Serious
4309,2022-11-02,18,Wed,Cloudy,Daylight,Urban Road,120,2,Yes,0,0,3,Serious
4310,2024-06-26,17,Wed,Fog,Daylight,Highway,80,1,Yes,0,1,2,Fatal
4311,2023-08-30,20,Wed,Fog,Dark,Highway,40,2,Yes,1,0,1,Fatal
4312,2024-09-18,1,Wed,Cloudy,Dark,Intersection,30,2,No,0,0,2,Serious
4313,2022-11-17,18,Thu,Clear,Daylight,Intersection,40,2,Yes,0,0,5,Serious
4314,2023-07-13,20,Thu,Cloudy,Dark,Urban Road,80,3,Yes,0,0,3,Fatal
4315,2023-09-10,18,Sun,Snow,Daylight,Urban Road,70,1,Yes,0,0,1,Fatal
4316,2023-12-12,7,Tue,Fog,Daylight,Highway,40,2,No,1,0,4,Fatal
4317,2023-06-15,6,Thu,Clear,Daylight,Urban Road,80,1,Yes,0,0,2,Serious
4318,2023-02-14,2,Tue,Rain,Dark,Urban Road,40,2,Yes,0,0,2,Fatal
4319,2024-03-28,16,Thu,Rain,Daylight,Urban Road,100,2,Yes,0,0,4,Serious
4320,2023-05-08,16,Mon,Rain,Daylight,Intersection,80,1,No,0,0,3,Serious
4321,2022-01-12,22,Wed,Fog,Dark,Highway,120,2,No,0,0,2,Fatal
4322,2022-07-14,11,Thu,Clear,Daylight,Urban Road,40,2,Yes,0,0,0,Minor
4323,2023-05-05,10,Fri,Clear,Daylight,Urban Road,120,5,No,0,0,4,Fatal
4324,2024-03-05,16,Tue,Clear,Daylight,Intersection,50,2,No,0,0,1,Minor
4325,2024-05-30,18,Thu,Clear,Daylight,Intersection,50,1,Yes,0,0,2,Serious
4326,2022-07-01,20,Fri,Clear,Dark,Urban Road,60,1,Yes,0,0,1,Minor
4327,2024-08-19,18,Mon,Clear,Daylight,Intersection,70,1,No,0,0,3,Serious
4328,2023-10-18,12,Wed,Clear,Daylight,Urban Road,120,1,No,0,0,2,Fatal
4329,2023-11-25,16,Sat,Clear,Daylight,Highway,60,2,No,0,0,3,Serious
4330,2022-01-30,19,Sun,Clear,Dusk/Dawn,Urban Road,120,3,Yes,0,0,1,Serious
4331,2024-02-17,13,Sat,Cloudy,Daylight,Highway,50,1,No,0,0,0,Minor
4332,2023-03-20,8,Mon,Snow,Daylight,Urban Road,50,2,Yes,0,0,0,Serious
4333,2022-10-25,7,Tue,Fog,Daylight,Intersection,60,2,Yes,0,0,3,Serious
4334,2024-03-18,0,Mon,Clear,Dark,Rural Road,50,2,No,0,0,4,Fatal
4335,2024-04-24,17,Wed,Rain,Daylight,Highway,120,1,No,0,0,1,Fatal
4336,2024-10-12,6,Sat,Rain,Daylight,Highway,80,4,No,0,0,5,Fatal
4337,2023-07-08,8,Sat,Cloudy,Daylight,Highway,60,3,Yes,0,0,0,Serious
4338,2022-10-30,9,Sun,Fog,Daylight,Highway,80,4,No,0,0,1,Fatal
4339,2023-02-25,14,Sat,Rain,Daylight,Highway,60,2,Yes,0,0,0,Serious
4340,2022-07-04,11,Mon,Cloudy,Daylight,Urban Road,30,2,No,0,0,2,Minor
4341,2023-04-13,16,Thu,Clear,Daylight,Rural Road,60,3,Yes,0,0,1,Serious
4342,2024-01-24,5,Wed,Clear,Dark,Rural Road,70,3,No,0,0,4,Fatal
4343,2022-12-29,7,Thu,Fog,Daylight,Highway,120,1,Yes,0,0,3,Fatal
4344,2022-12-02,13,Fri,Clear,Daylight,Urban Road,30,5,No,0,0,4,Serious
4345,2022-06-11,10,Sat,Clear,Daylight,Highway,60,4,No,0,0,2,Minor
4346,2022-01-12,9,Wed,Fog,Daylight,Highway,30,1,Yes,0,0,6,Fatal
4347,2023-08-11,5,Fri,Clear,Dark,Urban Road,40,2,No,0,1,1,Serious
4348,2022-07-20,19,Wed,Rain,Dusk/Dawn,Highway,70,2,Yes,0,0,0,Fatal
4349,2023-06-06,16,Tue,Cloudy,Daylight,Urban Road,40,3,No,1,0,3,Fatal
4350,2023-05-20,7,Sat,Clear,Daylight,Intersection,80,2,No,0,0,1,Serious
4351,2024-02-27,5,Tue,Clear,Dark,Urban Road,60,1,No,0,0,1,Minor
4352,2024-11-28,22,Thu,Clear,Dark,Rural Road,40,1,Yes,1,0,2,Fatal
4353,2022-03-01,16,Tue,Clear,Daylight,Highway,60,2,Yes,0,0,2,Serious
4354,2023-08-01,12,Tue,Clear,Daylight,Intersection,30,1,Yes,0,0,0,Serious
4355,2022-11-17,17,Thu,Clear,Daylight,Highway,100,1,Yes,0,0,2,Serious
4356,2024-07-11,17,Thu,Clear,Daylight,Highway,30,2,Yes,1,0,2,Fatal
4357,2023-07-23,18,Sun,Clear,Daylight,Highway,30,3,Yes,0,0,0,Minor
4358,2023-06-11,13,Sun,Fog,Daylight,Urban Road,70,2,No,0,0,2,Minor
4359,2023-06-08,12,Thu,Cloudy,Daylight,Urban Road,120,2,No,0,0,1,Serious
4360,2023-09-05,1,Tue,Snow,Dark,Intersection,100,1,No,0,0,3,Fatal
4361,2022-05-05,20,Thu,Rain,Dark,Rural Road,50,2,No,0,0,3,Fatal
4362,2024-05-20,15,Mon,Clear,Daylight,Urban Road,40,3,Yes,0,0,0,Minor
4363,2022-10-07,8,Fri,Fog,Daylight,Urban Road,70,2,No,0,0,2,Serious
4364,2024-07-05,20,Fri,Clear,Dark,Urban Road,100,2,No,0,0,1,Serious
4365,2023-09-14,20,Thu,Clear,Dark,Intersection,50,1,Yes,0,0,3,Fatal
4366,2024-04-25,22,Thu,Cloudy,Dark,Rural Road,50,2,No,0,0,1,Serious
4367,2023-11-05,19,Sun,Clear,Dusk/Dawn,Urban Road,40,3,No,0,0,2,Minor
4368,2022-11-10,23,Thu,Clear,Dark,Rural Road,40,2,No,0,0,0,Minor
4369,2022-11-28,8,Mon,Cloudy,Daylight,Rural Road,60,1,No,0,0,0,Minor
4370,2022-02-05,18,Sat,Cloudy,Daylight,Highway,40,3,No,0,0,2,Minor
4371,2024-11-11,18,Mon,Clear,Daylight,Highway,40,1,No,0,0,1,Fatal
4372,2022-07-25,8,Mon,Clear,Daylight,Rural Road,40,2,No,0,0,1,Minor
4373,2023-10-01,6,Sun,Rain,Daylight,Intersection,50,2,No,0,0,2,Minor
4374,2024-04-27,22,Sat,Fog,Dark,Urban Road,30,4,Yes,0,0,2,Serious
4375,2023-03-16,9,Thu,Clear,Daylight,Intersection,60,3,No,0,0,1,Minor
4376,2023-12-30,19,Sat,Rain,Dusk/Dawn,Highway,120,2,Yes,0,0,3,Fatal
4377,2024-07-29,0,Mon,Cloudy,Dark,Urban Road,30,2,No,0,1,1,Minor
4378,2022-06-13,2,Mon,Clear,Dark,Urban Road,70,2,No,0,1,1,Fatal
4379,2022-05-28,13,Sat,Cloudy,Daylight,Intersection,100,1,No,0,0,2,Serious
4380,2022-10-21,8,Fri,Cloudy,Daylight,Highway,50,3,No,0,0,0,Serious
4381,2022-07-14,16,Thu,Clear,Daylight,Urban Road,40,2,Yes,0,0,4,Minor
4382,2023-10-25,15,Wed,Snow,Daylight,Highway,30,2,Yes,0,0,4,Fatal
4383,2023-04-25,6,Tue,Clear,Daylight,Urban Road,70,1,No,0,0,0,Minor
4384,2022-05-03,7,Tue,Fog,Daylight,Intersection,60,1,No,0,1,3,Fatal
4385,2023-11-30,11,Thu,Snow,Daylight,Urban Road,40,2,No,0,0,1,Serious
4386,2024-08-22,8,Thu,Clear,Daylight,Intersection,100,2,No,0,0,0,Serious
4387,2023-10-23,18,Mon,Fog,Daylight,Intersection,80,1,No,0,0,0,Serious
4388,2023-12-11,12,Mon,Cloudy,Daylight,Highway,50,1,No,0,0,2,Minor
4389,2023-01-31,6,Tue,Clear,Daylight,Rural Road,80,2,No,0,0,2,Serious
4390,2024-06-30,13,Sun,Clear,Daylight,Highway,40,1,Yes,0,0,1,Minor
4391,2024-10-01,6,Tue,Clear,Daylight,Highway,70,2,No,0,0,1,Serious
4392,2022-11-13,7,Sun,Rain,Daylight,Urban Road,40,2,Yes,0,0,1,Serious
4393,2023-11-12,8,Sun,Cloudy,Daylight,Rural Road,70,2,Yes,0,0,3,Minor
4394,2023-05-10,19,Wed,Cloudy,Dusk/Dawn,Urban Road,40,3,No,0,0,0,Minor
4395,2023-07-10,20,Mon,Clear,Dark,Highway,60,1,No,0,0,3,Serious
4396,2023-09-02,18,Sat,Rain,Daylight,Intersection,40,3,No,0,0,3,Fatal
4397,2022-04-19,10,Tue,Clear,Daylight,Rural Road,80,3,Yes,0,0,1,Serious
4398,2023-01-07,9,Sat,Clear,Daylight,Highway,30,2,No,0,0,2,Minor
4399,2024-05-04,14,Sat,Clear,Daylight,Urban Road,40,4,No,0,0,2,Serious
4400,2023-09-08,17,Fri,Clear,Daylight,Highway,40,3,No,0,0,1,Minor
4401,2024-02-07,23,Wed,Rain,Dark,Urban Road,30,4,Yes,0,0,4,Fatal
4402,2022-07-25,7,Mon,Cloudy,Daylight,Urban Road,80,2,No,0,0,0,Serious
4403,2024-04-26,4,Fri,Rain,Dark,Urban Road,120,2,No,0,0,2,Fatal
4404,2022-02-12,17,Sat,Rain,Daylight,Highway,80,2,No,0,0,0,Fatal
4405,2024-05-14,18,Tue,Clear,Daylight,Rural Road,100,1,Yes,0,0,5,Serious
4406,2024-02-24,18,Sat,Cloudy,Daylight,Highway,30,4,Yes,0,0,0,Serious
4407,2023-04-21,16,Fri,Snow,Daylight,Urban Road,40,2,Yes,0,0,6,Serious
4408,2022-03-24,21,Thu,Cloudy,Dark,Highway,60,2,No,0,0,0,Minor
4409,2022-07-09,14,Sat,Clear,Daylight,Urban Road,120,4,No,0,0,2,Fatal
4410,2024-03-10,20,Sun,Rain,Dark,Highway,70,5,No,0,0,3,Fatal
4411,2024-07-24,21,Wed,Rain,Dark,Urban Road,50,1,No,0,0,5,Serious
4412,2022-09-08,19,Thu,Clear,Dusk/Dawn,Urban Road,40,3,Yes,0,0,0,Fatal
4413,2022-10-18,9,Tue,Fog,Daylight,Highway,40,2,Yes,0,1,1,Fatal
4414,2022-11-22,8,Tue,Cloudy,Daylight,Highway,50,2,Yes,0,0,4,Serious
4415,2024-04-16,14,Tue,Clear,Daylight,Urban Road,80,5,Yes,0,0,4,Serious
4416,2023-05-23,12,Tue,Clear,Daylight,Highway,30,3,No,0,1,0,Serious
4417,2024-01-01,19,Mon,Fog,Dusk/Dawn,Urban Road,100,2,Yes,0,0,3,Fatal
4418,2022-03-13,6,Sun,Clear,Daylight,Urban Road,120,2,No,0,0,2,Serious
4419,2023-10-03,8,Tue,Rain,Daylight,Rural Road,100,2,Yes,0,0,3,Serious
4420,2024-07-28,17,Sun,Fog,Daylight,Intersection,120,2,No,0,1,3,Fatal
4421,2023-08-31,6,Thu,Clear,Daylight,Urban Road,30,1,No,0,0,1,Fatal
4422,2023-07-20,9,Thu,Cloudy,Daylight,Rural Road,120,2,Yes,0,0,4,Fatal
4423,2022-02-23,11,Wed,Rain,Daylight,Rural Road,50,1,No,0,0,0,Minor
4424,2023-06-12,16,Mon,Cloudy,Daylight,Intersection,100,2,Yes,0,0,3,Serious
4425,2023-09-03,7,Sun,Snow,Daylight,Highway,40,3,No,0,0,0,Serious
4426,2022-07-12,19,Tue,Cloudy,Dusk/Dawn,Intersection,50,1,No,0,0,1,Minor
4427,2022-02-27,12,Sun,Clear,Daylight,Intersection,30,3,No,0,0,1,Serious
4428,2022-05-09,20,Mon,Clear,Dark,Urban Road,30,1,No,0,0,1,Minor
4429,2023-12-07,13,Thu,Clear,Daylight,Urban Road,120,2,Yes,1,0,5,Fatal
4430,2024-05-01,9,Wed,Clear,Daylight,Intersection,100,2,Yes,0,0,1,Minor
4431,2022-01-08,7,Sat,Cloudy,Daylight,Urban Road,60,3,Yes,0,0,1,Serious
4432,2022-01-29,0,Sat,Clear,Dark,Urban Road,60,3,Yes,0,1,3,Fatal
4433,2024-08-04,14,Sun,Cloudy,Daylight,Rural Road,80,2,No,0,0,1,Minor
4434,2022-05-11,6,Wed,Clear,Daylight,Urban Road,50,1,No,0,0,0,Minor
4435,2022-07-07,11,Thu,Clear,Daylight,Highway,80,2,No,0,0,1,Fatal
4436,2023-12-10,15,Sun,Cloudy,Daylight,Urban Road,60,2,No,0,0,3,Fatal
4437,2022-07-31,9,Sun,Clear,Daylight,Urban Road,70,2,No,0,0,2,Fatal
4438,2022-10-03,7,Mon,Snow,Daylight,Intersection,120,1,No,1,0,3,Fatal
4439,2022-08-31,17,Wed,Clear,Daylight,Urban Road,60,1,Yes,0,0,1,Fatal
4440,2024-09-13,21,Fri,Cloudy,Dark,Intersection,50,2,No,0,0,4,Serious
4441,2023-11-16,6,Thu,Rain,Daylight,Urban Road,120,2,Yes,0,0,1,Fatal
4442,2022-06-20,7,Mon,Snow,Daylight,Urban Road,120,2,No,0,0,5,Fatal
4443,2023-10-15,21,Sun,Clear,Dark,Highway,120,2,No,0,0,3,Serious
4444,2022-07-07,3,Thu,Clear,Dark,Urban Road,60,2,No,1,0,2,Fatal
4445,2022-02-21,22,Mon,Cloudy,Dark,Intersection,50,4,Yes,0,0,3,Fatal
4446,2022-04-21,0,Thu,Cloudy,Dark,Highway,40,2,No,1,0,3,Fatal
4447,2024-05-26,19,Sun,Clear,Dusk/Dawn,Intersection,30,2,Yes,0,0,2,Serious
4448,2024-12-02,9,Mon,Clear,Daylight,Highway,80,1,No,0,0,1,Serious
4449,2022-07-30,20,Sat,Clear,Dark,Highway,40,2,No,0,0,6,Fatal
4450,2024-05-07,9,Tue,Clear,Daylight,Highway,70,2,No,0,0,0,Minor
4451,2023-09-19,16,Tue,Fog,Daylight,Rural Road,120,2,Yes,0,0,2,Fatal
4452,2024-11-15,6,Fri,Clear,Daylight,Highway,120,4,No,0,0,6,Serious
4453,2022-10-26,8,Wed,Clear,Daylight,Rural Road,30,3,No,0,0,0,Minor
4454,2024-07-12,17,Fri,Rain,Daylight,Rural Road,50,3,Yes,0,0,2,Serious
4455,2022-05-17,14,Tue,Clear,Daylight,Urban Road,100,1,No,0,0,1,Serious
4456,2024-11-09,20,Sat,Fog,Dark,Urban Road,60,2,No,0,0,2,Serious
4457,2023-03-16,12,Thu,Cloudy,Daylight,Urban Road,100,2,Yes,0,0,3,Fatal
4458,2022-07-30,19,Sat,Clear,Dusk/Dawn,Intersection,100,2,Yes,0,0,2,Fatal
4459,2024-01-22,12,Mon,Fog,Daylight,Urban Road,50,2,Yes,0,0,2,Fatal
4460,2023-03-11,22,Sat,Clear,Dark,Highway,50,3,Yes,1,0,4,Fatal
4461,2024-02-19,21,Mon,Clear,Dark,Urban Road,60,2,Yes,0,0,2,Serious
4462,2023-03-15,10,Wed,Clear,Daylight,Rural Road,70,1,Yes,0,0,2,Serious
4463,2023-10-28,19,Sat,Clear,Dusk/Dawn,Rural Road,50,2,Yes,0,0,1,Minor
4464,2024-12-01,19,Sun,Clear,Dusk/Dawn,Intersection,80,1,Yes,0,1,5,Fatal
4465,2023-02-15,8,Wed,Clear,Daylight,Intersection,120,1,No,0,0,1,Serious
4466,2024-03-16,16,Sat,Cloudy,Daylight,Highway,50,1,No,0,0,0,Minor
4467,2023-09-02,6,Sat,Fog,Daylight,Urban Road,120,1,No,0,0,4,Serious
4468,2023-03-03,18,Fri,Cloudy,Daylight,Rural Road,70,3,No,0,0,1,Fatal
4469,2024-06-20,7,Thu,Rain,Daylight,Intersection,100,2,Yes,0,0,4,Fatal
4470,2024-07-30,5,Tue,Clear,Dark,Urban Road,40,1,No,0,0,1,Serious
4471,2024-01-12,11,Fri,Clear,Daylight,Urban Road,50,2,No,0,0,0,Serious
4472,2022-11-24,15,Thu,Clear,Daylight,Intersection,50,4,No,0,0,4,Fatal
4473,2022-02-21,19,Mon,Clear,Dusk/Dawn,Urban Road,50,2,No,0,0,1,Serious
4474,2023-01-11,22,Wed,Rain,Dark,Urban Road,40,5,No,0,0,3,Fatal
4475,2022-09-20,12,Tue,Rain,Daylight,Intersection,100,2,Yes,0,0,3,Fatal
4476,2022-09-24,5,Sat,Clear,Dark,Intersection,50,5,No,1,0,3,Fatal
4477,2022-12-25,17,Sun,Clear,Daylight,Highway,120,1,No,0,0,2,Fatal
4478,2023-10-14,15,Sat,Clear,Daylight,Urban Road,60,2,No,0,0,2,Serious
4479,2022-02-15,12,Tue,Clear,Daylight,Urban Road,40,2,Yes,0,0,1,Minor
4480,2023-08-23,9,Wed,Clear,Daylight,Intersection,60,5,No,0,0,1,Minor
4481,2023-12-21,13,Thu,Snow,Daylight,Intersection,120,3,No,0,0,2,Fatal
4482,2023-08-24,10,Thu,Clear,Daylight,Rural Road,60,2,No,0,0,0,Serious
4483,2023-01-16,17,Mon,Fog,Daylight,Urban Road,30,1,Yes,0,0,1,Serious
4484,2022-04-28,14,Thu,Clear,Daylight,Highway,120,2,Yes,0,0,1,Fatal
4485,2022-04-26,19,Tue,Clear,Dusk/Dawn,Rural Road,40,1,Yes,0,0,0,Fatal
4486,2022-09-17,14,Sat,Cloudy,Daylight,Urban Road,70,2,No,0,0,1,Serious
4487,2022-11-01,8,Tue,Rain,Daylight,Urban Road,60,2,Yes,1,0,2,Fatal
4488,2022-01-07,19,Fri,Clear,Dusk/Dawn,Urban Road,50,2,Yes,0,0,2,Minor
4489,2023-01-01,14,Sun,Cloudy,Daylight,Urban Road,50,3,No,1,1,3,Fatal
4490,2023-06-07,8,Wed,Clear,Daylight,Intersection,120,1,No,0,0,1,Serious
4491,2023-03-05,16,Sun,Clear,Daylight,Highway,120,2,No,0,0,0,Fatal
4492,2024-03-01,10,Fri,Snow,Daylight,Rural Road,60,2,No,0,0,0,Serious
4493,2024-01-17,18,Wed,Fog,Daylight,Urban Road,50,2,No,0,0,1,Serious
4494,2023-01-02,12,Mon,Clear,Daylight,Rural Road,40,2,Yes,0,0,2,Minor
4495,2022-11-09,17,Wed,Clear,Daylight,Rural Road,40,1,No,0,0,2,Serious
4496,2023-06-22,6,Thu,Cloudy,Daylight,Highway,60,4,No,0,0,2,Fatal
4497,2024-07-09,11,Tue,Clear,Daylight,Highway,50,2,Yes,1,0,1,Fatal
4498,2024-12-13,22,Fri,Clear,Dark,Highway,30,1,Yes,0,0,3,Fatal
4499,2024-05-14,18,Tue,Rain,Daylight,Highway,60,2,Yes,1,0,1,Fatal
4500,2024-02-21,7,Wed,Cloudy,Daylight,Rural Road,80,1,No,0,0,2,Serious
4501,2022-11-30,9,Wed,Clear,Daylight,Highway,100,1,Yes,0,0,4,Fatal
4502,2024-03-08,10,Fri,Snow,Daylight,Urban Road,60,2,No,0,0,2,Serious
4503,2022-12-14,16,Wed,Rain,Daylight,Highway,80,1,Yes,0,1,2,Fatal
4504,2022-09-30,17,Fri,Clear,Daylight,Urban Road,50,3,No,0,0,0,Minor
4505,2024-08-20,17,Tue,Fog,Daylight,Rural Road,60,3,No,0,0,1,Fatal
4506,2023-12-21,13,Thu,Cloudy,Daylight,Urban Road,80,2,No,0,0,3,Serious
4507,2023-05-15,18,Mon,Clear,Daylight,Urban Road,80,2,No,0,0,0,Minor
4508,2023-11-16,12,Thu,Clear,Daylight,Intersection,50,2,Yes,0,0,1,Minor
4509,2022-03-20,7,Sun,Cloudy,Daylight,Highway,60,1,No,0,0,2,Serious
4510,2023-09-14,15,Thu,Rain,Daylight,Rural Road,120,2,No,0,0,1,Fatal
4511,2024-08-04,21,Sun,Clear,Dark,Urban Road,70,2,No,0,0,0,Fatal
4512,2022-12-24,18,Sat,Rain,Daylight,Highway,70,1,No,0,0,1,Fatal
4513,2023-09-10,15,Sun,Fog,Daylight,Urban Road,80,2,Yes,0,0,3,Fatal
4514,2023-05-22,16,Mon,Snow,Daylight,Highway,40,3,No,0,0,3,Fatal
4515,2023-07-30,20,Sun,Cloudy,Dark,Intersection,60,3,Yes,0,0,4,Fatal
4516,2022-09-01,12,Thu,Clear,Daylight,Highway,120,1,Yes,0,0,2,Fatal
4517,2023-05-21,10,Sun,Clear,Daylight,Highway,50,1,No,0,0,1,Minor
4518,2023-02-26,22,Sun,Rain,Dark,Urban Road,50,1,No,0,0,3,Fatal
4519,2022-08-05,19,Fri,Clear,Dusk/Dawn,Urban Road,70,4,No,0,0,1,Fatal
4520,2024-10-05,9,Sat,Rain,Daylight,Rural Road,40,3,No,0,0,4,Fatal
4521,2022-11-26,13,Sat,Clear,Daylight,Highway,60,3,No,0,0,3,Fatal
4522,2023-10-12,12,Thu,Clear,Daylight,Intersection,40,2,No,0,1,1,Serious
4523,2023-01-26,7,Thu,Clear,Daylight,Intersection,60,2,No,0,0,2,Serious
4524,2023-01-16,21,Mon,Fog,Dark,Urban Road,70,2,No,0,0,2,Fatal
4525,2024-01-12,11,Fri,Snow,Daylight,Rural Road,50,3,No,0,1,1,Fatal
4526,2024-03-30,19,Sat,Clear,Dusk/Dawn,Urban Road,50,3,No,0,0,2,Minor
4527,2023-11-04,8,Sat,Clear,Daylight,Highway,40,2,No,0,0,2,Minor
4528,2023-05-28,14,Sun,Clear,Daylight,Urban Road,50,2,No,0,0,0,Minor
4529,2024-08-06,2,Tue,Snow,Dark,Highway,60,3,No,0,0,5,Fatal
4530,2024-07-18,17,Thu,Clear,Daylight,Intersection,40,1,No,0,0,2,Minor
4531,2024-07-01,15,Mon,Fog,Daylight,Highway,80,3,No,0,0,1,Fatal
4532,2023-10-06,16,Fri,Rain,Daylight,Urban Road,80,2,No,0,0,0,Serious
4533,2023-03-03,5,Fri,Clear,Dark,Highway,50,2,Yes,0,0,1,Serious
4534,2023-05-17,8,Wed,Snow,Daylight,Rural Road,30,2,No,0,0,2,Serious
4535,2023-12-31,6,Sun,Clear,Daylight,Highway,30,2,No,0,0,2,Serious
4536,2022-03-12,9,Sat,Rain,Daylight,Rural Road,60,2,Yes,0,0,2,Serious
4537,2023-04-23,16,Sun,Clear,Daylight,Highway,40,4,No,0,0,3,Serious
4538,2023-04-02,15,Sun,Clear,Daylight,Intersection,30,5,No,0,0,2,Serious
4539,2022-07-08,15,Fri,Rain,Daylight,Intersection,50,2,Yes,0,0,4,Serious
4540,2022-10-18,14,Tue,Clear,Daylight,Rural Road,120,2,Yes,0,0,4,Fatal
4541,2024-07-08,9,Mon,Fog,Daylight,Highway,70,2,No,0,0,3,Fatal
4542,2022-10-19,8,Wed,Fog,Daylight,Highway,100,2,Yes,0,0,1,Fatal
4543,2024-01-26,7,Fri,Fog,Daylight,Intersection,40,4,No,0,0,2,Fatal
4544,2023-01-12,19,Thu,Clear,Dusk/Dawn,Highway,30,1,Yes,0,0,0,Serious
4545,2023-05-23,15,Tue,Rain,Daylight,Highway,30,1,No,0,0,3,Serious
4546,2023-06-12,8,Mon,Rain,Daylight,Urban Road,120,4,No,0,0,7,Fatal
4547,2023-07-13,7,Thu,Clear,Daylight,Highway,50,1,Yes,1,0,2,Fatal
4548,2024-11-20,19,Wed,Rain,Dusk/Dawn,Highway,60,3,No,0,0,1,Fatal
4549,2022-09-17,17,Sat,Cloudy,Daylight,Urban Road,50,1,No,0,0,1,Minor
4550,2023-02-25,16,Sat,Clear,Daylight,Urban Road,80,5,No,0,0,2,Serious
4551,2022-10-31,11,Mon,Cloudy,Daylight,Highway,50,3,Yes,0,0,3,Fatal
4552,2024-07-30,8,Tue,Clear,Daylight,Urban Road,60,4,No,0,0,3,Minor
4553,2024-11-28,22,Thu,Clear,Dark,Urban Road,120,4,Yes,0,0,1,Serious
4554,2023-06-26,18,Mon,Clear,Daylight,Rural Road,50,1,No,0,0,3,Minor
4555,2024-12-25,9,Wed,Rain,Daylight,Highway,60,2,Yes,0,0,3,Serious
4556,2022-04-18,19,Mon,Clear,Dusk/Dawn,Urban Road,60,2,No,0,0,1,Fatal
4557,2022-09-25,17,Sun,Cloudy,Daylight,Urban Road,100,3,Yes,0,0,4,Fatal
4558,2022-08-10,9,Wed,Cloudy,Daylight,Urban Road,50,1,No,0,0,3,Serious
4559,2023-11-24,12,Fri,Rain,Daylight,Highway,40,4,Yes,0,0,1,Serious
4560,2022-09-12,8,Mon,Clear,Daylight,Highway,80,1,No,0,0,2,Serious
4561,2022-09-10,6,Sat,Cloudy,Daylight,Intersection,50,3,No,0,0,1,Minor
4562,2022-09-14,17,Wed,Cloudy,Daylight,Urban Road,120,2,Yes,0,0,2,Serious
4563,2023-01-18,9,Wed,Clear,Daylight,Rural Road,70,2,No,0,0,1,Serious
4564,2023-03-18,18,Sat,Fog,Daylight,Intersection,60,2,Yes,0,0,1,Fatal
4565,2023-08-22,23,Tue,Rain,Dark,Urban Road,30,1,No,0,1,0,Fatal
4566,2023-01-25,6,Wed,Rain,Daylight,Urban Road,80,2,No,0,0,1,Fatal
4567,2023-08-05,13,Sat,Clear,Daylight,Highway,70,2,No,0,0,0,Serious
4568,2024-12-03,18,Tue,Clear,Daylight,Intersection,70,2,Yes,0,0,0,Minor
4569,2023-08-21,18,Mon,Clear,Daylight,Rural Road,50,3,Yes,0,0,1,Fatal
4570,2022-01-19,17,Wed,Clear,Daylight,Rural Road,120,2,Yes,0,0,2,Serious
4571,2023-08-30,10,Wed,Fog,Daylight,Urban Road,50,2,No,0,0,3,Minor
4572,2022-02-02,12,Wed,Cloudy,Daylight,Intersection,40,4,No,0,1,2,Serious
4573,2024-05-11,15,Sat,Cloudy,Daylight,Rural Road,120,3,No,0,0,1,Serious
4574,2022-06-04,22,Sat,Rain,Dark,Highway,80,1,No,0,0,3,Fatal
4575,2024-06-23,10,Sun,Rain,Daylight,Urban Road,50,3,No,0,0,1,Serious
4576,2023-02-09,20,Thu,Clear,Dark,Urban Road,120,5,No,0,0,0,Fatal
4577,2024-04-23,9,Tue,Fog,Daylight,Highway,30,4,Yes,0,0,4,Fatal
4578,2024-01-17,22,Wed,Clear,Dark,Intersection,30,3,No,0,0,2,Serious
4579,2022-09-28,16,Wed,Clear,Daylight,Highway,70,2,Yes,0,0,0,Serious
4580,2024-02-09,13,Fri,Rain,Daylight,Urban Road,40,2,No,0,0,1,Serious
4581,2022-06-21,15,Tue,Clear,Daylight,Urban Road,120,2,No,0,0,3,Serious
4582,2022-10-01,9,Sat,Clear,Daylight,Urban Road,100,2,No,0,0,0,Serious
4583,2022-09-16,9,Fri,Cloudy,Daylight,Urban Road,50,2,Yes,0,0,3,Serious
4584,2023-02-26,7,Sun,Clear,Daylight,Intersection,100,2,Yes,0,1,5,Fatal
4585,2022-12-30,7,Fri,Clear,Daylight,Urban Road,30,2,No,0,0,1,Serious
4586,2023-01-13,10,Fri,Clear,Daylight,Highway,60,2,No,1,0,3,Serious
4587,2023-08-03,17,Thu,Clear,Daylight,Urban Road,120,2,No,0,0,1,Minor
4588,2024-06-09,15,Sun,Clear,Daylight,Highway,100,2,No,0,0,1,Serious
4589,2023-12-23,6,Sat,Snow,Daylight,Highway,50,4,Yes,0,0,3,Fatal
4590,2024-05-30,19,Thu,Clear,Dusk/Dawn,Highway,40,2,Yes,0,0,2,Minor
4591,2023-08-28,15,Mon,Cloudy,Daylight,Highway,40,5,Yes,0,0,1,Serious
4592,2022-01-22,21,Sat,Clear,Dark,Urban Road,60,2,Yes,0,0,3,Minor
4593,2023-01-18,16,Wed,Clear,Daylight,Urban Road,60,1,Yes,0,0,2,Serious
4594,2022-05-14,7,Sat,Fog,Daylight,Highway,30,1,Yes,0,0,0,Fatal
4595,2024-11-14,13,Thu,Rain,Daylight,Rural Road,50,2,No,0,0,2,Serious
4596,2023-05-18,16,Thu,Rain,Daylight,Highway,100,2,Yes,0,0,1,Fatal
4597,2022-05-24,2,Tue,Cloudy,Dark,Intersection,50,3,Yes,0,0,1,Minor
4598,2022-08-12,1,Fri,Clear,Dark,Urban Road,40,3,No,1,0,5,Fatal
4599,2022-08-08,7,Mon,Clear,Daylight,Highway,120,4,Yes,0,0,2,Serious
4600,2022-06-28,8,Tue,Cloudy,Daylight,Intersection,50,2,Yes,0,0,0,Minor
4601,2023-03-09,12,Thu,Clear,Daylight,Urban Road,80,2,Yes,0,0,1,Fatal
4602,2022-09-22,13,Thu,Clear,Daylight,Urban Road,40,2,No,0,0,1,Minor
4603,2024-08-11,7,Sun,Clear,Daylight,Highway,50,2,No,0,0,2,Serious
4604,2023-03-05,16,Sun,Rain,Daylight,Rural Road,60,2,No,0,0,0,Fatal
4605,2023-02-20,15,Mon,Clear,Daylight,Urban Road,60,2,Yes,0,0,2,Minor
4606,2023-12-28,9,Thu,Clear,Daylight,Highway,60,4,No,0,0,2,Fatal
4607,2022-07-16,1,Sat,Clear,Dark,Highway,40,2,Yes,1,0,1,Fatal
4608,2024-12-12,6,Thu,Rain,Daylight,Rural Road,60,3,Yes,0,0,3,Fatal
4609,2023-04-25,11,Tue,Clear,Daylight,Highway,60,2,No,0,0,4,Serious
4610,2024-06-08,7,Sat,Clear,Daylight,Highway,40,2,No,0,0,3,Minor
4611,2024-07-13,11,Sat,Rain,Daylight,Urban Road,120,3,Yes,0,0,3,Fatal
4612,2022-05-03,16,Tue,Cloudy,Daylight,Intersection,100,1,No,0,0,2,Serious
4613,2024-02-17,14,Sat,Rain,Daylight,Highway,100,2,Yes,0,0,0,Fatal
4614,2022-12-14,8,Wed,Snow,Daylight,Highway,70,2,Yes,0,0,3,Serious
4615,2022-01-29,10,Sat,Clear,Daylight,Intersection,40,1,Yes,0,0,0,Serious
4616,2024-09-01,15,Sun,Clear,Daylight,Highway,60,2,No,0,0,1,Serious
4617,2022-02-04,19,Fri,Clear,Dusk/Dawn,Urban Road,100,2,Yes,0,0,2,Serious
4618,2023-09-15,17,Fri,Cloudy,Daylight,Intersection,30,1,No,0,0,0,Minor
4619,2023-08-12,14,Sat,Clear,Daylight,Intersection,60,3,Yes,0,0,5,Fatal
4620,2024-12-26,10,Thu,Cloudy,Daylight,Highway,50,2,No,1,0,3,Fatal
4621,2024-06-22,10,Sat,Cloudy,Daylight,Urban Road,40,2,No,0,1,1,Fatal
4622,2023-06-04,19,Sun,Clear,Dusk/Dawn,Highway,50,2,Yes,0,0,1,Fatal
4623,2022-05-02,3,Mon,Clear,Dark,Intersection,120,3,No,0,0,1,Fatal
4624,2022-12-06,22,Tue,Clear,Dark,Intersection,80,1,No,0,0,0,Minor
4625,2022-06-24,16,Fri,Clear,Daylight,Highway,50,2,Yes,0,0,2,Serious
4626,2023-08-20,16,Sun,Clear,Daylight,Rural Road,70,2,No,0,0,1,Minor
4627,2023-03-27,3,Mon,Cloudy,Dark,Intersection,40,4,Yes,0,0,4,Fatal
4628,2023-07-11,15,Tue,Clear,Daylight,Highway,70,2,No,0,0,1,Minor
4629,2024-11-05,13,Tue,Clear,Daylight,Highway,100,1,No,0,0,0,Serious
4630,2022-01-09,6,Sun,Clear,Daylight,Highway,60,2,Yes,0,0,3,Serious
4631,2022-11-30,9,Wed,Cloudy,Daylight,Urban Road,80,2,No,0,1,0,Fatal
4632,2024-10-13,19,Sun,Rain,Dusk/Dawn,Intersection,60,1,Yes,0,0,7,Fatal
4633,2022-11-23,14,Wed,Cloudy,Daylight,Intersection,60,4,Yes,0,0,3,Serious
4634,2022-01-15,12,Sat,Cloudy,Daylight,Highway,70,1,No,0,0,0,Minor
4635,2024-04-18,6,Thu,Clear,Daylight,Highway,100,1,Yes,0,0,4,Fatal
4636,2022-08-14,17,Sun,Clear,Daylight,Urban Road,70,1,Yes,0,0,2,Serious
4637,2022-04-23,17,Sat,Clear,Daylight,Rural Road,120,2,Yes,0,0,5,Fatal
4638,2022-01-01,15,Sat,Clear,Daylight,Urban Road,100,2,No,0,0,2,Serious
4639,2022-09-23,14,Fri,Fog,Daylight,Urban Road,80,1,Yes,0,0,3,Serious
4640,2024-08-09,12,Fri,Clear,Daylight,Urban Road,100,3,Yes,0,0,2,Serious
4641,2022-11-02,15,Wed,Clear,Daylight,Highway,50,1,Yes,0,0,0,Fatal
4642,2022-01-12,8,Wed,Rain,Daylight,Urban Road,50,2,Yes,1,0,2,Fatal
4643,2024-07-25,21,Thu,Rain,Dark,Intersection,60,1,No,0,0,1,Fatal
4644,2023-02-24,15,Fri,Rain,Daylight,Highway,60,4,No,0,0,3,Fatal
4645,2024-06-07,9,Fri,Clear,Daylight,Urban Road,100,3,No,0,0,2,Serious
4646,2022-06-20,12,Mon,Cloudy,Daylight,Highway,30,3,No,0,0,1,Serious
4647,2022-05-14,18,Sat,Rain,Daylight,Urban Road,40,1,Yes,0,0,1,Fatal
4648,2024-08-22,7,Thu,Clear,Daylight,Urban Road,100,2,No,0,0,3,Fatal
4649,2024-11-14,9,Thu,Snow,Daylight,Urban Road,30,2,No,0,0,1,Minor
4650,2023-10-20,16,Fri,Cloudy,Daylight,Intersection,40,2,No,0,0,0,Minor
4651,2022-06-28,9,Tue,Clear,Daylight,Urban Road,50,2,No,0,0,2,Minor
4652,2024-12-15,18,Sun,Clear,Daylight,Urban Road,80,3,No,0,0,2,Serious
4653,2022-04-21,7,Thu,Clear,Daylight,Highway,60,1,No,0,0,2,Serious
4654,2022-05-17,17,Tue,Clear,Daylight,Rural Road,120,2,No,0,0,1,Serious
4655,2022-08-20,5,Sat,Cloudy,Dark,Highway,40,2,No,0,0,3,Fatal
4656,2024-09-18,1,Wed,Clear,Dark,Intersection,100,2,Yes,0,0,2,Fatal
4657,2023-04-13,20,Thu,Snow,Dark,Highway,50,1,No,0,0,2,Fatal
4658,2024-01-02,15,Tue,Rain,Daylight,Highway,40,1,Yes,0,0,1,Fatal
4659,2023-04-26,10,Wed,Rain,Daylight,Highway,60,2,Yes,0,0,2,Fatal
4660,2024-12-27,8,Fri,Clear,Daylight,Intersection,30,5,No,0,0,1,Minor
4661,2024-03-24,15,Sun,Clear,Daylight,Urban Road,50,5,Yes,0,0,3,Serious
4662,2024-09-20,13,Fri,Clear,Daylight,Highway,50,1,Yes,0,0,1,Serious
4663,2022-11-19,23,Sat,Clear,Dark,Highway,40,1,No,0,0,0,Serious
4664,2024-07-10,22,Wed,Clear,Dark,Urban Road,100,2,Yes,0,0,1,Serious
4665,2024-06-22,16,Sat,Cloudy,Daylight,Highway,50,2,Yes,0,0,2,Fatal
4666,2023-08-29,12,Tue,Clear,Daylight,Urban Road,120,3,No,0,0,0,Serious
4667,2023-03-05,13,Sun,Snow,Daylight,Highway,100,2,Yes,0,0,2,Fatal
4668,2022-05-28,16,Sat,Clear,Daylight,Urban Road,40,2,No,0,0,2,Minor
4669,2024-04-29,6,Mon,Snow,Daylight,Highway,60,2,No,0,0,2,Fatal
4670,2023-01-02,10,Mon,Cloudy,Daylight,Urban Road,70,1,No,0,0,0,Minor
4671,2024-04-29,6,Mon,Clear,Daylight,Urban Road,100,2,Yes,0,1,2,Fatal
4672,2024-12-25,6,Wed,Cloudy,Daylight,Highway,100,2,No,0,0,1,Serious
4673,2024-03-23,8,Sat,Rain,Daylight,Urban Road,70,3,Yes,0,0,3,Fatal
4674,2022-06-24,13,Fri,Cloudy,Daylight,Urban Road,30,1,No,0,0,0,Minor
4675,2023-08-11,18,Fri,Rain,Daylight,Highway,60,2,No,0,0,0,Fatal
4676,2023-05-10,13,Wed,Clear,Daylight,Urban Road,100,4,No,1,0,2,Fatal
4677,2024-08-30,10,Fri,Clear,Daylight,Urban Road,80,2,No,0,0,1,Minor
4678,2022-02-04,6,Fri,Clear,Daylight,Urban Road,100,4,No,0,0,5,Serious
4679,2024-09-25,14,Wed,Rain,Daylight,Highway,70,2,No,0,0,3,Fatal
4680,2023-06-22,9,Thu,Cloudy,Daylight,Highway,30,4,Yes,0,0,4,Serious
4681,2024-01-20,15,Sat,Fog,Daylight,Highway,120,2,No,0,0,2,Fatal
4682,2024-11-03,22,Sun,Clear,Dark,Urban Road,120,1,No,0,0,2,Fatal
4683,2023-01-09,6,Mon,Cloudy,Daylight,Urban Road,40,3,No,0,0,1,Minor
4684,2023-07-11,8,Tue,Snow,Daylight,Urban Road,40,3,No,0,0,3,Fatal
4685,2022-08-21,13,Sun,Clear,Daylight,Rural Road,60,2,Yes,0,0,0,Minor
4686,2023-12-06,21,Wed,Clear,Dark,Highway,80,2,Yes,0,1,3,Fatal
4687,2023-07-17,17,Mon,Clear,Daylight,Intersection,50,4,No,0,0,1,Minor
4688,2024-07-27,20,Sat,Cloudy,Dark,Highway,40,1,No,0,0,1,Fatal
4689,2024-06-05,10,Wed,Cloudy,Daylight,Rural Road,60,2,Yes,0,0,0,Minor
4690,2023-12-27,23,Wed,Clear,Dark,Urban Road,50,1,Yes,0,0,0,Serious
4691,2022-03-17,6,Thu,Clear,Daylight,Intersection,50,1,No,0,0,3,Serious
4692,2023-03-15,5,Wed,Snow,Dark,Highway,70,2,No,0,0,2,Fatal
4693,2023-11-30,19,Thu,Cloudy,Dusk/Dawn,Urban Road,100,3,Yes,0,0,0,Serious
4694,2024-07-03,20,Wed,Snow,Dark,Urban Road,60,3,No,0,0,3,Fatal
4695,2024-06-09,6,Sun,Rain,Daylight,Intersection,70,5,No,0,0,0,Serious
4696,2023-11-23,7,Thu,Clear,Daylight,Intersection,70,1,Yes,0,0,1,Minor
4697,2022-09-10,3,Sat,Rain,Dark,Highway,60,2,Yes,0,0,2,Serious
4698,2024-11-26,6,Tue,Clear,Daylight,Urban Road,50,1,No,0,0,2,Serious
4699,2023-02-14,8,Tue,Cloudy,Daylight,Urban Road,50,1,Yes,0,0,2,Fatal
4700,2022-05-07,22,Sat,Clear,Dark,Highway,50,2,No,0,0,1,Serious
4701,2023-08-15,16,Tue,Cloudy,Daylight,Highway,120,1,No,0,0,2,Serious
4702,2022-10-21,18,Fri,Clear,Daylight,Intersection,100,2,Yes,1,0,2,Fatal
4703,2024-10-16,18,Wed,Cloudy,Daylight,Urban Road,60,1,Yes,0,0,0,Serious
4704,2022-11-06,14,Sun,Clear,Daylight,Highway,120,2,No,0,0,2,Fatal
4705,2023-10-24,18,Tue,Clear,Daylight,Highway,100,4,No,0,0,0,Fatal
4706,2023-06-12,15,Mon,Rain,Daylight,Highway,120,3,Yes,0,0,1,Fatal
4707,2023-06-24,9,Sat,Clear,Daylight,Urban Road,40,3,No,0,0,0,Serious
4708,2023-02-23,14,Thu,Cloudy,Daylight,Urban Road,80,3,No,0,0,4,Serious
4709,2023-03-20,14,Mon,Rain,Daylight,Urban Road,70,2,Yes,0,0,1,Serious
4710,2023-11-16,18,Thu,Rain,Daylight,Highway,80,3,No,0,0,1,Fatal
4711,2024-04-19,22,Fri,Cloudy,Dark,Urban Road,50,3,Yes,0,0,1,Serious
4712,2022-08-24,12,Wed,Cloudy,Daylight,Highway,70,1,No,0,0,0,Serious
4713,2022-08-02,17,Tue,Rain,Daylight,Intersection,50,3,No,0,0,1,Minor
4714,2022-03-26,6,Sat,Cloudy,Daylight,Highway,100,2,No,0,0,0,Serious
4715,2024-03-04,18,Mon,Clear,Daylight,Rural Road,80,1,Yes,0,0,1,Serious
4716,2022-03-26,11,Sat,Clear,Daylight,Urban Road,40,2,No,0,0,3,Serious
4717,2022-03-06,3,Sun,Rain,Dark,Urban Road,40,2,No,1,0,1,Fatal
4718,2023-10-25,10,Wed,Clear,Daylight,Highway,80,2,No,0,0,2,Fatal
4719,2023-09-19,15,Tue,Clear,Daylight,Rural Road,60,1,No,0,0,2,Serious
4720,2022-03-05,7,Sat,Clear,Daylight,Intersection,60,2,No,0,0,2,Serious
4721,2024-07-27,20,Sat,Clear,Dark,Highway,80,2,No,0,0,3,Serious
4722,2024-07-07,6,Sun,Cloudy,Daylight,Highway,100,5,Yes,0,0,2,Fatal
4723,2023-05-06,20,Sat,Rain,Dark,Rural Road,40,3,No,0,0,2,Serious
4724,2022-11-09,17,Wed,Cloudy,Daylight,Highway,60,3,Yes,0,0,3,Serious
4725,2023-09-07,10,Thu,Snow,Daylight,Urban Road,100,1,No,0,0,1,Fatal
4726,2024-07-07,11,Sun,Clear,Daylight,Highway,100,2,No,0,0,0,Serious
4727,2024-03-23,17,Sat,Clear,Daylight,Urban Road,50,2,No,0,0,2,Serious
4728,2024-07-28,15,Sun,Clear,Daylight,Urban Road,40,2,No,0,0,2,Minor
4729,2023-11-11,16,Sat,Cloudy,Daylight,Highway,40,1,No,0,0,4,Serious
4730,2023-03-11,11,Sat,Clear,Daylight,Urban Road,120,2,No,0,0,2,Minor
4731,2023-11-13,13,Mon,Clear,Daylight,Urban Road,60,2,No,0,0,4,Serious
4732,2024-12-09,23,Mon,Cloudy,Dark,Highway,50,2,Yes,0,1,2,Fatal
4733,2022-12-06,8,Tue,Rain,Daylight,Urban Road,30,1,No,0,0,3,Serious
4734,2022-12-13,12,Tue,Clear,Daylight,Urban Road,30,2,No,0,0,2,Serious
4735,2023-10-08,9,Sun,Clear,Daylight,Highway,70,3,No,0,0,3,Minor
4736,2023-10-11,17,Wed,Cloudy,Daylight,Intersection,60,2,Yes,0,0,2,Fatal
4737,2022-09-02,17,Fri,Cloudy,Daylight,Rural Road,60,3,Yes,0,0,2,Serious
4738,2022-04-19,9,Tue,Clear,Daylight,Highway,40,2,No,0,1,3,Fatal
4739,2023-06-17,6,Sat,Clear,Daylight,Intersection,50,3,Yes,0,0,5,Serious
4740,2022-10-23,1,Sun,Cloudy,Dark,Urban Road,100,1,Yes,0,0,4,Fatal
4741,2022-04-22,12,Fri,Snow,Daylight,Urban Road,40,2,Yes,0,0,1,Serious
4742,2022-12-09,12,Fri,Cloudy,Daylight,Highway,100,2,No,0,0,1,Serious
4743,2022-04-11,22,Mon,Rain,Dark,Rural Road,40,4,No,0,0,6,Fatal
4744,2023-09-21,13,Thu,Cloudy,Daylight,Rural Road,40,2,No,0,0,1,Minor
4745,2022-01-28,8,Fri,Clear,Daylight,Urban Road,60,2,Yes,0,0,2,Minor
4746,2024-07-25,19,Thu,Clear,Dusk/Dawn,Highway,120,1,Yes,0,1,3,Fatal
4747,2022-02-27,13,Sun,Fog,Daylight,Highway,50,2,Yes,0,0,3,Fatal
4748,2022-10-24,15,Mon,Rain,Daylight,Urban Road,70,2,No,0,0,0,Serious
4749,2022-05-14,6,Sat,Cloudy,Daylight,Highway,60,3,No,0,0,2,Fatal
4750,2022-09-06,11,Tue,Clear,Daylight,Urban Road,40,2,Yes,0,0,1,Minor
4751,2024-10-17,21,Thu,Cloudy,Dark,Rural Road,40,2,Yes,0,0,1,Fatal
4752,2023-07-04,15,Tue,Clear,Daylight,Intersection,120,1,Yes,0,0,0,Serious
4753,2024-06-20,10,Thu,Rain,Daylight,Urban Road,40,1,No,0,0,2,Minor
4754,2024-04-13,16,Sat,Clear,Daylight,Highway,70,2,No,0,0,2,Fatal
4755,2024-02-10,20,Sat,Rain,Dark,Intersection,120,2,No,0,0,1,Fatal
4756,2022-05-26,9,Thu,Fog,Daylight,Intersection,40,2,No,0,0,2,Serious
4757,2024-06-11,13,Tue,Clear,Daylight,Urban Road,50,3,Yes,0,0,5,Fatal
4758,2022-12-10,21,Sat,Clear,Dark,Highway,40,1,No,0,0,0,Serious
4759,2024-11-24,7,Sun,Rain,Daylight,Rural Road,40,2,Yes,0,0,0,Serious
4760,2023-12-03,17,Sun,Cloudy,Daylight,Rural Road,40,3,Yes,0,0,4,Minor
4761,2022-01-01,15,Sat,Clear,Daylight,Highway,70,2,Yes,0,0,0,Serious
4762,2022-06-02,16,Thu,Clear,Daylight,Urban Road,80,2,Yes,0,0,1,Serious
4763,2023-03-05,10,Sun,Clear,Daylight,Urban Road,70,2,Yes,0,0,1,Minor
4764,2023-05-23,9,Tue,Cloudy,Daylight,Urban Road,120,2,No,0,0,2,Minor
4765,2023-05-06,16,Sat,Clear,Daylight,Rural Road,40,1,Yes,0,0,1,Minor
4766,2022-12-11,8,Sun,Clear,Daylight,Urban Road,50,1,No,0,0,2,Minor
4767,2022-08-09,12,Tue,Snow,Daylight,Rural Road,50,1,No,0,0,4,Serious
4768,2023-12-24,8,Sun,Fog,Daylight,Urban Road,40,3,No,0,0,1,Serious
4769,2024-11-14,0,Thu,Clear,Dark,Highway,40,2,Yes,0,0,3,Fatal
4770,2023-06-12,22,Mon,Cloudy,Dark,Urban Road,60,4,No,0,1,5,Fatal
4771,2024-04-20,12,Sat,Rain,Daylight,Rural Road,100,3,No,0,0,2,Serious
4772,2024-12-01,21,Sun,Rain,Dark,Intersection,120,2,Yes,0,0,2,Fatal
4773,2023-04-26,7,Wed,Clear,Daylight,Urban Road,40,3,No,0,0,0,Minor
4774,2024-07-18,15,Thu,Cloudy,Daylight,Highway,100,1,No,0,0,1,Serious
4775,2024-05-21,8,Tue,Clear,Daylight,Intersection,100,2,No,0,0,0,Minor
4776,2022-12-11,18,Sun,Clear,Daylight,Urban Road,50,4,No,0,0,1,Serious
4777,2022-02-14,18,Mon,Clear,Daylight,Intersection,40,1,Yes,0,0,0,Serious
4778,2022-01-21,7,Fri,Snow,Daylight,Highway,120,2,No,0,0,3,Serious
4779,2024-12-29,20,Sun,Rain,Dark,Urban Road,70,1,Yes,0,0,2,Serious
4780,2024-05-22,8,Wed,Rain,Daylight,Highway,120,2,Yes,0,0,2,Fatal
4781,2022-02-17,15,Thu,Clear,Daylight,Intersection,60,1,No,0,0,0,Minor
4782,2023-07-05,22,Wed,Rain,Dark,Intersection,50,2,No,0,0,2,Serious
4783,2022-10-14,19,Fri,Snow,Dusk/Dawn,Urban Road,40,3,No,0,0,1,Serious
4784,2024-09-28,21,Sat,Clear,Dark,Highway,120,1,Yes,0,0,2,Fatal
4785,2024-10-30,10,Wed,Cloudy,Daylight,Highway,50,3,Yes,0,0,3,Serious
4786,2023-06-26,6,Mon,Clear,Daylight,Urban Road,30,1,No,0,0,1,Minor
4787,2024-01-26,8,Fri,Snow,Daylight,Urban Road,60,1,Yes,0,0,1,Fatal
4788,2022-10-01,13,Sat,Clear,Daylight,Rural Road,50,2,Yes,0,0,5,Serious
4789,2024-08-13,18,Tue,Rain,Daylight,Urban Road,50,3,No,0,0,2,Minor
4790,2023-08-23,7,Wed,Cloudy,Daylight,Urban Road,70,3,No,0,0,5,Fatal
4791,2023-01-16,16,Mon,Cloudy,Daylight,Highway,50,1,No,0,0,2,Serious
4792,2023-04-24,9,Mon,Clear,Daylight,Urban Road,50,1,No,1,0,4,Serious
4793,2022-01-15,10,Sat,Clear,Daylight,Urban Road,30,3,No,0,0,1,Minor
4794,2023-05-31,16,Wed,Clear,Daylight,Intersection,60,2,No,0,0,2,Serious
4795,2022-07-10,13,Sun,Cloudy,Daylight,Urban Road,40,1,Yes,0,0,0,Serious
4796,2023-09-13,18,Wed,Rain,Daylight,Urban Road,40,2,No,0,0,0,Fatal
4797,2022-06-03,7,Fri,Clear,Daylight,Highway,80,3,Yes,0,0,0,Fatal
4798,2022-09-29,18,Thu,Clear,Daylight,Intersection,50,1,No,0,0,1,Minor
4799,2022-05-23,5,Mon,Cloudy,Dark,Highway,40,1,No,0,0,1,Serious
4800,2024-12-28,8,Sat,Rain,Daylight,Urban Road,60,2,Yes,0,0,3,Fatal
4801,2022-09-04,16,Sun,Clear,Daylight,Intersection,40,2,No,0,0,0,Minor
4802,2024-02-27,19,Tue,Clear,Dusk/Dawn,Rural Road,50,1,Yes,0,0,3,Fatal
4803,2022-03-20,8,Sun,Clear,Daylight,Urban Road,70,3,No,0,0,1,Serious
4804,2023-09-15,10,Fri,Rain,Daylight,Highway,80,3,No,0,0,2,Fatal
4805,2023-06-09,14,Fri,Cloudy,Daylight,Intersection,80,2,No,0,0,2,Serious
4806,2024-02-11,8,Sun,Cloudy,Daylight,Highway,60,1,No,0,0,2,Fatal
4807,2024-07-26,18,Fri,Clear,Daylight,Highway,60,5,Yes,0,0,1,Serious
4808,2023-09-09,17,Sat,Cloudy,Daylight,Highway,80,2,No,0,0,3,Serious
4809,2024-10-28,7,Mon,Clear,Daylight,Highway,40,2,No,0,0,0,Minor
4810,2022-03-08,13,Tue,Clear,Daylight,Intersection,40,5,No,0,0,3,Serious
4811,2022-07-10,17,Sun,Cloudy,Daylight,Urban Road,70,3,No,0,0,0,Serious
4812,2024-02-07,10,Wed,Clear,Daylight,Urban Road,50,2,No,0,0,2,Serious
4813,2023-06-05,16,Mon,Clear,Daylight,Intersection,80,2,No,0,0,2,Serious
4814,2024-09-16,4,Mon,Cloudy,Dark,Highway,50,1,No,0,0,2,Serious
4815,2022-09-24,15,Sat,Clear,Daylight,Highway,50,4,No,0,0,0,Serious
4816,2023-04-30,7,Sun,Snow,Daylight,Urban Road,100,3,No,0,0,2,Fatal
4817,2023-01-11,18,Wed,Cloudy,Daylight,Urban Road,50,2,Yes,0,0,3,Minor
4818,2023-10-15,10,Sun,Rain,Daylight,Urban Road,60,3,No,0,0,0,Fatal
4819,2023-07-03,9,Mon,Clear,Daylight,Highway,40,3,Yes,0,0,0,Serious
4820,2022-03-14,18,Mon,Clear,Daylight,Urban Road,40,1,Yes,0,0,4,Serious
4821,2022-11-04,4,Fri,Clear,Dark,Highway,30,2,No,0,0,0,Fatal
4822,2022-07-18,11,Mon,Clear,Daylight,Highway,50,2,No,0,0,1,Serious
4823,2023-07-26,11,Wed,Snow,Daylight,Highway,120,3,No,0,0,3,Fatal
4824,2024-03-01,9,Fri,Clear,Daylight,Urban Road,100,1,No,0,0,1,Fatal
4825,2022-06-28,20,Tue,Clear,Dark,Urban Road,70,2,No,0,0,0,Fatal
4826,2022-07-16,17,Sat,Rain,Daylight,Urban Road,100,2,Yes,0,0,3,Serious
4827,2024-01-05,5,Fri,Rain,Dark,Intersection,60,1,Yes,0,0,1,Fatal
4828,2022-03-30,17,Wed,Cloudy,Daylight,Intersection,50,1,Yes,0,1,1,Minor
4829,2024-03-09,14,Sat,Clear,Daylight,Urban Road,40,2,No,0,0,3,Serious
4830,2024-02-27,20,Tue,Cloudy,Dark,Intersection,70,1,Yes,0,0,4,Serious
4831,2024-01-18,9,Thu,Rain,Daylight,Intersection,40,2,No,0,0,2,Minor
4832,2022-07-28,15,Thu,Clear,Daylight,Urban Road,50,2,Yes,0,0,1,Minor
4833,2023-05-08,13,Mon,Clear,Daylight,Urban Road,100,2,Yes,0,0,2,Fatal
4834,2023-10-27,13,Fri,Clear,Daylight,Intersection,40,2,Yes,1,0,4,Serious
4835,2024-11-02,12,Sat,Rain,Daylight,Urban Road,40,2,No,0,0,0,Serious
4836,2024-05-20,8,Mon,Clear,Daylight,Highway,40,1,No,0,0,1,Serious
4837,2024-01-02,17,Tue,Cloudy,Daylight,Rural Road,60,2,No,0,0,3,Serious
4838,2023-11-29,12,Wed,Rain,Daylight,Highway,50,2,No,0,0,1,Serious
4839,2023-08-17,21,Thu,Cloudy,Dark,Urban Road,60,3,Yes,0,0,4,Fatal
4840,2024-06-04,8,Tue,Clear,Daylight,Highway,50,1,No,0,0,1,Minor
4841,2024-05-01,16,Wed,Clear,Daylight,Highway,60,2,No,0,0,1,Serious
4842,2022-11-21,21,Mon,Clear,Dark,Highway,50,1,Yes,0,1,2,Fatal
4843,2024-09-05,16,Thu,Clear,Daylight,Intersection,120,1,No,0,0,3,Fatal
4844,2024-08-13,19,Tue,Cloudy,Dusk/Dawn,Highway,60,2,Yes,0,0,3,Serious
4845,2024-06-12,18,Wed,Clear,Daylight,Highway,80,2,Yes,0,0,4,Serious
4846,2022-05-24,10,Tue,Clear,Daylight,Highway,80,2,Yes,0,0,0,Fatal
4847,2023-01-19,15,Thu,Clear,Daylight,Urban Road,60,4,No,0,0,3,Serious
4848,2022-08-04,7,Thu,Clear,Daylight,Intersection,40,1,No,0,0,3,Serious
4849,2022-11-20,14,Sun,Cloudy,Daylight,Highway,60,2,Yes,0,0,4,Fatal
4850,2024-11-04,8,Mon,Rain,Daylight,Highway,70,4,No,0,0,4,Fatal
4851,2022-08-05,17,Fri,Fog,Daylight,Urban Road,60,1,No,1,0,4,Fatal
4852,2024-08-08,14,Thu,Clear,Daylight,Urban Road,30,2,No,0,0,1,Minor
4853,2022-07-02,12,Sat,Cloudy,Daylight,Highway,30,1,No,0,0,3,Serious
4854,2022-09-27,9,Tue,Fog,Daylight,Urban Road,50,2,Yes,0,0,1,Fatal
4855,2024-08-02,23,Fri,Clear,Dark,Urban Road,40,2,No,0,0,1,Serious
4856,2024-05-19,6,Sun,Clear,Daylight,Urban Road,120,2,No,0,0,0,Fatal
4857,2023-04-12,4,Wed,Cloudy,Dark,Intersection,40,2,No,0,0,2,Serious
4858,2022-11-01,8,Tue,Rain,Daylight,Highway,50,3,No,0,0,0,Fatal
4859,2022-04-21,22,Thu,Fog,Dark,Highway,80,1,Yes,0,0,4,Fatal
4860,2024-10-10,22,Thu,Clear,Dark,Intersection,100,4,No,0,0,0,Fatal
4861,2022-08-20,16,Sat,Clear,Daylight,Intersection,60,1,No,0,0,3,Serious
4862,2023-08-18,19,Fri,Fog,Dusk/Dawn,Highway,40,1,No,0,0,2,Fatal
4863,2022-06-22,8,Wed,Rain,Daylight,Intersection,50,4,Yes,0,0,4,Fatal
4864,2024-08-30,22,Fri,Rain,Dark,Rural Road,50,3,No,1,0,6,Fatal
4865,2024-10-27,7,Sun,Rain,Daylight,Highway,50,3,Yes,0,0,2,Fatal
4866,2023-06-30,6,Fri,Clear,Daylight,Urban Road,50,1,Yes,0,0,2,Serious
4867,2023-07-02,6,Sun,Snow,Daylight,Highway,40,3,No,1,0,3,Fatal
4868,2023-06-02,15,Fri,Cloudy,Daylight,Highway,120,2,Yes,0,0,2,Fatal
4869,2024-07-02,18,Tue,Cloudy,Daylight,Highway,30,3,No,0,0,3,Serious
4870,2022-08-03,10,Wed,Clear,Daylight,Urban Road,50,5,Yes,0,0,2,Fatal
4871,2022-05-14,22,Sat,Clear,Dark,Intersection,120,1,No,0,0,2,Fatal
4872,2022-10-12,12,Wed,Cloudy,Daylight,Urban Road,70,2,No,0,0,0,Minor
4873,2023-11-17,7,Fri,Rain,Daylight,Urban Road,50,3,Yes,0,0,3,Serious
4874,2022-11-27,13,Sun,Rain,Daylight,Urban Road,40,2,No,0,0,1,Minor
4875,2024-06-12,16,Wed,Cloudy,Daylight,Urban Road,120,1,Yes,0,0,3,Serious
4876,2024-06-17,18,Mon,Rain,Daylight,Rural Road,30,1,No,0,0,1,Minor
4877,2022-03-19,12,Sat,Rain,Daylight,Urban Road,70,2,Yes,0,1,1,Fatal
4878,2024-08-04,15,Sun,Clear,Daylight,Urban Road,100,2,Yes,0,0,0,Minor
4879,2023-11-19,9,Sun,Clear,Daylight,Urban Road,30,1,No,0,0,2,Minor
4880,2022-01-21,16,Fri,Clear,Daylight,Rural Road,80,2,Yes,0,0,1,Minor
4881,2023-07-20,22,Thu,Cloudy,Dark,Highway,120,1,No,0,0,1,Fatal
4882,2024-04-06,4,Sat,Clear,Dark,Highway,70,1,Yes,0,0,3,Fatal
4883,2022-06-28,19,Tue,Clear,Dusk/Dawn,Urban Road,50,1,No,0,0,0,Serious
4884,2024-12-18,15,Wed,Cloudy,Daylight,Intersection,100,4,Yes,0,0,1,Fatal
4885,2024-06-23,8,Sun,Rain,Daylight,Urban Road,60,1,Yes,0,0,2,Minor
4886,2023-10-31,21,Tue,Rain,Dark,Intersection,80,3,Yes,0,0,3,Fatal
4887,2022-07-10,13,Sun,Clear,Daylight,Highway,60,3,Yes,0,0,1,Fatal
4888,2023-12-09,10,Sat,Cloudy,Daylight,Urban Road,30,2,No,0,0,2,Serious
4889,2024-11-24,7,Sun,Clear,Daylight,Urban Road,40,1,No,1,0,0,Serious
4890,2023-01-14,8,Sat,Clear,Daylight,Urban Road,30,3,No,0,0,2,Minor
4891,2023-01-22,18,Sun,Clear,Daylight,Intersection,40,2,Yes,0,0,0,Minor
4892,2022-08-25,15,Thu,Clear,Daylight,Intersection,30,1,Yes,0,0,2,Minor
4893,2023-09-08,20,Fri,Clear,Dark,Rural Road,50,2,No,0,0,1,Serious
4894,2022-10-10,8,Mon,Rain,Daylight,Urban Road,40,1,No,0,0,1,Minor
4895,2022-01-01,7,Sat,Clear,Daylight,Intersection,100,2,No,0,0,0,Minor
4896,2023-04-09,0,Sun,Rain,Dark,Urban Road,80,2,Yes,0,0,2,Fatal
4897,2024-08-24,13,Sat,Clear,Daylight,Intersection,60,2,No,0,0,2,Minor
4898,2022-06-21,23,Tue,Clear,Dark,Intersection,60,2,Yes,0,0,1,Serious
4899,2024-04-22,17,Mon,Rain,Daylight,Urban Road,50,4,No,0,0,1,Serious
4900,2023-11-21,9,Tue,Cloudy,Daylight,Rural Road,60,2,No,0,0,0,Serious
4901,2023-07-29,19,Sat,Cloudy,Dusk/Dawn,Urban Road,70,2,No,0,0,2,Minor
4902,2022-06-14,18,Tue,Cloudy,Daylight,Highway,80,3,Yes,0,0,6,Serious
4903,2023-01-18,1,Wed,Rain,Dark,Urban Road,30,2,No,0,0,2,Minor
4904,2022-07-28,18,Thu,Rain,Daylight,Highway,80,2,No,0,0,1,Serious
4905,2022-08-12,9,Fri,Rain,Daylight,Urban Road,80,3,Yes,0,0,0,Fatal
4906,2022-01-03,7,Mon,Rain,Daylight,Intersection,60,4,No,0,0,1,Minor
4907,2023-01-07,8,Sat,Clear,Daylight,Highway,40,2,No,0,0,1,Serious
4908,2023-09-03,13,Sun,Rain,Daylight,Highway,60,1,Yes,0,0,1,Fatal
4909,2022-04-26,12,Tue,Clear,Daylight,Urban Road,60,2,Yes,0,0,3,Serious
4910,2023-03-23,9,Thu,Clear,Daylight,Urban Road,60,2,Yes,0,0,1,Minor
4911,2023-02-19,7,Sun,Rain,Daylight,Urban Road,60,2,No,0,0,1,Minor
4912,2024-06-10,17,Mon,Clear,Daylight,Urban Road,40,2,No,0,0,3,Serious
4913,2024-11-13,23,Wed,Clear,Dark,Highway,40,2,No,0,0,2,Fatal
4914,2023-10-25,18,Wed,Clear,Daylight,Highway,30,2,Yes,0,0,0,Fatal
4915,2024-12-09,9,Mon,Cloudy,Daylight,Intersection,40,1,No,0,0,2,Minor
4916,2023-12-19,8,Tue,Clear,Daylight,Highway,50,4,Yes,0,0,3,Serious
4917,2024-11-16,8,Sat,Clear,Daylight,Urban Road,40,4,No,0,0,2,Serious
4918,2022-09-28,7,Wed,Cloudy,Daylight,Intersection,40,3,No,0,0,1,Minor
4919,2023-07-16,14,Sun,Clear,Daylight,Intersection,80,2,No,0,0,0,Serious
4920,2024-03-14,15,Thu,Clear,Daylight,Highway,100,2,Yes,0,0,4,Fatal
4921,2022-09-04,17,Sun,Clear,Daylight,Urban Road,50,3,Yes,0,0,2,Serious
4922,2023-01-22,16,Sun,Clear,Daylight,Rural Road,50,2,No,0,0,0,Minor
4923,2023-12-03,9,Sun,Clear,Daylight,Rural Road,100,2,No,0,1,2,Fatal
4924,2023-07-13,10,Thu,Clear,Daylight,Rural Road,70,1,No,0,0,1,Minor
4925,2024-08-30,16,Fri,Clear,Daylight,Urban Road,50,2,Yes,0,0,0,Minor
4926,2024-09-10,10,Tue,Cloudy,Daylight,Highway,80,4,No,0,0,1,Fatal
4927,2022-12-18,8,Sun,Rain,Daylight,Urban Road,50,1,No,0,0,2,Serious
4928,2024-01-23,11,Tue,Rain,Daylight,Urban Road,60,2,No,0,0,1,Serious
4929,2024-02-20,9,Tue,Clear,Daylight,Urban Road,120,2,No,0,0,1,Fatal
4930,2024-10-21,6,Mon,Clear,Daylight,Highway,50,2,Yes,0,0,1,Minor
4931,2023-06-30,18,Fri,Cloudy,Daylight,Highway,120,1,No,0,0,3,Fatal
4932,2022-03-20,19,Sun,Clear,Dusk/Dawn,Intersection,50,3,Yes,0,0,2,Serious
4933,2022-11-30,8,Wed,Cloudy,Daylight,Highway,60,1,Yes,0,0,0,Minor
4934,2024-06-07,5,Fri,Clear,Dark,Highway,60,3,Yes,0,0,0,Serious
4935,2023-05-17,17,Wed,Cloudy,Daylight,Rural Road,80,1,Yes,0,1,0,Fatal
4936,2024-02-04,8,Sun,Clear,Daylight,Urban Road,30,1,No,0,0,0,Serious
4937,2024-07-09,11,Tue,Clear,Daylight,Highway,70,3,No,0,0,4,Serious
4938,2023-07-04,5,Tue,Snow,Dark,Urban Road,80,3,No,0,0,2,Fatal
4939,2022-01-14,8,Fri,Snow,Daylight,Urban Road,60,5,No,0,0,3,Fatal
4940,2023-01-27,18,Fri,Clear,Daylight,Urban Road,40,1,No,0,0,2,Minor
4941,2022-11-06,18,Sun,Cloudy,Daylight,Intersection,40,2,No,0,0,3,Serious
4942,2023-01-21,8,Sat,Clear,Daylight,Highway,70,1,No,0,0,2,Serious
4943,2024-08-31,10,Sat,Clear,Daylight,Rural Road,100,1,Yes,0,0,2,Serious
4944,2022-12-06,7,Tue,Rain,Daylight,Highway,50,1,Yes,0,0,2,Fatal
4945,2023-08-20,6,Sun,Fog,Daylight,Urban Road,60,1,No,0,0,2,Fatal
4946,2024-01-27,23,Sat,Cloudy,Dark,Rural Road,40,4,No,0,0,3,Fatal
4947,2024-11-11,16,Mon,Clear,Daylight,Highway,50,1,Yes,0,0,1,Serious
4948,2022-10-18,14,Tue,Clear,Daylight,Urban Road,50,2,Yes,0,0,2,Minor
4949,2022-11-02,17,Wed,Rain,Daylight,Highway,70,2,No,0,0,0,Fatal
4950,2023-09-26,18,Tue,Clear,Daylight,Highway,120,1,No,0,0,3,Fatal
4951,2023-09-17,18,Sun,Clear,Daylight,Urban Road,100,5,No,0,0,0,Serious
4952,2024-07-27,1,Sat,Clear,Dark,Rural Road,40,2,No,0,0,1,Minor
4953,2024-04-27,8,Sat,Clear,Daylight,Highway,60,4,No,0,0,2,Serious
4954,2023-03-18,16,Sat,Clear,Daylight,Intersection,30,4,Yes,0,0,3,Serious
4955,2023-05-18,11,Thu,Clear,Daylight,Highway,40,4,No,0,0,0,Minor
4956,2022-05-10,22,Tue,Fog,Dark,Highway,40,3,No,0,0,3,Fatal
4957,2023-08-20,16,Sun,Rain,Daylight,Highway,50,2,Yes,0,0,3,Minor
4958,2024-05-11,21,Sat,Clear,Dark,Highway,70,1,No,0,0,1,Serious
4959,2023-08-16,8,Wed,Clear,Daylight,Highway,60,2,Yes,0,0,0,Serious
4960,2024-09-25,19,Wed,Clear,Dusk/Dawn,Rural Road,120,2,Yes,0,0,0,Serious
4961,2022-11-21,9,Mon,Clear,Daylight,Urban Road,40,3,No,1,0,7,Serious
4962,2024-12-28,22,Sat,Rain,Dark,Urban Road,50,3,No,0,0,1,Fatal
4963,2023-03-24,7,Fri,Cloudy,Daylight,Intersection,50,2,No,0,0,0,Fatal
4964,2024-03-29,14,Fri,Rain,Daylight,Urban Road,40,1,Yes,0,0,1,Minor
4965,2023-12-10,18,Sun,Rain,Daylight,Highway,120,1,No,0,0,0,Fatal
4966,2022-09-22,12,Thu,Clear,Daylight,Highway,50,2,Yes,0,0,1,Minor
4967,2023-09-04,13,Mon,Clear,Daylight,Highway,120,1,Yes,0,0,3,Serious
4968,2024-04-11,22,Thu,Cloudy,Dark,Urban Road,50,2,Yes,0,0,6,Serious
4969,2023-11-05,12,Sun,Cloudy,Daylight,Highway,40,2,No,1,0,2,Fatal
4970,2022-06-06,15,Mon,Clear,Daylight,Urban Road,40,1,Yes,0,0,4,Serious
4971,2022-09-08,5,Thu,Clear,Dark,Rural Road,100,2,Yes,0,0,3,Fatal
4972,2024-05-27,18,Mon,Snow,Daylight,Rural Road,30,2,Yes,0,0,2,Serious
4973,2023-06-14,16,Wed,Clear,Daylight,Rural Road,120,2,No,0,0,1,Serious
4974,2022-11-23,11,Wed,Snow,Daylight,Highway,50,4,No,0,0,2,Fatal
4975,2024-08-18,1,Sun,Cloudy,Dark,Highway,40,1,No,1,0,2,Fatal
4976,2024-06-13,15,Thu,Clear,Daylight,Urban Road,70,2,No,0,0,0,Minor
4977,2022-04-07,1,Thu,Cloudy,Dark,Highway,40,4,Yes,0,0,3,Fatal
4978,2023-05-28,0,Sun,Cloudy,Dark,Highway,30,2,No,0,0,4,Fatal
4979,2022-08-04,15,Thu,Cloudy,Daylight,Urban Road,100,2,No,0,0,1,Fatal
4980,2022-05-05,8,Thu,Clear,Daylight,Urban Road,50,2,Yes,0,0,2,Serious
4981,2022-02-28,8,Mon,Clear,Daylight,Rural Road,60,2,No,0,0,2,Minor
4982,2022-06-10,16,Fri,Rain,Daylight,Urban Road,40,1,No,0,0,0,Minor
4983,2022-10-11,5,Tue,Clear,Dark,Intersection,30,2,Yes,0,0,0,Minor
4984,2022-04-16,9,Sat,Clear,Daylight,Rural Road,50,2,No,0,0,1,Minor
4985,2022-08-16,7,Tue,Clear,Daylight,Highway,60,2,No,0,0,2,Serious
4986,2022-11-14,15,Mon,Rain,Daylight,Urban Road,80,2,No,0,0,1,Fatal
4987,2024-03-12,16,Tue,Clear,Daylight,Urban Road,60,2,Yes,0,0,2,Serious
4988,2024-05-23,17,Thu,Clear,Daylight,Rural Road,80,2,Yes,1,0,3,Fatal
4989,2023-04-17,8,Mon,Clear,Daylight,Urban Road,40,2,No,0,0,0,Minor
4990,2024-12-15,6,Sun,Fog,Daylight,Urban Road,30,1,No,0,0,4,Serious
4991,2023-09-17,6,Sun,Rain,Daylight,Urban Road,40,2,No,0,0,1,Minor
4992,2022-01-13,12,Thu,Clear,Daylight,Highway,80,1,No,0,0,1,Minor
4993,2024-11-07,21,Thu,Cloudy,Dark,Intersection,80,2,No,0,0,4,Fatal
4994,2023-11-25,8,Sat,Clear,Daylight,Urban Road,40,2,No,0,0,0,Minor
4995,2024-08-30,8,Fri,Rain,Daylight,Highway,30,1,Yes,0,0,3,Serious
4996,2022-04-23,6,Sat,Snow,Daylight,Highway,70,4,No,0,0,1,Fatal
4997,2022-08-17,15,Wed,Snow,Daylight,Intersection,100,2,No,0,0,2,Fatal
4998,2022-06-20,16,Mon,Clear,Daylight,Urban Road,80,1,No,0,0,3,Serious
4999,2022-10-22,16,Sat,Cloudy,Daylight,Rural Road,40,1,No,0,0,0,Serious
5000,2022-07-08,19,Fri,Cloudy,Dusk/Dawn,Intersection,60,2,Yes,0,0,3,Serious
5001,2023-03-02,13,Thu,Rain,Daylight,Intersection,80,2,Yes,0,0,1,Serious
5002,2024-09-03,7,Tue,Clear,Daylight,Urban Road,50,3,No,1,0,5,Fatal
5003,2023-10-20,9,Fri,Clear,Daylight,Highway,60,2,No,0,0,2,Minor
5004,2024-07-07,16,Sun,Rain,Daylight,Highway,50,4,Yes,0,0,5,Serious
5005,2023-05-14,15,Sun,Clear,Daylight,Urban Road,40,1,No,0,0,1,Minor
5006,2024-02-01,14,Thu,Snow,Daylight,Urban Road,120,2,No,0,0,2,Fatal
5007,2024-05-15,16,Wed,Clear,Daylight,Urban Road,120,4,Yes,0,0,4,Fatal
5008,2024-04-05,16,Fri,Fog,Daylight,Urban Road,50,2,No,0,0,1,Serious
5009,2022-03-12,19,Sat,Clear,Dusk/Dawn,Urban Road,40,1,Yes,0,0,3,Serious
5010,2022-09-05,15,Mon,Clear,Daylight,Highway,80,2,Yes,0,0,3,Serious
5011,2022-05-26,18,Thu,Clear,Daylight,Highway,50,5,Yes,0,1,3,Serious
5012,2023-08-05,8,Sat,Clear,Daylight,Rural Road,40,2,No,0,0,2,Serious
5013,2023-04-15,16,Sat,Rain,Daylight,Highway,50,2,No,0,0,2,Serious
5014,2022-07-12,20,Tue,Snow,Dark,Rural Road,60,2,No,0,0,2,Fatal
5015,2024-12-27,11,Fri,Rain,Daylight,Urban Road,30,1,Yes,0,0,1,Serious
5016,2023-05-09,18,Tue,Rain,Daylight,Intersection,60,2,Yes,0,0,2,Fatal
5017,2022-02-21,17,Mon,Fog,Daylight,Intersection,30,1,No,0,0,1,Serious
5018,2024-05-31,5,Fri,Clear,Dark,Urban Road,100,2,Yes,0,0,1,Fatal
5019,2022-12-29,15,Thu,Clear,Daylight,Urban Road,120,3,No,0,0,4,Fatal
5020,2024-07-05,7,Fri,Clear,Daylight,Highway,80,2,Yes,0,0,2,Fatal
5021,2023-04-19,21,Wed,Fog,Dark,Urban Road,60,5,Yes,0,0,1,Fatal
5022,2023-06-05,18,Mon,Clear,Daylight,Rural Road,50,1,Yes,0,0,1,Serious
5023,2023-11-22,6,Wed,Clear,Daylight,Urban Road,80,2,No,0,0,1,Serious
5024,2023-06-16,7,Fri,Rain,Daylight,Urban Road,120,3,Yes,0,0,2,Fatal
5025,2024-04-19,15,Fri,Cloudy,Daylight,Highway,40,1,Yes,0,0,2,Fatal
5026,2024-12-24,10,Tue,Rain,Daylight,Intersection,60,1,No,0,0,5,Minor
5027,2022-08-29,3,Mon,Snow,Dark,Highway,50,2,No,0,0,2,Fatal
5028,2023-06-20,14,Tue,Rain,Daylight,Intersection,50,2,No,0,0,4,Serious
5029,2022-03-24,11,Thu,Clear,Daylight,Urban Road,50,5,Yes,0,0,3,Fatal
5030,2024-09-08,6,Sun,Fog,Daylight,Urban Road,120,2,Yes,0,0,5,Fatal
5031,2024-08-08,18,Thu,Cloudy,Daylight,Highway,50,3,No,0,0,0,Serious
5032,2023-09-03,20,Sun,Clear,Dark,Highway,60,4,Yes,0,0,2,Fatal
5033,2023-07-28,17,Fri,Clear,Daylight,Intersection,120,1,No,0,0,4,Fatal
5034,2022-10-13,18,Thu,Clear,Daylight,Intersection,60,3,Yes,0,0,2,Serious
5035,2024-09-15,8,Sun,Clear,Daylight,Urban Road,100,2,No,0,0,0,Minor
5036,2023-04-04,8,Tue,Cloudy,Daylight,Urban Road,30,1,Yes,0,0,4,Serious
5037,2022-05-06,8,Fri,Clear,Daylight,Urban Road,120,3,No,0,1,4,Fatal
5038,2023-03-01,17,Wed,Clear,Daylight,Urban Road,40,2,No,0,0,2,Minor
5039,2023-07-08,21,Sat,Cloudy,Dark,Urban Road,120,2,No,0,0,2,Serious
5040,2023-09-02,17,Sat,Rain,Daylight,Urban Road,40,2,No,0,0,0,Serious
5041,2022-04-22,19,Fri,Rain,Dusk/Dawn,Intersection,50,1,No,0,0,1,Minor
5042,2023-02-06,16,Mon,Cloudy,Daylight,Rural Road,50,2,No,0,0,2,Minor
5043,2022-05-02,11,Mon,Clear,Daylight,Urban Road,50,2,Yes,0,0,2,Serious
5044,2022-09-30,12,Fri,Fog,Daylight,Intersection,50,2,No,0,0,3,Fatal
5045,2023-02-02,6,Thu,Clear,Daylight,Urban Road,120,4,No,0,0,5,Fatal
5046,2023-04-16,3,Sun,Clear,Dark,Highway,50,2,Yes,0,0,5,Fatal
5047,2024-09-11,17,Wed,Clear,Daylight,Highway,70,1,No,0,0,5,Serious
5048,2023-07-23,12,Sun,Clear,Daylight,Rural Road,40,1,No,0,0,1,Minor
5049,2024-06-15,14,Sat,Cloudy,Daylight,Intersection,100,3,No,0,0,2,Fatal
5050,2024-03-30,14,Sat,Cloudy,Daylight,Intersection,60,2,No,0,0,2,Minor
5051,2024-05-02,9,Thu,Cloudy,Daylight,Rural Road,120,4,Yes,0,0,4,Fatal
5052,2023-12-11,13,Mon,Clear,Daylight,Highway,50,2,Yes,0,0,1,Minor
5053,2022-11-17,13,Thu,Cloudy,Daylight,Highway,40,1,No,0,0,2,Minor
5054,2022-06-28,11,Tue,Fog,Daylight,Urban Road,50,1,No,0,0,3,Serious
5055,2024-06-15,18,Sat,Clear,Daylight,Intersection,80,2,Yes,0,0,1,Serious
5056,2022-08-07,12,Sun,Fog,Daylight,Intersection,70,2,Yes,0,0,4,Fatal
5057,2024-02-28,15,Wed,Clear,Daylight,Highway,80,1,Yes,0,1,1,Fatal
5058,2023-05-07,19,Sun,Clear,Dusk/Dawn,Rural Road,30,2,No,0,0,1,Minor
5059,2022-03-02,19,Wed,Cloudy,Dusk/Dawn,Urban Road,60,3,Yes,0,0,1,Serious
5060,2024-12-13,19,Fri,Rain,Dusk/Dawn,Highway,120,3,Yes,0,0,4,Fatal
5061,2023-06-22,9,Thu,Clear,Daylight,Urban Road,40,2,No,0,0,1,Serious
5062,2024-04-27,3,Sat,Rain,Dark,Intersection,30,3,Yes,0,0,1,Minor
5063,2024-09-14,8,Sat,Cloudy,Daylight,Highway,80,1,Yes,0,1,3,Fatal
5064,2022-03-06,9,Sun,Rain,Daylight,Intersection,50,1,No,0,0,2,Serious
5065,2023-08-09,20,Wed,Clear,Dark,Highway,70,1,No,0,0,1,Minor
5066,2022-06-20,16,Mon,Clear,Daylight,Highway,60,1,Yes,0,0,1,Serious
5067,2023-06-19,6,Mon,Clear,Daylight,Highway,120,4,No,0,0,2,Fatal
5068,2023-11-24,7,Fri,Cloudy,Daylight,Intersection,100,1,Yes,0,0,1,Serious
5069,2022-04-18,7,Mon,Clear,Daylight,Urban Road,70,2,No,0,0,1,Minor
5070,2024-03-24,16,Sun,Clear,Daylight,Rural Road,50,2,Yes,0,0,1,Minor
5071,2024-10-01,17,Tue,Clear,Daylight,Urban Road,50,2,No,0,0,4,Minor
5072,2023-03-28,19,Tue,Cloudy,Dusk/Dawn,Urban Road,100,2,Yes,0,0,2,Serious
5073,2023-08-13,21,Sun,Rain,Dark,Intersection,60,2,Yes,0,0,4,Fatal
5074,2024-11-05,8,Tue,Fog,Daylight,Urban Road,80,2,No,0,0,1,Fatal
5075,2022-11-23,9,Wed,Clear,Daylight,Intersection,50,4,No,0,0,1,Serious
5076,2023-08-31,8,Thu,Clear,Daylight,Highway,40,1,No,0,0,2,Serious
5077,2023-10-21,10,Sat,Cloudy,Daylight,Urban Road,50,1,No,0,0,4,Fatal
5078,2022-01-02,20,Sun,Cloudy,Dark,Rural Road,40,2,No,0,0,2,Serious
5079,2024-10-30,15,Wed,Cloudy,Daylight,Intersection,80,2,No,0,0,2,Minor
5080,2023-03-10,17,Fri,Cloudy,Daylight,Highway,80,2,No,0,0,2,Serious
5081,2022-05-05,13,Thu,Cloudy,Daylight,Urban Road,30,5,Yes,0,0,1,Minor
5082,2023-04-30,2,Sun,Fog,Dark,Urban Road,70,3,No,0,0,3,Fatal
5083,2023-10-14,5,Sat,Cloudy,Dark,Urban Road,100,3,No,0,0,2,Fatal
5084,2024-03-10,14,Sun,Rain,Daylight,Highway,70,2,No,0,0,2,Serious
5085,2024-05-22,17,Wed,Clear,Daylight,Highway,60,1,No,0,0,1,Serious
5086,2022-05-09,8,Mon,Clear,Daylight,Intersection,50,3,No,0,0,1,Serious
5087,2023-03-14,17,Tue,Cloudy,Daylight,Rural Road,100,3,No,0,0,1,Serious
5088,2024-01-21,18,Sun,Clear,Daylight,Urban Road,50,2,Yes,1,0,4,Serious
5089,2023-05-16,12,Tue,Cloudy,Daylight,Intersection,100,4,No,0,0,3,Serious
5090,2024-12-17,17,Tue,Clear,Daylight,Highway,80,5,Yes,0,0,1,Serious
5091,2022-07-30,11,Sat,Clear,Daylight,Urban Road,100,2,Yes,0,0,3,Fatal
5092,2024-06-20,16,Thu,Clear,Daylight,Intersection,120,1,Yes,0,0,0,Serious
5093,2022-02-14,17,Mon,Clear,Daylight,Intersection,80,2,No,0,0,3,Serious
5094,2023-06-19,23,Mon,Clear,Dark,Urban Road,30,5,Yes,0,0,1,Fatal
5095,2023-04-06,10,Thu,Clear,Daylight,Rural Road,40,2,Yes,0,0,2,Serious
5096,2023-01-26,12,Thu,Cloudy,Daylight,Urban Road,30,2,No,0,0,0,Minor
5097,2024-12-03,7,Tue,Clear,Daylight,Intersection,40,2,No,0,0,0,Minor
5098,2022-01-27,8,Thu,Clear,Daylight,Urban Road,30,1,No,0,0,2,Fatal
5099,2024-03-04,16,Mon,Clear,Daylight,Rural Road,60,2,Yes,0,0,3,Minor
5100,2024-09-01,20,Sun,Fog,Dark,Highway,30,2,Yes,0,0,7,Fatal
5101,2023-07-02,11,Sun,Rain,Daylight,Urban Road,60,3,Yes,0,0,3,Fatal
5102,2023-09-13,7,Wed,Rain,Daylight,Urban Road,100,3,No,0,0,1,Fatal
5103,2023-07-21,9,Fri,Clear,Daylight,Urban Road,80,3,Yes,0,0,3,Fatal
5104,2023-12-05,12,Tue,Clear,Daylight,Rural Road,120,1,Yes,0,0,3,Serious
5105,2022-07-04,9,Mon,Fog,Daylight,Intersection,40,1,No,0,0,1,Minor
5106,2024-12-28,8,Sat,Cloudy,Daylight,Rural Road,60,3,No,0,0,1,Minor
5107,2024-04-27,17,Sat,Clear,Daylight,Highway,50,2,Yes,0,0,4,Serious
5108,2023-08-22,0,Tue,Clear,Dark,Intersection,60,1,No,0,0,2,Serious
5109,2024-03-16,14,Sat,Clear,Daylight,Highway,60,1,Yes,0,0,2,Serious
5110,2022-03-20,18,Sun,Clear,Daylight,Urban Road,30,2,Yes,0,0,2,Minor
5111,2023-08-02,9,Wed,Fog,Daylight,Intersection,40,1,Yes,0,0,3,Fatal
5112,2023-02-17,15,Fri,Rain,Daylight,Highway,80,2,No,1,0,3,Fatal
5113,2023-06-30,16,Fri,Clear,Daylight,Intersection,80,3,No,1,0,4,Fatal
5114,2022-06-18,16,Sat,Clear,Daylight,Rural Road,60,2,No,0,0,1,Minor
5115,2023-11-12,12,Sun,Cloudy,Daylight,Urban Road,50,4,No,0,0,1,Fatal
5116,2023-08-06,10,Sun,Cloudy,Daylight,Urban Road,50,1,No,0,0,2,Minor
5117,2023-05-30,18,Tue,Cloudy,Daylight,Urban Road,30,2,Yes,0,0,0,Minor
5118,2022-02-01,17,Tue,Clear,Daylight,Intersection,120,1,No,0,0,2,Serious
5119,2022-10-14,9,Fri,Rain,Daylight,Highway,100,3,No,0,0,1,Fatal
5120,2023-08-17,6,Thu,Clear,Daylight,Urban Road,30,4,No,0,0,1,Serious
5121,2024-12-02,6,Mon,Clear,Daylight,Highway,40,2,Yes,0,0,1,Serious
5122,2023-09-09,6,Sat,Clear,Daylight,Highway,60,2,No,0,0,0,Minor
5123,2024-10-21,15,Mon,Rain,Daylight,Rural Road,40,2,No,0,0,2,Minor
5124,2022-09-27,5,Tue,Clear,Dark,Urban Road,120,3,No,0,0,3,Serious
5125,2023-06-02,10,Fri,Cloudy,Daylight,Intersection,80,2,No,0,0,1,Minor
5126,2024-10-30,17,Wed,Clear,Daylight,Urban Road,50,4,No,0,0,6,Fatal
5127,2023-08-06,9,Sun,Clear,Daylight,Urban Road,30,1,No,0,0,1,Minor
5128,2022-08-14,17,Sun,Clear,Daylight,Highway,80,2,No,0,0,3,Fatal
5129,2023-11-01,17,Wed,Clear,Daylight,Intersection,50,2,No,0,0,1,Minor
5130,2024-07-05,8,Fri,Clear,Daylight,Highway,70,4,No,0,0,0,Minor
5131,2022-05-06,17,Fri,Clear,Daylight,Urban Road,50,2,No,0,0,0,Minor
5132,2024-08-13,17,Tue,Clear,Daylight,Urban Road,40,2,No,0,0,0,Serious
5133,2022-03-15,11,Tue,Clear,Daylight,Urban Road,70,4,Yes,0,0,1,Serious
5134,2022-02-25,8,Fri,Rain,Daylight,Urban Road,60,1,Yes,0,0,3,Fatal
5135,2023-12-21,14,Thu,Clear,Daylight,Rural Road,40,2,No,0,0,1,Serious
5136,2023-07-07,20,Fri,Rain,Dark,Highway,40,2,Yes,0,0,2,Serious
5137,2022-02-01,16,Tue,Rain,Daylight,Urban Road,60,1,Yes,0,0,0,Fatal
5138,2023-07-28,7,Fri,Clear,Daylight,Rural Road,80,2,No,0,0,1,Fatal
5139,2023-10-29,16,Sun,Cloudy,Daylight,Urban Road,50,3,Yes,0,0,2,Fatal
5140,2022-10-11,12,Tue,Rain,Daylight,Highway,80,2,No,0,0,2,Minor
5141,2022-07-06,15,Wed,Clear,Daylight,Urban Road,40,2,No,0,0,0,Minor
5142,2023-05-13,17,Sat,Cloudy,Daylight,Highway,50,3,Yes,0,0,2,Serious
5143,2022-05-10,14,Tue,Cloudy,Daylight,Highway,80,5,No,0,0,3,Serious
5144,2023-10-01,18,Sun,Cloudy,Daylight,Urban Road,70,3,No,0,0,4,Fatal
5145,2022-04-24,17,Sun,Fog,Daylight,Urban Road,50,3,No,0,0,0,Serious
5146,2022-01-13,15,Thu,Clear,Daylight,Highway,40,4,Yes,0,0,0,Serious
5147,2023-03-20,7,Mon,Clear,Daylight,Urban Road,30,3,No,0,0,1,Minor
5148,2023-03-23,18,Thu,Rain,Daylight,Intersection,100,5,No,0,0,5,Fatal
5149,2024-09-12,20,Thu,Cloudy,Dark,Intersection,30,3,Yes,0,0,1,Serious
5150,2024-09-19,7,Thu,Rain,Daylight,Intersection,40,2,No,0,0,2,Serious
5151,2023-12-16,13,Sat,Cloudy,Daylight,Highway,40,2,No,0,0,0,Minor
5152,2022-03-15,8,Tue,Clear,Daylight,Highway,50,4,No,0,0,0,Minor
5153,2023-06-21,17,Wed,Clear,Daylight,Intersection,80,2,No,0,0,3,Serious
5154,2022-04-11,17,Mon,Cloudy,Daylight,Highway,40,3,No,1,0,6,Fatal
5155,2022-06-25,7,Sat,Snow,Daylight,Highway,60,1,Yes,0,0,2,Serious
5156,2023-03-03,19,Fri,Cloudy,Dusk/Dawn,Urban Road,30,4,Yes,0,0,1,Serious
5157,2022-02-10,7,Thu,Snow,Daylight,Highway,60,2,Yes,0,0,3,Fatal
5158,2023-03-05,18,Sun,Clear,Daylight,Intersection,40,1,Yes,0,0,1,Minor
5159,2022-12-10,12,Sat,Rain,Daylight,Rural Road,40,3,No,0,0,2,Serious
5160,2023-01-01,10,Sun,Cloudy,Daylight,Rural Road,50,2,Yes,0,0,0,Minor
5161,2023-09-01,7,Fri,Rain,Daylight,Intersection,80,1,No,0,1,2,Serious
5162,2023-10-19,7,Thu,Clear,Daylight,Highway,80,2,No,0,0,1,Fatal
5163,2023-12-29,16,Fri,Clear,Daylight,Rural Road,50,1,No,0,1,0,Minor
5164,2022-08-17,14,Wed,Rain,Daylight,Urban Road,40,1,No,0,0,0,Minor
5165,2024-04-04,7,Thu,Clear,Daylight,Rural Road,50,2,Yes,0,0,1,Minor
5166,2024-06-07,7,Fri,Fog,Daylight,Highway,60,3,No,0,0,3,Fatal
5167,2024-09-10,6,Tue,Clear,Daylight,Rural Road,100,2,No,0,0,1,Minor
5168,2024-04-15,17,Mon,Clear,Daylight,Intersection,120,2,Yes,0,0,2,Fatal
5169,2022-04-27,17,Wed,Cloudy,Daylight,Highway,70,3,Yes,0,0,5,Fatal
5170,2024-03-28,5,Thu,Clear,Dark,Highway,50,2,No,0,0,1,Minor
5171,2023-01-03,14,Tue,Cloudy,Daylight,Highway,70,2,No,0,0,1,Serious
5172,2022-06-17,6,Fri,Clear,Daylight,Urban Road,50,2,No,0,0,0,Minor
5173,2024-08-11,20,Sun,Cloudy,Dark,Highway,70,2,No,0,0,7,Fatal
5174,2023-10-23,20,Mon,Clear,Dark,Intersection,40,1,No,0,0,7,Minor
5175,2023-11-26,17,Sun,Clear,Daylight,Urban Road,50,5,Yes,1,0,5,Fatal
5176,2024-07-13,20,Sat,Cloudy,Dark,Urban Road,30,1,No,0,0,1,Serious
5177,2022-06-01,18,Wed,Snow,Daylight,Rural Road,50,2,No,0,0,2,Fatal
5178,2023-08-09,18,Wed,Clear,Daylight,Urban Road,70,2,No,0,0,3,Minor
5179,2024-07-01,15,Mon,Cloudy,Daylight,Urban Road,80,2,No,0,0,1,Serious
5180,2022-10-01,9,Sat,Rain,Daylight,Rural Road,100,2,Yes,0,0,2,Fatal
5181,2023-05-11,8,Thu,Cloudy,Daylight,Rural Road,120,2,Yes,0,0,3,Serious
5182,2022-04-11,10,Mon,Rain,Daylight,Highway,30,2,No,0,0,1,Serious
5183,2023-07-11,16,Tue,Clear,Daylight,Highway,60,1,Yes,0,0,0,Fatal
5184,2022-03-14,7,Mon,Clear,Daylight,Highway,60,3,No,0,0,1,Fatal
5185,2024-11-03,8,Sun,Clear,Daylight,Urban Road,100,1,No,0,0,1,Serious
5186,2022-06-06,13,Mon,Rain,Daylight,Highway,50,3,Yes,0,0,1,Fatal
5187,2024-01-05,8,Fri,Clear,Daylight,Rural Road,30,2,No,0,0,3,Minor
5188,2022-05-12,15,Thu,Clear,Daylight,Intersection,50,1,No,0,0,4,Minor
5189,2024-10-15,20,Tue,Clear,Dark,Highway,120,1,Yes,1,0,4,Fatal
5190,2023-07-13,17,Thu,Clear,Daylight,Urban Road,100,4,No,0,0,2,Serious
5191,2022-04-17,16,Sun,Cloudy,Daylight,Urban Road,50,2,No,0,0,2,Serious
5192,2022-09-22,15,Thu,Rain,Daylight,Urban Road,100,1,No,0,0,4,Fatal
5193,2022-06-04,13,Sat,Snow,Daylight,Urban Road,30,3,No,0,0,5,Fatal
5194,2024-09-14,8,Sat,Cloudy,Daylight,Intersection,50,3,No,0,0,5,Serious
5195,2024-09-23,19,Mon,Rain,Dusk/Dawn,Highway,80,2,Yes,0,0,2,Fatal
5196,2022-09-04,8,Sun,Cloudy,Daylight,Highway,40,2,No,0,0,1,Minor
5197,2023-06-15,6,Thu,Clear,Daylight,Urban Road,40,2,No,1,0,3,Fatal
5198,2024-05-07,17,Tue,Clear,Daylight,Urban Road,100,1,No,0,0,3,Fatal
5199,2023-06-22,7,Thu,Clear,Daylight,Highway,70,2,Yes,0,0,3,Fatal
5200,2023-12-30,11,Sat,Clear,Daylight,Highway,120,3,Yes,0,0,4,Fatal
5201,2022-06-03,2,Fri,Cloudy,Dark,Urban Road,40,2,No,0,0,1,Serious
5202,2022-04-02,7,Sat,Rain,Daylight,Urban Road,50,2,Yes,0,0,1,Serious
5203,2022-12-04,7,Sun,Clear,Daylight,Intersection,50,2,No,0,0,0,Minor
5204,2023-03-26,5,Sun,Fog,Dark,Urban Road,100,2,No,0,0,1,Fatal
5205,2024-03-20,16,Wed,Rain,Daylight,Highway,50,2,No,0,0,1,Serious
5206,2024-02-26,18,Mon,Clear,Daylight,Urban Road,50,2,Yes,0,0,4,Fatal
5207,2022-09-30,11,Fri,Rain,Daylight,Highway,40,1,Yes,0,0,0,Fatal
5208,2023-08-11,19,Fri,Cloudy,Dusk/Dawn,Urban Road,80,3,Yes,0,0,3,Serious
5209,2022-06-26,8,Sun,Cloudy,Daylight,Urban Road,40,1,No,0,0,1,Minor
5210,2024-04-10,9,Wed,Rain,Daylight,Urban Road,30,2,No,0,0,1,Minor
5211,2023-10-05,7,Thu,Clear,Daylight,Rural Road,50,2,Yes,0,1,1,Fatal
5212,2024-12-08,15,Sun,Clear,Daylight,Highway,50,3,No,0,0,0,Minor
5213,2023-07-21,12,Fri,Clear,Daylight,Intersection,40,3,Yes,0,0,1,Fatal
5214,2023-10-28,15,Sat,Snow,Daylight,Rural Road,40,1,No,0,0,0,Serious
5215,2024-05-17,17,Fri,Clear,Daylight,Urban Road,100,2,No,0,0,0,Serious
5216,2024-12-05,14,Thu,Clear,Daylight,Highway,30,1,Yes,0,1,1,Serious
5217,2022-10-29,16,Sat,Cloudy,Daylight,Highway,30,1,No,1,0,4,Fatal
5218,2024-05-17,20,Fri,Cloudy,Dark,Urban Road,40,4,No,0,0,2,Fatal
5219,2024-06-30,9,Sun,Rain,Daylight,Urban Road,120,1,Yes,0,1,3,Fatal
5220,2023-02-12,10,Sun,Clear,Daylight,Highway,30,1,Yes,0,0,3,Minor
5221,2024-04-01,17,Mon,Clear,Daylight,Intersection,100,1,Yes,0,0,2,Fatal
5222,2023-07-15,15,Sat,Clear,Daylight,Highway,100,2,No,0,0,2,Fatal
5223,2023-04-09,7,Sun,Rain,Daylight,Highway,50,4,No,0,0,7,Fatal
5224,2022-05-24,11,Tue,Clear,Daylight,Highway,50,2,Yes,0,0,0,Minor
5225,2023-03-18,13,Sat,Cloudy,Daylight,Highway,70,2,No,0,0,0,Serious
5226,2023-05-02,12,Tue,Cloudy,Daylight,Intersection,80,2,Yes,0,0,4,Serious
5227,2024-05-09,7,Thu,Clear,Daylight,Urban Road,80,2,Yes,0,0,3,Fatal
5228,2022-05-28,20,Sat,Clear,Dark,Highway,100,2,No,0,0,2,Fatal
5229,2024-12-30,17,Mon,Fog,Daylight,Intersection,50,2,No,0,0,2,Fatal
5230,2024-03-21,13,Thu,Cloudy,Daylight,Intersection,70,2,Yes,0,0,1,Serious
5231,2023-10-28,16,Sat,Cloudy,Daylight,Rural Road,40,3,No,0,0,0,Minor
5232,2022-03-31,19,Thu,Clear,Dusk/Dawn,Intersection,60,1,Yes,0,0,3,Serious
5233,2022-07-18,7,Mon,Clear,Daylight,Urban Road,70,1,No,0,0,1,Serious
5234,2023-06-22,8,Thu,Snow,Daylight,Urban Road,40,5,No,0,0,5,Fatal
5235,2022-10-28,14,Fri,Fog,Daylight,Urban Road,30,3,Yes,0,0,5,Serious
5236,2023-12-25,18,Mon,Clear,Daylight,Highway,40,3,No,0,0,3,Minor
5237,2024-08-20,3,Tue,Rain,Dark,Urban Road,50,2,Yes,1,0,7,Fatal
5238,2022-03-09,22,Wed,Snow,Dark,Intersection,100,2,Yes,0,0,2,Fatal
5239,2023-04-04,12,Tue,Clear,Daylight,Urban Road,60,2,Yes,0,0,0,Serious
5240,2023-02-02,10,Thu,Cloudy,Daylight,Intersection,80,1,Yes,0,0,6,Serious
5241,2023-09-12,9,Tue,Clear,Daylight,Urban Road,40,3,Yes,0,0,1,Serious
5242,2023-12-31,7,Sun,Snow,Daylight,Rural Road,40,2,No,0,0,1,Serious
5243,2023-07-10,18,Mon,Rain,Daylight,Urban Road,40,4,Yes,0,0,2,Fatal
5244,2024-02-20,21,Tue,Clear,Dark,Rural Road,50,2,Yes,0,0,2,Serious
5245,2024-06-12,12,Wed,Fog,Daylight,Urban Road,60,1,No,0,1,1,Fatal
5246,2023-09-02,21,Sat,Snow,Dark,Highway,100,2,No,0,0,4,Fatal
5247,2024-01-18,18,Thu,Cloudy,Daylight,Highway,50,1,Yes,0,0,3,Fatal
5248,2022-10-09,13,Sun,Clear,Daylight,Intersection,60,3,No,0,0,0,Minor
5249,2023-10-23,16,Mon,Fog,Daylight,Highway,30,2,No,0,0,1,Minor
5250,2024-07-12,12,Fri,Rain,Daylight,Urban Road,30,2,Yes,0,0,6,Fatal
5251,2024-09-22,14,Sun,Rain,Daylight,Urban Road,30,5,Yes,0,0,2,Serious
5252,2024-01-16,5,Tue,Cloudy,Dark,Urban Road,70,4,No,0,0,3,Serious
5253,2022-03-28,17,Mon,Clear,Daylight,Rural Road,60,4,No,0,0,1,Minor
5254,2024-03-01,5,Fri,Clear,Dark,Rural Road,40,1,No,0,1,1,Serious
5255,2022-10-31,18,Mon,Rain,Daylight,Intersection,60,3,No,0,0,4,Fatal
5256,2022-05-10,18,Tue,Clear,Daylight,Urban Road,60,4,No,0,0,1,Serious
5257,2023-08-19,8,Sat,Cloudy,Daylight,Urban Road,30,2,No,0,0,1,Minor
5258,2023-07-12,9,Wed,Rain,Daylight,Intersection,70,1,No,0,0,0,Minor
5259,2024-06-17,13,Mon,Clear,Daylight,Intersection,80,3,No,0,0,0,Serious
5260,2022-03-19,15,Sat,Cloudy,Daylight,Intersection,50,3,Yes,0,0,4,Serious
5261,2024-02-23,9,Fri,Clear,Daylight,Rural Road,70,3,No,0,0,1,Serious
5262,2023-11-05,15,Sun,Rain,Daylight,Highway,40,2,No,0,0,1,Serious
5263,2022-08-26,9,Fri,Clear,Daylight,Highway,80,1,Yes,0,0,1,Minor
5264,2022-10-05,5,Wed,Clear,Dark,Intersection,120,2,No,0,0,3,Serious
5265,2024-11-07,0,Thu,Clear,Dark,Intersection,50,2,No,0,0,1,Fatal
5266,2023-06-08,6,Thu,Fog,Daylight,Rural Road,40,2,No,0,0,2,Minor
5267,2022-06-29,18,Wed,Clear,Daylight,Highway,50,1,No,0,0,0,Minor
5268,2022-05-03,21,Tue,Clear,Dark,Urban Road,50,1,Yes,0,0,5,Serious
5269,2024-12-10,12,Tue,Clear,Daylight,Urban Road,30,2,Yes,0,0,1,Minor
5270,2024-12-30,14,Mon,Clear,Daylight,Urban Road,70,2,Yes,0,0,1,Serious
5271,2023-04-25,7,Tue,Cloudy,Daylight,Urban Road,30,2,No,0,0,0,Minor
5272,2024-11-08,14,Fri,Clear,Daylight,Intersection,40,2,No,0,0,0,Serious
5273,2022-03-25,7,Fri,Cloudy,Daylight,Highway,80,2,No,1,1,4,Fatal
5274,2023-07-19,15,Wed,Rain,Daylight,Urban Road,70,3,No,1,0,3,Fatal
5275,2023-09-11,20,Mon,Rain,Dark,Urban Road,30,1,Yes,0,0,2,Fatal
5276,2022-12-23,8,Fri,Clear,Daylight,Rural Road,70,4,Yes,0,0,0,Fatal
5277,2024-03-26,17,Tue,Cloudy,Daylight,Urban Road,120,3,No,0,0,3,Serious
5278,2023-10-09,2,Mon,Clear,Dark,Intersection,30,2,No,1,0,1,Serious
5279,2023-03-19,11,Sun,Rain,Daylight,Highway,50,4,No,0,0,2,Fatal
5280,2024-12-28,6,Sat,Cloudy,Daylight,Highway,80,2,No,0,0,0,Serious
5281,2023-06-07,10,Wed,Cloudy,Daylight,Rural Road,70,2,No,0,0,1,Minor
5282,2022-05-23,7,Mon,Rain,Daylight,Urban Road,40,1,No,0,0,1,Minor
5283,2022-07-11,11,Mon,Cloudy,Daylight,Highway,40,2,Yes,1,1,1,Fatal
5284,2023-01-13,12,Fri,Fog,Daylight,Urban Road,80,2,No,0,0,2,Serious
5285,2023-08-04,9,Fri,Clear,Daylight,Rural Road,120,2,No,1,0,0,Serious
5286,2023-06-19,16,Mon,Clear,Daylight,Highway,80,1,Yes,0,0,1,Serious
5287,2024-10-29,20,Tue,Clear,Dark,Highway,120,1,No,0,0,2,Fatal
5288,2022-04-03,11,Sun,Clear,Daylight,Intersection,70,2,Yes,0,0,1,Serious
5289,2023-06-13,8,Tue,Snow,Daylight,Urban Road,120,1,No,0,0,3,Serious
5290,2023-02-09,9,Thu,Rain,Daylight,Highway,70,3,No,0,0,2,Serious
5291,2024-04-19,19,Fri,Clear,Dusk/Dawn,Highway,120,2,No,0,1,0,Fatal
5292,2024-06-07,15,Fri,Cloudy,Daylight,Urban Road,40,2,Yes,0,0,0,Minor
5293,2023-02-26,12,Sun,Clear,Daylight,Highway,100,1,No,0,0,1,Serious
5294,2023-04-17,7,Mon,Cloudy,Daylight,Intersection,40,1,Yes,0,0,2,Fatal
5295,2024-06-11,12,Tue,Cloudy,Daylight,Rural Road,30,2,Yes,0,0,2,Minor
5296,2023-07-01,9,Sat,Cloudy,Daylight,Urban Road,60,5,Yes,0,0,3,Fatal
5297,2023-09-23,21,Sat,Cloudy,Dark,Intersection,50,2,Yes,0,0,2,Minor
5298,2024-11-03,19,Sun,Clear,Dusk/Dawn,Urban Road,30,3,No,0,0,1,Minor
5299,2024-02-17,6,Sat,Rain,Daylight,Highway,120,3,No,0,0,1,Fatal
5300,2022-12-30,14,Fri,Clear,Daylight,Rural Road,70,1,Yes,0,0,2,Minor
5301,2022-04-29,8,Fri,Clear,Daylight,Urban Road,120,4,No,0,0,0,Minor
5302,2023-06-30,12,Fri,Rain,Daylight,Urban Road,120,2,Yes,0,0,1,Fatal
5303,2023-06-06,19,Tue,Clear,Dusk/Dawn,Urban Road,50,5,Yes,0,0,3,Serious
5304,2023-09-26,14,Tue,Cloudy,Daylight,Urban Road,50,2,Yes,0,0,1,Minor
5305,2024-08-20,10,Tue,Cloudy,Daylight,Highway,40,1,No,0,0,0,Minor
5306,2024-08-15,8,Thu,Clear,Daylight,Rural Road,60,5,No,0,0,1,Serious
5307,2024-06-01,18,Sat,Rain,Daylight,Rural Road,70,1,Yes,0,0,0,Serious
5308,2024-02-19,16,Mon,Clear,Daylight,Urban Road,60,4,Yes,0,0,1,Fatal
5309,2024-05-20,13,Mon,Cloudy,Daylight,Urban Road,50,1,No,0,0,0,Serious
5310,2023-05-31,8,Wed,Fog,Daylight,Urban Road,40,2,No,0,0,2,Serious
5311,2024-07-26,10,Fri,Clear,Daylight,Highway,50,2,No,1,0,2,Fatal
5312,2024-05-15,21,Wed,Clear,Dark,Highway,30,5,No,0,0,1,Serious
5313,2022-04-16,14,Sat,Clear,Daylight,Highway,100,1,No,0,0,4,Fatal
5314,2022-08-02,11,Tue,Cloudy,Daylight,Urban Road,30,2,No,0,0,1,Minor
5315,2024-04-29,14,Mon,Clear,Daylight,Urban Road,50,2,No,0,1,2,Fatal
5316,2022-07-16,18,Sat,Clear,Daylight,Rural Road,40,5,Yes,0,0,2,Serious
5317,2022-01-19,10,Wed,Cloudy,Daylight,Urban Road,80,2,Yes,0,0,1,Fatal
5318,2023-10-04,7,Wed,Cloudy,Daylight,Intersection,50,2,No,0,0,2,Serious
5319,2024-11-01,15,Fri,Cloudy,Daylight,Intersection,40,2,No,0,0,2,Serious
5320,2022-11-26,16,Sat,Rain,Daylight,Intersection,60,2,Yes,1,0,3,Serious
5321,2024-05-15,17,Wed,Rain,Daylight,Intersection,120,3,No,0,0,1,Fatal
5322,2024-02-13,19,Tue,Rain,Dusk/Dawn,Urban Road,120,1,Yes,0,0,4,Fatal
5323,2023-01-27,11,Fri,Clear,Daylight,Urban Road,40,3,Yes,0,0,2,Minor
5324,2023-09-29,6,Fri,Rain,Daylight,Highway,80,2,Yes,0,0,2,Fatal
5325,2022-11-03,21,Thu,Clear,Dark,Rural Road,30,1,Yes,0,0,3,Serious
5326,2024-06-13,12,Thu,Clear,Daylight,Urban Road,40,2,No,0,0,2,Serious
5327,2023-10-14,16,Sat,Cloudy,Daylight,Urban Road,60,3,Yes,0,0,2,Serious
5328,2024-04-20,16,Sat,Clear,Daylight,Rural Road,40,2,No,0,0,2,Serious
5329,2024-10-22,14,Tue,Cloudy,Daylight,Urban Road,80,1,Yes,1,0,2,Fatal
5330,2023-06-04,8,Sun,Clear,Daylight,Urban Road,120,1,No,0,0,1,Fatal
5331,2023-09-28,17,Thu,Clear,Daylight,Urban Road,30,3,Yes,0,0,2,Minor
5332,2024-01-10,18,Wed,Rain,Daylight,Rural Road,40,2,Yes,0,0,1,Serious
5333,2023-04-14,14,Fri,Snow,Daylight,Intersection,50,4,No,0,0,2,Fatal
5334,2022-07-31,13,Sun,Rain,Daylight,Intersection,60,2,No,0,0,1,Minor
5335,2024-10-28,7,Mon,Cloudy,Daylight,Rural Road,120,2,No,0,0,2,Serious
5336,2024-03-14,6,Thu,Clear,Daylight,Highway,100,2,Yes,0,0,4,Fatal
5337,2023-04-22,10,Sat,Cloudy,Daylight,Intersection,70,2,No,0,0,5,Serious
5338,2024-05-23,9,Thu,Clear,Daylight,Highway,50,4,Yes,0,0,3,Serious
5339,2023-04-05,21,Wed,Cloudy,Dark,Intersection,80,2,No,0,0,2,Serious
5340,2022-09-10,18,Sat,Clear,Daylight,Highway,40,1,Yes,0,0,2,Serious
5341,2024-01-22,16,Mon,Cloudy,Daylight,Urban Road,120,2,No,0,0,3,Serious
5342,2024-09-07,14,Sat,Rain,Daylight,Rural Road,30,2,No,0,0,1,Fatal
5343,2024-05-03,7,Fri,Clear,Daylight,Urban Road,60,3,No,0,0,0,Minor
5344,2022-08-24,22,Wed,Cloudy,Dark,Urban Road,30,4,No,0,0,4,Serious
5345,2023-04-23,11,Sun,Clear,Daylight,Rural Road,50,2,No,0,0,0,Minor
5346,2023-11-10,6,Fri,Clear,Daylight,Urban Road,70,2,No,0,1,2,Minor
5347,2024-11-09,13,Sat,Cloudy,Daylight,Highway,70,2,No,0,0,0,Minor
5348,2022-08-04,19,Thu,Clear,Dusk/Dawn,Urban Road,80,4,Yes,0,0,1,Serious
5349,2024-05-04,19,Sat,Clear,Dusk/Dawn,Highway,60,5,Yes,0,0,3,Fatal
5350,2022-05-15,1,Sun,Rain,Dark,Rural Road,50,5,No,0,0,0,Serious
5351,2024-06-23,19,Sun,Cloudy,Dusk/Dawn,Highway,100,1,No,0,0,2,Fatal
5352,2023-02-14,9,Tue,Clear,Daylight,Urban Road,100,2,No,0,0,2,Minor
5353,2022-03-27,3,Sun,Rain,Dark,Urban Road,40,2,Yes,0,0,4,Fatal
5354,2023-07-10,19,Mon,Fog,Dusk/Dawn,Urban Road,100,2,No,1,0,5,Fatal
5355,2023-01-13,19,Fri,Cloudy,Dusk/Dawn,Urban Road,120,1,Yes,0,0,2,Fatal
5356,2024-12-10,15,Tue,Cloudy,Daylight,Urban Road,70,1,No,0,0,5,Serious
5357,2022-08-30,15,Tue,Snow,Daylight,Intersection,50,2,Yes,0,0,1,Fatal
5358,2024-07-08,18,Mon,Rain,Daylight,Intersection,70,2,Yes,0,0,2,Minor
5359,2022-09-23,18,Fri,Clear,Daylight,Rural Road,50,2,Yes,0,0,0,Serious
5360,2023-12-13,19,Wed,Clear,Dusk/Dawn,Urban Road,70,1,No,0,0,0,Serious
5361,2022-03-11,14,Fri,Fog,Daylight,Urban Road,60,3,No,0,0,2,Minor
5362,2022-02-26,21,Sat,Cloudy,Dark,Highway,120,2,Yes,0,0,4,Fatal
5363,2022-02-08,23,Tue,Fog,Dark,Urban Road,70,3,No,0,0,2,Fatal
5364,2024-03-11,7,Mon,Clear,Daylight,Intersection,40,2,No,0,0,3,Serious
5365,2024-11-07,19,Thu,Clear,Dusk/Dawn,Urban Road,80,3,No,0,0,2,Serious
5366,2024-01-02,13,Tue,Rain,Daylight,Urban Road,50,1,No,0,0,1,Serious
5367,2024-04-04,11,Thu,Fog,Daylight,Highway,50,1,Yes,0,0,2,Serious
5368,2024-01-26,15,Fri,Fog,Daylight,Highway,50,2,Yes,0,0,1,Fatal
5369,2022-12-18,5,Sun,Rain,Dark,Highway,30,4,Yes,0,0,2,Fatal
5370,2022-10-10,13,Mon,Clear,Daylight,Urban Road,120,1,No,0,0,5,Fatal
5371,2022-04-20,19,Wed,Cloudy,Dusk/Dawn,Urban Road,60,1,No,0,1,2,Fatal
5372,2024-10-13,8,Sun,Fog,Daylight,Urban Road,80,4,Yes,0,0,3,Fatal
5373,2023-06-28,12,Wed,Clear,Daylight,Urban Road,50,1,No,0,0,4,Fatal
5374,2022-01-25,21,Tue,Clear,Dark,Rural Road,80,2,No,0,0,1,Fatal
5375,2024-04-22,12,Mon,Cloudy,Daylight,Rural Road,60,4,No,0,0,3,Fatal
5376,2024-03-01,10,Fri,Cloudy,Daylight,Rural Road,50,3,No,0,0,4,Serious
5377,2024-01-08,12,Mon,Clear,Daylight,Urban Road,120,2,No,0,0,2,Fatal
5378,2022-02-26,14,Sat,Clear,Daylight,Urban Road,60,4,No,0,0,0,Serious
5379,2022-06-29,16,Wed,Clear,Daylight,Intersection,70,2,No,0,0,3,Minor
5380,2022-08-20,18,Sat,Clear,Daylight,Highway,30,1,Yes,0,0,0,Minor
5381,2022-12-09,12,Fri,Rain,Daylight,Highway,50,3,No,0,1,5,Fatal
5382,2023-04-22,18,Sat,Rain,Daylight,Urban Road,100,2,Yes,0,0,1,Fatal
5383,2023-07-30,14,Sun,Rain,Daylight,Urban Road,80,2,No,0,0,1,Serious
5384,2023-03-31,10,Fri,Fog,Daylight,Highway,60,5,No,0,0,4,Fatal
5385,2022-10-16,16,Sun,Clear,Daylight,Rural Road,120,1,Yes,0,0,1,Serious
5386,2022-09-15,17,Thu,Clear,Daylight,Urban Road,60,2,Yes,0,0,6,Serious
5387,2023-06-14,14,Wed,Clear,Daylight,Urban Road,60,2,Yes,0,0,5,Serious
5388,2023-11-18,5,Sat,Clear,Dark,Urban Road,50,2,Yes,0,0,1,Serious
5389,2024-07-17,7,Wed,Clear,Daylight,Urban Road,70,2,No,0,0,1,Serious
5390,2022-08-17,9,Wed,Rain,Daylight,Highway,50,2,No,0,0,4,Serious
5391,2023-08-19,9,Sat,Cloudy,Daylight,Highway,50,3,Yes,0,0,2,Serious
5392,2023-03-11,16,Sat,Snow,Daylight,Highway,120,3,Yes,0,0,3,Fatal
5393,2024-05-31,1,Fri,Cloudy,Dark,Rural Road,40,2,No,0,0,2,Minor
5394,2024-10-17,17,Thu,Rain,Daylight,Urban Road,40,2,Yes,0,0,1,Fatal
5395,2023-02-06,9,Mon,Fog,Daylight,Urban Road,30,2,Yes,0,0,2,Fatal
5396,2023-09-14,9,Thu,Clear,Daylight,Urban Road,50,2,No,0,0,1,Minor
5397,2022-03-29,14,Tue,Cloudy,Daylight,Urban Road,50,2,No,0,0,1,Serious
5398,2023-08-07,8,Mon,Clear,Daylight,Urban Road,30,2,No,0,0,1,Minor
5399,2022-11-05,19,Sat,Clear,Dusk/Dawn,Highway,60,2,Yes,0,0,5,Serious
5400,2024-06-24,6,Mon,Clear,Daylight,Intersection,60,2,Yes,0,0,2,Minor
5401,2022-12-09,12,Fri,Cloudy,Daylight,Urban Road,80,4,No,0,0,1,Minor
5402,2023-03-12,19,Sun,Cloudy,Dusk/Dawn,Rural Road,120,2,Yes,1,0,3,Fatal
5403,2022-06-26,15,Sun,Snow,Daylight,Urban Road,70,2,No,0,0,1,Fatal
5404,2022-05-19,9,Thu,Rain,Daylight,Rural Road,40,2,No,0,1,2,Serious
5405,2022-07-13,12,Wed,Rain,Daylight,Urban Road,30,2,Yes,0,0,1,Serious
5406,2024-07-31,17,Wed,Cloudy,Daylight,Highway,80,1,Yes,0,0,1,Serious
5407,2023-06-09,22,Fri,Fog,Dark,Intersection,70,2,No,0,0,2,Fatal
5408,2024-12-01,19,Sun,Cloudy,Dusk/Dawn,Urban Road,40,2,No,0,0,0,Minor
5409,2024-07-03,10,Wed,Clear,Daylight,Highway,50,3,No,0,0,4,Fatal
5410,2022-07-29,23,Fri,Clear,Dark,Highway,80,3,No,0,0,3,Fatal
5411,2024-01-11,0,Thu,Cloudy,Dark,Rural Road,60,2,No,0,0,2,Serious
5412,2024-05-11,2,Sat,Clear,Dark,Rural Road,60,1,Yes,0,0,3,Serious
5413,2024-08-11,18,Sun,Cloudy,Daylight,Rural Road,40,1,No,0,0,1,Minor
5414,2024-04-12,8,Fri,Rain,Daylight,Intersection,70,1,No,0,0,2,Serious
5415,2022-05-20,5,Fri,Cloudy,Dark,Urban Road,80,1,Yes,0,0,1,Serious
5416,2024-03-02,8,Sat,Clear,Daylight,Urban Road,100,1,Yes,0,0,0,Fatal
5417,2023-06-30,12,Fri,Fog,Daylight,Urban Road,80,2,No,0,0,3,Minor
5418,2024-10-13,17,Sun,Clear,Daylight,Intersection,60,2,No,0,0,1,Serious
5419,2022-02-26,16,Sat,Rain,Daylight,Urban Road,70,2,No,0,0,5,Fatal
5420,2022-04-22,8,Fri,Rain,Daylight,Intersection,60,2,No,0,0,1,Minor
5421,2022-01-05,13,Wed,Cloudy,Daylight,Highway,40,3,No,0,0,1,Serious
5422,2024-11-02,20,Sat,Fog,Dark,Rural Road,100,4,No,0,0,4,Fatal
5423,2022-03-31,18,Thu,Clear,Daylight,Urban Road,60,2,No,0,0,0,Minor
5424,2023-09-08,9,Fri,Cloudy,Daylight,Intersection,60,1,Yes,0,0,1,Serious
5425,2024-06-09,22,Sun,Clear,Dark,Highway,120,1,Yes,0,0,2,Serious
5426,2023-11-29,17,Wed,Clear,Daylight,Highway,120,1,No,0,0,3,Fatal
5427,2024-06-16,5,Sun,Clear,Dark,Highway,60,2,No,1,0,3,Fatal
5428,2024-08-28,3,Wed,Cloudy,Dark,Urban Road,30,2,No,0,0,6,Fatal
5429,2023-10-30,7,Mon,Clear,Daylight,Urban Road,50,2,No,0,0,1,Minor
5430,2023-08-17,17,Thu,Clear,Daylight,Intersection,120,1,No,0,0,4,Serious
5431,2023-08-12,8,Sat,Cloudy,Daylight,Urban Road,50,3,Yes,0,1,2,Serious
5432,2023-04-30,14,Sun,Cloudy,Daylight,Highway,120,1,No,0,0,2,Serious
5433,2024-09-08,6,Sun,Clear,Daylight,Highway,30,1,Yes,0,0,2,Serious
5434,2024-08-29,20,Thu,Snow,Dark,Highway,60,2,No,0,0,1,Fatal
5435,2023-10-01,10,Sun,Cloudy,Daylight,Rural Road,60,1,Yes,0,0,0,Fatal
5436,2024-09-23,20,Mon,Clear,Dark,Intersection,50,2,Yes,0,0,3,Fatal
5437,2022-10-09,21,Sun,Cloudy,Dark,Intersection,120,5,No,0,0,2,Fatal
5438,2024-09-12,0,Thu,Rain,Dark,Urban Road,70,3,Yes,0,0,1,Fatal
5439,2022-01-16,13,Sun,Rain,Daylight,Highway,40,1,No,0,0,0,Minor
5440,2024-07-24,2,Wed,Clear,Dark,Highway,50,2,No,0,0,0,Minor
5441,2022-09-11,20,Sun,Fog,Dark,Urban Road,80,2,No,0,0,0,Fatal
5442,2022-11-25,14,Fri,Clear,Daylight,Intersection,50,5,Yes,0,0,1,Fatal
5443,2023-06-28,6,Wed,Snow,Daylight,Highway,100,5,Yes,0,0,0,Fatal
5444,2024-02-22,6,Thu,Clear,Daylight,Highway,40,1,No,0,0,0,Serious
5445,2024-09-23,11,Mon,Clear,Daylight,Rural Road,50,4,Yes,0,0,0,Serious
5446,2024-04-24,21,Wed,Clear,Dark,Rural Road,40,1,No,0,0,0,Minor
5447,2023-01-01,16,Sun,Cloudy,Daylight,Highway,40,2,Yes,0,0,2,Serious
5448,2023-10-17,19,Tue,Clear,Dusk/Dawn,Intersection,50,2,No,0,0,0,Serious
5449,2024-01-30,10,Tue,Clear,Daylight,Highway,120,2,Yes,0,0,0,Fatal
5450,2023-10-01,4,Sun,Clear,Dark,Intersection,30,3,No,0,1,4,Fatal
5451,2024-11-29,22,Fri,Snow,Dark,Highway,40,2,No,0,0,0,Fatal
5452,2024-07-12,1,Fri,Clear,Dark,Highway,50,3,No,0,0,1,Serious
5453,2023-02-20,21,Mon,Snow,Dark,Urban Road,70,5,No,0,0,3,Fatal
5454,2022-09-12,11,Mon,Clear,Daylight,Highway,80,3,Yes,0,0,3,Serious
5455,2023-12-11,0,Mon,Clear,Dark,Urban Road,80,2,No,0,0,1,Serious
5456,2023-07-31,16,Mon,Rain,Daylight,Rural Road,30,3,No,0,0,1,Serious
5457,2024-06-18,22,Tue,Cloudy,Dark,Urban Road,70,2,Yes,0,0,1,Serious
5458,2022-01-11,21,Tue,Clear,Dark,Rural Road,70,3,Yes,0,0,0,Serious
5459,2022-01-26,7,Wed,Clear,Daylight,Urban Road,60,1,Yes,0,0,1,Fatal
5460,2024-08-14,7,Wed,Clear,Daylight,Highway,50,2,Yes,0,0,1,Minor
5461,2023-02-25,15,Sat,Rain,Daylight,Intersection,80,3,No,0,0,4,Fatal
5462,2023-05-11,16,Thu,Clear,Daylight,Intersection,50,3,Yes,0,0,6,Serious
5463,2022-08-25,17,Thu,Cloudy,Daylight,Highway,40,5,Yes,0,0,3,Minor
5464,2024-10-05,7,Sat,Clear,Daylight,Urban Road,50,1,No,0,0,2,Minor
5465,2022-08-07,21,Sun,Clear,Dark,Urban Road,50,2,No,0,0,0,Minor
5466,2023-04-06,16,Thu,Clear,Daylight,Highway,40,2,Yes,0,0,4,Serious
5467,2023-10-25,19,Wed,Rain,Dusk/Dawn,Urban Road,70,2,Yes,0,0,3,Fatal
5468,2023-09-27,14,Wed,Fog,Daylight,Urban Road,100,2,Yes,0,0,3,Fatal
5469,2024-09-16,12,Mon,Clear,Daylight,Highway,60,1,No,1,0,1,Fatal
5470,2022-07-08,22,Fri,Cloudy,Dark,Highway,50,3,Yes,0,0,2,Fatal
5471,2022-09-12,15,Mon,Clear,Daylight,Rural Road,80,4,No,0,0,2,Fatal
5472,2022-03-09,19,Wed,Fog,Dusk/Dawn,Urban Road,80,1,No,0,0,1,Fatal
5473,2023-09-08,21,Fri,Rain,Dark,Highway,50,1,No,0,0,3,Fatal
5474,2022-12-02,16,Fri,Clear,Daylight,Rural Road,70,1,No,0,1,4,Fatal
5475,2023-11-02,14,Thu,Cloudy,Daylight,Rural Road,80,2,No,0,0,1,Serious
5476,2024-03-31,0,Sun,Cloudy,Dark,Highway,40,3,No,0,0,4,Fatal
5477,2024-05-23,3,Thu,Clear,Dark,Intersection,50,1,Yes,1,0,5,Fatal
5478,2022-10-27,8,Thu,Rain,Daylight,Rural Road,40,2,No,0,0,3,Serious
5479,2022-12-23,8,Fri,Clear,Daylight,Urban Road,120,1,Yes,0,0,2,Serious
5480,2022-09-13,8,Tue,Fog,Daylight,Urban Road,30,5,No,0,0,3,Minor
5481,2024-10-04,9,Fri,Clear,Daylight,Rural Road,40,4,No,0,0,0,Serious
5482,2022-12-19,10,Mon,Cloudy,Daylight,Highway,60,4,No,0,0,0,Minor
5483,2023-06-08,12,Thu,Clear,Daylight,Urban Road,100,1,No,0,0,3,Fatal
5484,2024-08-07,6,Wed,Clear,Daylight,Rural Road,50,2,No,0,0,2,Minor
5485,2024-01-26,4,Fri,Clear,Dark,Urban Road,80,1,Yes,0,1,3,Fatal
5486,2022-10-11,16,Tue,Clear,Daylight,Urban Road,70,2,No,0,0,0,Minor
5487,2022-04-09,14,Sat,Rain,Daylight,Urban Road,70,1,No,0,0,1,Serious
5488,2022-07-16,12,Sat,Clear,Daylight,Highway,100,3,No,0,0,1,Fatal
5489,2023-04-27,16,Thu,Snow,Daylight,Urban Road,30,2,Yes,0,0,0,Serious
5490,2024-05-27,18,Mon,Clear,Daylight,Urban Road,120,2,No,0,0,0,Minor
5491,2023-09-07,12,Thu,Fog,Daylight,Rural Road,100,3,Yes,0,0,2,Fatal
5492,2023-09-10,16,Sun,Rain,Daylight,Rural Road,120,2,No,0,0,0,Serious
5493,2023-01-03,21,Tue,Cloudy,Dark,Urban Road,80,2,Yes,0,0,0,Fatal
5494,2023-07-24,18,Mon,Cloudy,Daylight,Intersection,100,2,No,0,0,3,Serious
5495,2023-08-13,12,Sun,Cloudy,Daylight,Highway,40,4,Yes,0,0,1,Fatal
5496,2024-12-01,16,Sun,Snow,Daylight,Highway,50,2,No,0,0,2,Minor
5497,2023-02-26,7,Sun,Clear,Daylight,Urban Road,50,2,No,0,0,0,Minor
5498,2024-04-15,14,Mon,Snow,Daylight,Highway,40,4,No,0,0,3,Fatal
5499,2023-06-29,22,Thu,Cloudy,Dark,Urban Road,80,2,No,0,0,1,Fatal
5500,2022-03-12,14,Sat,Clear,Daylight,Highway,40,5,No,0,0,1,Fatal
5501,2024-02-07,20,Wed,Rain,Dark,Highway,30,1,Yes,0,0,2,Serious
5502,2022-11-03,11,Thu,Clear,Daylight,Highway,80,2,Yes,0,0,3,Fatal
5503,2023-01-12,23,Thu,Rain,Dark,Rural Road,120,1,No,0,0,2,Fatal
5504,2023-10-17,15,Tue,Clear,Daylight,Intersection,80,2,No,0,0,2,Serious
5505,2023-11-09,4,Thu,Rain,Dark,Rural Road,100,1,Yes,0,0,4,Serious
5506,2023-02-03,15,Fri,Rain,Daylight,Highway,60,1,Yes,0,0,0,Fatal
5507,2022-08-09,9,Tue,Cloudy,Daylight,Urban Road,100,1,No,0,0,3,Minor
5508,2022-07-01,3,Fri,Rain,Dark,Highway,60,2,No,0,0,2,Serious
5509,2022-11-03,18,Thu,Cloudy,Daylight,Urban Road,120,1,No,0,0,1,Serious
5510,2023-06-06,9,Tue,Clear,Daylight,Intersection,40,3,Yes,0,0,0,Minor
5511,2024-10-10,18,Thu,Clear,Daylight,Urban Road,100,1,No,0,0,2,Serious
5512,2022-01-04,9,Tue,Clear,Daylight,Highway,70,2,No,0,0,1,Minor
5513,2024-05-12,8,Sun,Clear,Daylight,Urban Road,60,1,Yes,0,0,2,Minor
5514,2024-04-27,22,Sat,Clear,Dark,Highway,80,1,No,0,0,1,Serious
5515,2024-03-14,10,Thu,Rain,Daylight,Urban Road,100,4,No,0,0,2,Fatal
5516,2022-08-03,15,Wed,Rain,Daylight,Urban Road,100,3,No,0,0,3,Fatal
5517,2024-08-29,15,Thu,Rain,Daylight,Urban Road,40,3,No,0,0,3,Fatal
5518,2022-04-11,14,Mon,Clear,Daylight,Intersection,40,2,No,0,0,2,Minor
5519,2024-08-20,20,Tue,Clear,Dark,Urban Road,30,1,Yes,1,0,1,Fatal
5520,2023-07-27,16,Thu,Rain,Daylight,Intersection,40,1,Yes,0,0,2,Serious
5521,2023-10-20,11,Fri,Clear,Daylight,Rural Road,50,2,Yes,0,0,2,Serious
5522,2024-07-27,19,Sat,Clear,Dusk/Dawn,Rural Road,80,3,No,0,1,2,Fatal
5523,2024-12-22,7,Sun,Clear,Daylight,Urban Road,60,4,Yes,0,0,1,Serious
5524,2022-08-14,14,Sun,Clear,Daylight,Highway,80,2,No,0,0,2,Serious
5525,2022-04-15,21,Fri,Clear,Dark,Urban Road,60,2,No,0,0,3,Fatal
5526,2024-02-11,16,Sun,Clear,Daylight,Urban Road,60,1,No,0,0,1,Minor
5527,2023-03-05,18,Sun,Clear,Daylight,Highway,40,3,No,1,0,2,Fatal
5528,2023-03-10,16,Fri,Rain,Daylight,Urban Road,80,2,Yes,0,0,2,Fatal
5529,2024-11-17,18,Sun,Clear,Daylight,Rural Road,80,2,Yes,0,0,2,Serious
5530,2023-11-13,21,Mon,Clear,Dark,Intersection,50,4,No,0,0,1,Minor
5531,2023-08-11,9,Fri,Cloudy,Daylight,Urban Road,50,3,No,0,0,1,Serious
5532,2024-12-28,7,Sat,Snow,Daylight,Urban Road,40,1,Yes,0,0,1,Fatal
5533,2024-05-15,13,Wed,Clear,Daylight,Intersection,100,1,Yes,0,0,1,Minor
5534,2024-01-16,17,Tue,Cloudy,Daylight,Urban Road,80,3,No,0,0,2,Serious
5535,2024-05-13,8,Mon,Clear,Daylight,Highway,70,2,No,0,1,1,Serious
5536,2023-01-03,0,Tue,Clear,Dark,Highway,40,3,Yes,0,0,2,Fatal
5537,2022-09-08,10,Thu,Cloudy,Daylight,Intersection,40,1,No,0,0,0,Minor
5538,2024-05-08,21,Wed,Cloudy,Dark,Highway,30,3,No,0,0,0,Fatal
5539,2024-05-05,17,Sun,Clear,Daylight,Urban Road,30,3,No,0,0,2,Serious
5540,2023-07-15,11,Sat,Rain,Daylight,Urban Road,40,4,Yes,1,0,3,Fatal
5541,2022-10-21,8,Fri,Rain,Daylight,Intersection,40,2,No,0,0,1,Serious
5542,2024-07-07,10,Sun,Clear,Daylight,Intersection,60,2,Yes,0,0,2,Serious
5543,2023-03-09,7,Thu,Clear,Daylight,Urban Road,50,1,No,0,0,1,Minor
5544,2022-02-28,6,Mon,Clear,Daylight,Intersection,50,4,Yes,0,0,2,Minor
5545,2024-08-26,20,Mon,Cloudy,Dark,Highway,60,1,Yes,0,0,2,Fatal
5546,2024-04-15,23,Mon,Clear,Dark,Highway,70,1,Yes,0,1,3,Fatal
5547,2022-07-18,7,Mon,Snow,Daylight,Intersection,70,1,Yes,0,0,3,Fatal
5548,2022-08-03,5,Wed,Clear,Dark,Urban Road,50,3,No,0,0,2,Serious
5549,2024-06-16,10,Sun,Clear,Daylight,Highway,100,4,Yes,0,0,3,Fatal
5550,2023-04-17,13,Mon,Rain,Daylight,Urban Road,120,3,No,0,0,4,Fatal
5551,2022-09-04,8,Sun,Fog,Daylight,Rural Road,50,2,No,0,0,5,Serious
5552,2023-01-17,9,Tue,Clear,Daylight,Intersection,30,5,No,0,0,1,Serious
5553,2024-09-17,8,Tue,Clear,Daylight,Intersection,100,1,No,0,0,2,Serious
5554,2024-07-15,17,Mon,Rain,Daylight,Urban Road,120,3,No,0,0,4,Fatal
5555,2023-07-14,17,Fri,Clear,Daylight,Intersection,30,2,No,0,0,1,Serious
5556,2024-12-10,16,Tue,Clear,Daylight,Urban Road,30,2,No,0,0,1,Minor
5557,2023-11-20,11,Mon,Rain,Daylight,Urban Road,100,1,No,0,0,1,Serious
5558,2023-01-15,20,Sun,Rain,Dark,Rural Road,50,1,No,0,0,1,Serious
5559,2023-04-19,22,Wed,Clear,Dark,Urban Road,120,2,No,0,0,1,Serious
5560,2023-11-28,7,Tue,Rain,Daylight,Highway,40,1,No,0,0,0,Serious
5561,2024-06-29,8,Sat,Cloudy,Daylight,Urban Road,100,2,Yes,0,0,4,Fatal
5562,2024-08-17,14,Sat,Clear,Daylight,Urban Road,30,1,Yes,0,0,1,Serious
5563,2023-04-23,6,Sun,Rain,Daylight,Highway,50,1,Yes,0,0,3,Fatal
5564,2024-09-30,12,Mon,Clear,Daylight,Highway,120,3,Yes,0,0,5,Fatal
5565,2024-07-14,15,Sun,Clear,Daylight,Highway,40,4,No,0,1,6,Serious
5566,2023-12-08,14,Fri,Clear,Daylight,Highway,40,5,Yes,0,0,2,Fatal
5567,2024-05-03,10,Fri,Clear,Daylight,Rural Road,100,2,No,0,0,2,Minor
5568,2024-10-13,14,Sun,Cloudy,Daylight,Highway,40,3,No,0,0,1,Minor
5569,2024-01-24,21,Wed,Clear,Dark,Highway,30,3,No,1,0,0,Fatal
5570,2023-05-18,8,Thu,Rain,Daylight,Rural Road,50,2,Yes,0,0,2,Serious
5571,2024-03-27,16,Wed,Clear,Daylight,Intersection,70,2,Yes,0,0,2,Serious
5572,2023-08-11,4,Fri,Clear,Dark,Highway,80,1,No,0,0,1,Fatal
5573,2023-12-09,5,Sat,Rain,Dark,Highway,100,1,No,0,0,2,Fatal
5574,2024-12-03,14,Tue,Snow,Daylight,Intersection,60,3,No,0,0,2,Fatal
5575,2022-07-26,6,Tue,Cloudy,Daylight,Urban Road,50,2,Yes,0,0,0,Minor
5576,2022-05-31,2,Tue,Cloudy,Dark,Intersection,50,2,Yes,0,0,3,Serious
5577,2023-10-30,7,Mon,Clear,Daylight,Highway,100,1,No,0,0,2,Fatal
5578,2023-06-12,15,Mon,Snow,Daylight,Highway,80,2,Yes,0,0,4,Fatal
5579,2022-06-14,17,Tue,Clear,Daylight,Highway,120,3,Yes,0,0,5,Serious
5580,2024-07-05,8,Fri,Fog,Daylight,Highway,120,2,Yes,0,0,3,Fatal
5581,2024-10-06,16,Sun,Cloudy,Daylight,Intersection,50,2,No,0,0,1,Fatal
5582,2022-02-06,7,Sun,Clear,Daylight,Intersection,60,2,No,0,0,2,Serious
5583,2022-11-29,15,Tue,Clear,Daylight,Intersection,70,2,No,0,0,2,Fatal
5584,2023-02-07,12,Tue,Rain,Daylight,Intersection,40,5,Yes,0,0,4,Fatal
5585,2023-02-18,16,Sat,Fog,Daylight,Intersection,30,4,No,0,0,0,Serious
5586,2022-02-14,23,Mon,Clear,Dark,Rural Road,100,1,Yes,0,0,1,Fatal
5587,2022-07-25,20,Mon,Cloudy,Dark,Intersection,60,2,Yes,0,0,2,Serious
5588,2022-03-03,0,Thu,Rain,Dark,Highway,60,2,No,0,0,3,Fatal
5589,2023-02-24,19,Fri,Clear,Dusk/Dawn,Urban Road,60,2,No,0,0,3,Fatal
5590,2024-05-17,5,Fri,Clear,Dark,Urban Road,80,2,No,0,0,1,Serious
5591,2024-03-30,21,Sat,Snow,Dark,Intersection,40,1,No,0,0,1,Fatal
5592,2022-01-19,9,Wed,Clear,Daylight,Rural Road,70,3,Yes,1,0,2,Fatal
5593,2022-12-31,11,Sat,Clear,Daylight,Intersection,60,2,Yes,0,0,1,Serious
5594,2024-10-27,6,Sun,Rain,Daylight,Urban Road,100,5,No,0,0,0,Minor
5595,2023-03-04,7,Sat,Rain,Daylight,Rural Road,60,1,No,0,0,0,Fatal
5596,2023-08-03,17,Thu,Fog,Daylight,Intersection,120,1,No,0,0,1,Serious
5597,2023-06-30,21,Fri,Clear,Dark,Highway,50,2,No,0,0,1,Serious
5598,2022-11-21,15,Mon,Snow,Daylight,Intersection,120,2,No,0,0,2,Fatal
5599,2022-02-24,17,Thu,Cloudy,Daylight,Urban Road,100,2,Yes,0,0,6,Serious
5600,2024-02-17,17,Sat,Clear,Daylight,Urban Road,60,5,Yes,0,0,2,Serious
5601,2024-09-18,8,Wed,Fog,Daylight,Intersection,50,2,No,0,0,1,Fatal
5602,2022-02-11,4,Fri,Cloudy,Dark,Urban Road,50,2,No,0,0,3,Fatal
5603,2022-08-19,0,Fri,Fog,Dark,Urban Road,80,4,No,1,0,4,Fatal
5604,2023-03-29,10,Wed,Fog,Daylight,Urban Road,60,2,No,0,1,6,Fatal
5605,2023-01-29,8,Sun,Clear,Daylight,Highway,50,2,No,1,0,2,Serious
5606,2023-11-22,5,Wed,Rain,Dark,Urban Road,70,3,No,0,0,4,Serious
5607,2023-01-27,7,Fri,Rain,Daylight,Highway,80,2,No,0,0,0,Fatal
5608,2023-08-27,7,Sun,Fog,Daylight,Intersection,30,2,No,0,0,0,Minor
5609,2024-05-30,20,Thu,Cloudy,Dark,Highway,30,2,Yes,0,0,0,Serious
5610,2022-03-26,7,Sat,Clear,Daylight,Urban Road,30,2,No,0,0,4,Fatal
5611,2024-11-19,14,Tue,Clear,Daylight,Intersection,40,1,No,0,0,1,Minor
5612,2022-02-18,15,Fri,Clear,Daylight,Intersection,50,4,No,0,0,0,Serious
5613,2022-03-10,14,Thu,Fog,Daylight,Rural Road,100,1,No,0,0,3,Fatal
5614,2024-12-17,6,Tue,Clear,Daylight,Urban Road,50,1,Yes,1,0,2,Serious
5615,2023-11-28,9,Tue,Rain,Daylight,Highway,30,2,No,0,0,0,Minor
5616,2023-04-24,5,Mon,Clear,Dark,Urban Road,60,3,No,0,0,1,Serious
5617,2024-03-30,11,Sat,Clear,Daylight,Highway,120,3,Yes,0,0,2,Fatal
5618,2022-05-27,8,Fri,Clear,Daylight,Rural Road,50,2,No,0,0,1,Serious
5619,2024-10-12,15,Sat,Cloudy,Daylight,Urban Road,120,3,No,0,1,4,Fatal
5620,2023-09-01,16,Fri,Rain,Daylight,Rural Road,40,2,No,0,0,3,Serious
5621,2023-03-22,14,Wed,Cloudy,Daylight,Urban Road,40,2,No,0,0,3,Serious
5622,2022-08-09,12,Tue,Rain,Daylight,Urban Road,80,3,Yes,0,0,1,Minor
5623,2022-04-05,11,Tue,Clear,Daylight,Urban Road,60,1,No,0,0,1,Serious
5624,2022-09-19,18,Mon,Clear,Daylight,Intersection,80,3,No,0,0,5,Fatal
5625,2024-06-15,8,Sat,Cloudy,Daylight,Highway,100,2,No,0,1,2,Serious
5626,2024-12-30,17,Mon,Fog,Daylight,Urban Road,50,4,No,0,0,3,Fatal
5627,2022-08-07,17,Sun,Clear,Daylight,Highway,70,1,No,0,0,1,Serious
5628,2022-04-02,12,Sat,Fog,Daylight,Highway,70,4,Yes,0,0,5,Fatal
5629,2022-05-07,9,Sat,Clear,Daylight,Urban Road,100,2,No,0,0,1,Serious
5630,2022-03-21,13,Mon,Clear,Daylight,Highway,50,2,No,0,0,2,Serious
5631,2024-09-09,6,Mon,Clear,Daylight,Highway,30,2,No,0,0,0,Minor
5632,2024-07-04,4,Thu,Cloudy,Dark,Intersection,60,4,Yes,0,0,5,Fatal
5633,2023-05-01,6,Mon,Clear,Daylight,Urban Road,120,2,No,0,1,2,Fatal
5634,2023-11-25,8,Sat,Clear,Daylight,Highway,30,2,Yes,0,0,1,Minor
5635,2022-01-25,13,Tue,Clear,Daylight,Highway,40,3,No,0,0,7,Fatal
5636,2022-06-05,19,Sun,Clear,Dusk/Dawn,Highway,50,2,No,0,0,0,Serious
5637,2023-09-24,8,Sun,Rain,Daylight,Urban Road,80,2,Yes,0,0,3,Fatal
5638,2024-12-16,20,Mon,Clear,Dark,Rural Road,50,3,No,0,0,0,Serious
5639,2022-01-19,21,Wed,Clear,Dark,Urban Road,40,1,No,0,0,0,Minor
5640,2022-08-25,21,Thu,Cloudy,Dark,Highway,70,3,No,0,0,1,Serious
5641,2022-10-04,18,Tue,Clear,Daylight,Urban Road,30,2,No,0,0,1,Serious
5642,2024-01-15,10,Mon,Clear,Daylight,Urban Road,40,2,No,0,0,0,Minor
5643,2023-07-06,6,Thu,Clear,Daylight,Urban Road,50,1,Yes,0,0,1,Serious
5644,2023-10-01,15,Sun,Rain,Daylight,Intersection,50,3,Yes,0,0,0,Serious
5645,2022-08-25,14,Thu,Cloudy,Daylight,Urban Road,50,3,No,0,1,0,Serious
5646,2024-09-24,19,Tue,Clear,Dusk/Dawn,Highway,40,2,No,0,0,1,Serious
5647,2022-02-24,23,Thu,Cloudy,Dark,Intersection,50,2,Yes,0,0,2,Minor
5648,2023-11-15,13,Wed,Snow,Daylight,Highway,80,1,Yes,0,0,2,Fatal
5649,2022-04-19,10,Tue,Fog,Daylight,Highway,50,3,No,0,0,2,Fatal
5650,2023-01-08,8,Sun,Clear,Daylight,Rural Road,60,2,No,0,0,1,Minor
5651,2024-08-30,0,Fri,Clear,Dark,Rural Road,40,1,Yes,0,0,3,Fatal
5652,2022-07-20,13,Wed,Rain,Daylight,Intersection,30,3,No,0,1,4,Fatal
5653,2024-04-28,14,Sun,Cloudy,Daylight,Highway,100,4,Yes,0,0,2,Serious
5654,2023-05-24,18,Wed,Rain,Daylight,Urban Road,50,1,Yes,0,1,1,Serious
5655,2022-10-02,13,Sun,Clear,Daylight,Highway,50,3,Yes,0,0,1,Serious
5656,2022-07-30,20,Sat,Clear,Dark,Urban Road,100,3,No,0,0,2,Fatal
5657,2023-05-19,16,Fri,Fog,Daylight,Highway,80,5,No,0,0,3,Fatal
5658,2023-12-04,18,Mon,Fog,Daylight,Rural Road,80,1,Yes,0,0,2,Fatal
5659,2022-02-11,7,Fri,Clear,Daylight,Highway,70,2,Yes,0,0,1,Fatal
5660,2022-11-11,19,Fri,Clear,Dusk/Dawn,Highway,40,5,No,0,0,1,Serious
5661,2024-02-27,16,Tue,Clear,Daylight,Urban Road,120,1,No,0,0,0,Fatal
5662,2022-11-25,7,Fri,Rain,Daylight,Intersection,120,2,No,0,0,2,Fatal
5663,2024-11-06,8,Wed,Fog,Daylight,Intersection,40,2,No,0,0,1,Serious
5664,2022-10-10,20,Mon,Cloudy,Dark,Intersection,100,2,Yes,0,0,3,Fatal
5665,2024-07-31,3,Wed,Rain,Dark,Urban Road,50,2,No,1,0,4,Fatal
5666,2022-09-15,13,Thu,Clear,Daylight,Highway,70,4,Yes,0,0,2,Serious
5667,2023-07-29,9,Sat,Fog,Daylight,Urban Road,40,2,No,1,1,2,Fatal
5668,2023-07-28,16,Fri,Cloudy,Daylight,Rural Road,60,2,Yes,0,0,1,Fatal
5669,2023-09-04,18,Mon,Cloudy,Daylight,Highway,40,2,Yes,1,0,1,Fatal
5670,2024-11-08,10,Fri,Cloudy,Daylight,Highway,60,2,No,0,0,1,Minor
5671,2024-04-16,12,Tue,Clear,Daylight,Highway,40,1,Yes,0,0,3,Fatal
5672,2023-02-27,22,Mon,Snow,Dark,Urban Road,60,4,Yes,0,0,1,Serious
5673,2024-01-28,18,Sun,Cloudy,Daylight,Highway,70,2,No,0,0,1,Minor
5674,2024-02-02,19,Fri,Rain,Dusk/Dawn,Highway,100,2,No,0,0,0,Fatal
5675,2023-02-28,12,Tue,Clear,Daylight,Urban Road,40,3,No,0,0,1,Minor
5676,2023-03-05,8,Sun,Cloudy,Daylight,Urban Road,100,1,No,0,0,1,Serious
5677,2022-07-23,12,Sat,Clear,Daylight,Urban Road,50,3,No,1,0,1,Serious
5678,2022-07-15,17,Fri,Clear,Daylight,Rural Road,100,1,No,0,0,1,Serious
5679,2023-12-29,6,Fri,Clear,Daylight,Highway,60,3,Yes,0,0,2,Fatal
5680,2022-10-12,9,Wed,Rain,Daylight,Rural Road,100,1,Yes,0,0,3,Serious
5681,2022-07-15,4,Fri,Clear,Dark,Highway,70,3,No,0,1,3,Fatal
5682,2022-11-03,12,Thu,Clear,Daylight,Urban Road,60,2,Yes,0,0,3,Minor
5683,2022-01-14,18,Fri,Fog,Daylight,Urban Road,50,2,Yes,0,0,3,Fatal
5684,2024-12-16,2,Mon,Snow,Dark,Intersection,120,2,No,1,0,4,Fatal
5685,2023-12-24,16,Sun,Fog,Daylight,Urban Road,100,1,No,0,0,3,Serious
5686,2024-02-19,20,Mon,Clear,Dark,Highway,50,4,Yes,0,0,4,Fatal
5687,2023-06-13,8,Tue,Fog,Daylight,Urban Road,40,1,No,0,0,1,Serious
5688,2024-03-08,16,Fri,Clear,Daylight,Urban Road,80,2,Yes,0,1,1,Fatal
5689,2022-12-10,22,Sat,Clear,Dark,Urban Road,120,1,No,0,0,3,Serious
5690,2022-07-28,21,Thu,Clear,Dark,Highway,50,5,Yes,1,0,1,Fatal
5691,2023-10-03,8,Tue,Cloudy,Daylight,Urban Road,120,2,Yes,0,0,0,Fatal
5692,2022-09-09,6,Fri,Clear,Daylight,Highway,40,1,Yes,0,0,2,Minor
5693,2022-09-28,7,Wed,Clear,Daylight,Rural Road,120,2,No,1,0,2,Serious
5694,2024-07-08,17,Mon,Clear,Daylight,Urban Road,80,5,Yes,0,0,1,Fatal
5695,2023-02-23,17,Thu,Clear,Daylight,Highway,50,2,No,0,0,1,Minor
5696,2024-03-05,16,Tue,Cloudy,Daylight,Intersection,50,2,Yes,0,0,1,Minor
5697,2023-12-26,10,Tue,Cloudy,Daylight,Urban Road,70,2,Yes,0,0,3,Fatal
5698,2023-03-09,7,Thu,Clear,Daylight,Urban Road,60,1,No,0,0,2,Serious
5699,2022-04-19,15,Tue,Clear,Daylight,Highway,120,1,No,0,0,3,Fatal
5700,2023-10-03,13,Tue,Clear,Daylight,Urban Road,80,2,No,0,0,1,Serious
5701,2024-12-06,17,Fri,Snow,Daylight,Urban Road,60,3,No,0,0,1,Minor
5702,2023-01-14,12,Sat,Clear,Daylight,Intersection,120,3,Yes,0,0,2,Fatal
5703,2024-08-15,10,Thu,Clear,Daylight,Highway,60,3,Yes,0,0,2,Serious
5704,2022-04-13,9,Wed,Rain,Daylight,Highway,100,1,No,0,0,1,Serious
5705,2024-06-10,8,Mon,Clear,Daylight,Intersection,100,3,No,0,0,1,Fatal
5706,2024-05-03,9,Fri,Clear,Daylight,Intersection,120,2,No,1,0,5,Fatal
5707,2024-11-16,6,Sat,Clear,Daylight,Highway,30,2,No,0,0,5,Serious
5708,2023-06-14,10,Wed,Clear,Daylight,Rural Road,60,2,Yes,0,0,1,Serious
5709,2023-11-10,3,Fri,Rain,Dark,Highway,60,1,No,0,1,3,Fatal
5710,2024-09-15,8,Sun,Cloudy,Daylight,Rural Road,60,1,Yes,0,0,1,Minor
5711,2023-03-04,17,Sat,Clear,Daylight,Intersection,60,2,No,0,0,2,Minor
5712,2024-04-01,9,Mon,Clear,Daylight,Highway,100,1,Yes,0,0,3,Fatal
5713,2024-07-20,16,Sat,Cloudy,Daylight,Highway,50,2,Yes,0,0,1,Serious
5714,2024-11-27,17,Wed,Cloudy,Daylight,Highway,60,2,No,0,0,1,Minor
5715,2023-05-26,15,Fri,Clear,Daylight,Highway,40,4,Yes,0,0,2,Serious
5716,2023-01-28,21,Sat,Fog,Dark,Highway,50,4,No,0,0,3,Fatal
5717,2023-12-14,2,Thu,Clear,Dark,Intersection,70,5,No,1,0,3,Fatal
5718,2023-05-09,17,Tue,Fog,Daylight,Highway,40,4,No,0,0,1,Fatal
5719,2023-07-01,21,Sat,Cloudy,Dark,Urban Road,40,5,No,0,0,1,Serious
5720,2023-08-17,19,Thu,Rain,Dusk/Dawn,Rural Road,60,3,Yes,0,0,0,Serious
5721,2023-01-24,7,Tue,Clear,Daylight,Urban Road,30,5,Yes,1,0,0,Fatal
5722,2022-06-07,10,Tue,Clear,Daylight,Urban Road,40,2,No,0,0,2,Serious
5723,2024-10-24,7,Thu,Rain,Daylight,Highway,100,3,Yes,0,0,6,Fatal
5724,2022-06-16,15,Thu,Rain,Daylight,Urban Road,100,1,No,0,0,3,Fatal
5725,2024-08-17,17,Sat,Rain,Daylight,Highway,50,2,No,0,0,3,Serious
5726,2023-02-13,9,Mon,Clear,Daylight,Rural Road,50,4,No,0,0,1,Minor
5727,2022-07-13,14,Wed,Rain,Daylight,Highway,120,2,No,0,0,3,Fatal
5728,2022-08-23,16,Tue,Rain,Daylight,Rural Road,30,1,No,0,0,2,Serious
5729,2023-12-19,12,Tue,Clear,Daylight,Urban Road,60,2,No,0,0,2,Minor
5730,2024-03-26,19,Tue,Clear,Dusk/Dawn,Urban Road,60,3,Yes,0,0,5,Fatal
5731,2023-02-08,17,Wed,Clear,Daylight,Highway,80,3,No,0,0,3,Fatal
5732,2024-06-11,5,Tue,Fog,Dark,Highway,120,2,Yes,0,0,5,Fatal
5733,2023-11-09,15,Thu,Rain,Daylight,Intersection,50,1,No,0,0,1,Fatal
5734,2022-03-09,8,Wed,Cloudy,Daylight,Highway,50,4,Yes,0,0,3,Serious
5735,2022-03-29,14,Tue,Clear,Daylight,Highway,70,3,No,0,0,0,Serious
5736,2022-08-05,21,Fri,Cloudy,Dark,Urban Road,120,2,Yes,0,0,2,Fatal
5737,2022-01-01,19,Sat,Fog,Dusk/Dawn,Intersection,100,3,Yes,0,0,1,Fatal
5738,2022-05-20,11,Fri,Clear,Daylight,Urban Road,70,2,No,0,0,1,Serious
5739,2023-09-10,9,Sun,Clear,Daylight,Rural Road,100,2,Yes,0,0,1,Serious
5740,2022-05-13,8,Fri,Clear,Daylight,Urban Road,30,3,No,0,0,2,Serious
5741,2022-06-27,14,Mon,Cloudy,Daylight,Highway,50,3,No,0,0,2,Serious
5742,2024-03-20,7,Wed,Clear,Daylight,Urban Road,30,2,Yes,0,0,0,Minor
5743,2023-01-15,14,Sun,Clear,Daylight,Intersection,40,1,Yes,0,0,0,Minor
5744,2024-06-26,0,Wed,Clear,Dark,Intersection,70,1,No,1,0,3,Fatal
5745,2023-10-20,9,Fri,Cloudy,Daylight,Highway,100,4,No,0,0,2,Fatal
5746,2023-03-26,8,Sun,Clear,Daylight,Rural Road,70,4,Yes,0,0,1,Serious
5747,2023-08-09,22,Wed,Clear,Dark,Urban Road,70,2,Yes,0,0,3,Fatal
5748,2023-04-08,17,Sat,Clear,Daylight,Highway,40,2,Yes,0,0,5,Fatal
5749,2024-09-16,10,Mon,Clear,Daylight,Urban Road,70,2,No,0,0,2,Minor
5750,2022-05-02,6,Mon,Clear,Daylight,Highway,60,4,No,1,0,0,Serious
5751,2022-01-17,14,Mon,Rain,Daylight,Urban Road,70,2,Yes,0,1,3,Fatal
5752,2022-11-23,8,Wed,Cloudy,Daylight,Highway,50,2,Yes,0,0,1,Fatal
5753,2022-11-14,14,Mon,Cloudy,Daylight,Urban Road,60,3,No,0,0,3,Minor
5754,2024-03-19,18,Tue,Snow,Daylight,Urban Road,50,1,No,0,0,0,Fatal
5755,2023-05-18,15,Thu,Clear,Daylight,Urban Road,60,2,No,0,0,1,Serious
5756,2022-04-29,16,Fri,Snow,Daylight,Urban Road,40,2,Yes,0,0,2,Serious
5757,2023-12-11,14,Mon,Clear,Daylight,Highway,50,2,No,0,0,0,Serious
5758,2022-02-14,20,Mon,Clear,Dark,Urban Road,50,3,No,0,0,0,Serious
5759,2022-11-10,20,Thu,Cloudy,Dark,Intersection,80,2,No,0,0,1,Serious
5760,2023-02-22,14,Wed,Cloudy,Daylight,Highway,80,1,No,0,0,2,Serious
5761,2023-07-10,9,Mon,Rain,Daylight,Urban Road,120,2,No,0,0,2,Fatal
5762,2022-11-22,13,Tue,Cloudy,Daylight,Urban Road,70,1,No,0,0,0,Minor
5763,2023-05-30,8,Tue,Cloudy,Daylight,Urban Road,50,1,Yes,0,0,2,Minor
5764,2022-08-02,16,Tue,Rain,Daylight,Urban Road,80,2,No,0,0,5,Serious
5765,2022-03-15,13,Tue,Rain,Daylight,Urban Road,60,4,No,0,0,4,Fatal
5766,2023-05-24,6,Wed,Snow,Daylight,Highway,40,3,No,0,0,3,Serious
5767,2022-11-28,8,Mon,Clear,Daylight,Urban Road,80,3,Yes,0,0,2,Serious
5768,2023-11-19,13,Sun,Clear,Daylight,Urban Road,40,3,Yes,0,0,3,Fatal
5769,2023-10-19,19,Thu,Snow,Dusk/Dawn,Highway,40,4,No,0,0,2,Fatal
5770,2024-10-24,15,Thu,Clear,Daylight,Urban Road,80,3,No,0,0,0,Serious
5771,2023-08-23,16,Wed,Clear,Daylight,Rural Road,80,2,Yes,0,1,3,Fatal
5772,2024-12-11,10,Wed,Clear,Daylight,Rural Road,80,2,No,0,0,1,Serious
5773,2022-11-21,15,Mon,Clear,Daylight,Highway,50,1,No,0,0,1,Serious
5774,2024-09-18,12,Wed,Cloudy,Daylight,Intersection,100,2,Yes,0,0,1,Serious
5775,2023-12-18,16,Mon,Fog,Daylight,Urban Road,80,4,No,0,0,3,Fatal
5776,2023-12-24,4,Sun,Rain,Dark,Urban Road,100,2,No,1,0,3,Fatal
5777,2022-10-04,13,Tue,Cloudy,Daylight,Highway,80,1,Yes,0,0,0,Fatal
5778,2023-06-20,9,Tue,Cloudy,Daylight,Urban Road,60,2,Yes,0,0,2,Serious
5779,2022-06-01,9,Wed,Rain,Daylight,Intersection,40,2,Yes,0,0,1,Fatal
5780,2024-08-12,21,Mon,Cloudy,Dark,Urban Road,80,4,No,0,0,3,Serious
5781,2022-09-16,7,Fri,Clear,Daylight,Rural Road,70,1,No,0,0,0,Minor
5782,2022-11-20,9,Sun,Clear,Daylight,Urban Road,50,3,No,0,0,3,Serious
5783,2024-10-13,13,Sun,Clear,Daylight,Urban Road,80,2,No,0,0,0,Serious
5784,2024-05-18,19,Sat,Rain,Dusk/Dawn,Highway,60,5,No,0,1,2,Fatal
5785,2023-11-19,12,Sun,Rain,Daylight,Rural Road,60,2,Yes,0,0,2,Serious
5786,2022-11-06,17,Sun,Rain,Daylight,Urban Road,50,3,Yes,0,0,3,Fatal
5787,2024-03-13,19,Wed,Fog,Dusk/Dawn,Highway,40,1,Yes,0,0,3,Fatal
5788,2024-12-15,9,Sun,Clear,Daylight,Urban Road,40,1,No,0,0,1,Serious
5789,2023-09-12,11,Tue,Clear,Daylight,Intersection,80,2,No,0,0,1,Serious
5790,2023-04-18,10,Tue,Rain,Daylight,Rural Road,50,2,No,0,0,2,Serious
5791,2023-04-06,18,Thu,Clear,Daylight,Urban Road,30,2,Yes,0,0,3,Serious
5792,2024-03-24,4,Sun,Rain,Dark,Intersection,120,1,No,0,0,3,Fatal
5793,2024-04-25,9,Thu,Rain,Daylight,Highway,40,2,Yes,0,0,3,Fatal
5794,2023-10-29,16,Sun,Rain,Daylight,Highway,70,2,No,0,0,0,Serious
5795,2022-09-19,15,Mon,Clear,Daylight,Highway,120,2,Yes,0,0,2,Serious
5796,2022-12-21,12,Wed,Rain,Daylight,Highway,60,1,No,0,0,1,Serious
5797,2024-02-09,14,Fri,Cloudy,Daylight,Highway,80,4,No,0,0,0,Fatal
5798,2022-06-29,8,Wed,Cloudy,Daylight,Rural Road,120,2,No,0,0,0,Fatal
5799,2022-03-07,12,Mon,Cloudy,Daylight,Urban Road,100,2,Yes,0,0,1,Minor
5800,2024-03-30,13,Sat,Rain,Daylight,Urban Road,60,2,No,0,0,2,Minor
5801,2022-06-20,20,Mon,Clear,Dark,Rural Road,50,2,No,0,0,0,Minor
5802,2023-04-19,8,Wed,Fog,Daylight,Rural Road,60,2,Yes,0,0,2,Serious
5803,2023-06-18,19,Sun,Cloudy,Dusk/Dawn,Highway,100,2,No,0,1,5,Fatal
5804,2023-03-15,16,Wed,Clear,Daylight,Urban Road,100,4,No,0,0,1,Serious
5805,2024-04-14,1,Sun,Clear,Dark,Urban Road,100,5,Yes,0,0,2,Fatal
5806,2022-08-15,17,Mon,Clear,Daylight,Intersection,60,1,Yes,0,0,6,Fatal
5807,2023-03-18,3,Sat,Fog,Dark,Highway,60,1,Yes,0,0,4,Fatal
5808,2023-01-31,23,Tue,Clear,Dark,Highway,50,1,No,0,0,1,Fatal
5809,2023-12-29,19,Fri,Clear,Dusk/Dawn,Rural Road,30,2,Yes,0,0,1,Minor
5810,2022-03-25,9,Fri,Cloudy,Daylight,Rural Road,80,1,Yes,0,0,1,Serious
5811,2024-11-02,8,Sat,Rain,Daylight,Highway,50,3,No,0,1,3,Fatal
5812,2023-11-24,11,Fri,Clear,Daylight,Urban Road,50,2,Yes,0,0,3,Serious
5813,2023-05-08,10,Mon,Clear,Daylight,Highway,100,2,Yes,0,1,6,Fatal
5814,2024-08-27,11,Tue,Clear,Daylight,Intersection,30,2,Yes,0,0,0,Minor
5815,2022-12-19,9,Mon,Clear,Daylight,Highway,120,4,No,0,0,2,Fatal
5816,2024-12-16,15,Mon,Clear,Daylight,Highway,30,1,Yes,1,0,3,Fatal
5817,2022-02-09,7,Wed,Rain,Daylight,Highway,120,3,Yes,0,0,2,Fatal
5818,2023-10-02,18,Mon,Snow,Daylight,Urban Road,60,2,Yes,0,0,2,Fatal
5819,2022-06-22,18,Wed,Rain,Daylight,Highway,40,2,Yes,0,0,1,Serious
5820,2022-09-16,13,Fri,Clear,Daylight,Rural Road,70,2,No,0,0,5,Serious
5821,2023-06-01,19,Thu,Rain,Dusk/Dawn,Intersection,100,1,No,0,0,3,Fatal
5822,2023-12-31,8,Sun,Cloudy,Daylight,Highway,50,2,No,0,0,2,Minor
5823,2023-06-07,1,Wed,Clear,Dark,Urban Road,70,3,No,0,1,2,Fatal
5824,2024-04-18,15,Thu,Clear,Daylight,Highway,120,1,Yes,0,0,1,Serious
5825,2022-04-27,12,Wed,Rain,Daylight,Urban Road,40,2,Yes,0,0,1,Serious
5826,2022-07-03,15,Sun,Rain,Daylight,Highway,100,1,Yes,0,0,4,Fatal
5827,2022-06-11,20,Sat,Clear,Dark,Highway,50,2,No,0,0,2,Serious
5828,2023-06-27,22,Tue,Fog,Dark,Urban Road,50,3,No,0,0,1,Fatal
5829,2024-04-18,16,Thu,Rain,Daylight,Highway,50,2,Yes,0,0,4,Serious
5830,2024-12-25,17,Wed,Cloudy,Daylight,Intersection,50,2,Yes,0,0,3,Serious
5831,2024-12-29,6,Sun,Clear,Daylight,Rural Road,30,1,Yes,0,0,1,Minor
5832,2023-03-23,7,Thu,Snow,Daylight,Rural Road,50,3,No,0,0,0,Serious
5833,2023-02-20,17,Mon,Clear,Daylight,Intersection,50,2,No,0,0,0,Serious
5834,2023-06-16,12,Fri,Rain,Daylight,Intersection,70,1,No,0,0,3,Serious
5835,2023-03-17,12,Fri,Rain,Daylight,Urban Road,70,2,No,0,0,1,Minor
5836,2024-01-08,9,Mon,Clear,Daylight,Urban Road,60,1,Yes,0,0,0,Minor
5837,2023-04-09,15,Sun,Cloudy,Daylight,Urban Road,50,3,No,0,0,0,Minor
5838,2023-01-31,8,Tue,Clear,Daylight,Rural Road,120,1,Yes,0,0,1,Fatal
5839,2023-12-12,16,Tue,Rain,Daylight,Urban Road,50,2,Yes,0,0,4,Fatal
5840,2023-01-30,7,Mon,Clear,Daylight,Intersection,40,2,No,0,0,0,Minor
5841,2022-11-22,5,Tue,Fog,Dark,Highway,60,2,Yes,0,0,6,Fatal
5842,2024-01-20,10,Sat,Clear,Daylight,Urban Road,80,2,No,0,0,2,Serious
5843,2024-12-29,8,Sun,Cloudy,Daylight,Urban Road,30,3,No,0,0,2,Minor
5844,2023-10-04,19,Wed,Cloudy,Dusk/Dawn,Intersection,50,2,No,0,0,1,Fatal
5845,2022-08-02,5,Tue,Cloudy,Dark,Highway,100,1,Yes,0,0,4,Fatal
5846,2023-01-04,7,Wed,Clear,Daylight,Urban Road,60,1,No,0,0,0,Minor
5847,2022-02-18,14,Fri,Rain,Daylight,Urban Road,50,5,No,0,0,3,Minor
5848,2024-12-11,13,Wed,Clear,Daylight,Highway,120,2,No,0,0,4,Fatal
5849,2022-05-13,4,Fri,Cloudy,Dark,Urban Road,30,2,No,0,1,2,Serious
5850,2024-09-25,0,Wed,Fog,Dark,Urban Road,70,4,No,0,1,6,Fatal
5851,2024-02-25,22,Sun,Rain,Dark,Highway,50,1,No,0,0,0,Serious
5852,2023-01-08,16,Sun,Fog,Daylight,Urban Road,30,2,No,0,0,1,Minor
5853,2023-04-24,10,Mon,Clear,Daylight,Intersection,40,2,Yes,0,0,0,Minor
5854,2024-04-11,13,Thu,Rain,Daylight,Intersection,70,2,No,0,0,3,Fatal
5855,2023-10-12,9,Thu,Clear,Daylight,Urban Road,30,1,Yes,0,0,0,Minor
5856,2023-11-13,10,Mon,Cloudy,Daylight,Urban Road,60,3,No,0,0,2,Fatal
5857,2023-11-19,16,Sun,Cloudy,Daylight,Highway,120,2,Yes,0,0,1,Serious
5858,2022-03-23,19,Wed,Fog,Dusk/Dawn,Intersection,80,1,No,0,0,1,Fatal
5859,2022-03-28,8,Mon,Cloudy,Daylight,Highway,50,1,Yes,0,0,2,Serious
5860,2022-08-13,18,Sat,Clear,Daylight,Urban Road,40,1,No,0,0,1,Minor
5861,2022-01-16,7,Sun,Cloudy,Daylight,Highway,60,4,Yes,0,0,2,Fatal
5862,2024-04-01,8,Mon,Clear,Daylight,Urban Road,50,2,Yes,0,0,2,Minor
5863,2022-06-12,3,Sun,Fog,Dark,Highway,120,4,No,0,0,3,Fatal
5864,2023-05-29,7,Mon,Fog,Daylight,Rural Road,120,3,No,0,0,4,Fatal
5865,2022-12-16,20,Fri,Clear,Dark,Urban Road,50,3,No,0,0,1,Serious
5866,2023-11-12,13,Sun,Clear,Daylight,Urban Road,40,2,No,0,0,0,Minor
5867,2022-06-30,6,Thu,Clear,Daylight,Highway,120,2,No,0,0,0,Serious
5868,2024-01-13,21,Sat,Cloudy,Dark,Intersection,80,2,No,0,0,1,Fatal
5869,2023-10-22,19,Sun,Clear,Dusk/Dawn,Highway,60,2,Yes,0,0,2,Serious
5870,2023-05-08,17,Mon,Rain,Daylight,Urban Road,50,2,No,0,0,0,Serious
5871,2024-07-11,20,Thu,Snow,Dark,Rural Road,50,1,Yes,0,0,1,Serious
5872,2022-05-08,8,Sun,Clear,Daylight,Intersection,120,5,No,0,0,2,Serious
5873,2023-07-19,18,Wed,Clear,Daylight,Highway,40,1,No,0,0,1,Minor
5874,2023-07-04,16,Tue,Rain,Daylight,Urban Road,100,1,No,0,0,2,Fatal
5875,2023-03-29,19,Wed,Clear,Dusk/Dawn,Urban Road,30,2,No,0,0,0,Minor
5876,2023-04-16,18,Sun,Snow,Daylight,Intersection,120,1,No,0,0,3,Fatal
5877,2024-09-14,10,Sat,Clear,Daylight,Highway,60,1,No,0,0,1,Serious
5878,2024-01-08,17,Mon,Clear,Daylight,Urban Road,40,1,No,0,0,3,Minor
5879,2022-08-12,8,Fri,Rain,Daylight,Highway,30,1,No,0,0,1,Fatal
5880,2022-06-03,10,Fri,Clear,Daylight,Highway,60,2,Yes,0,0,1,Fatal
5881,2023-07-14,6,Fri,Cloudy,Daylight,Highway,40,2,Yes,0,0,4,Minor
5882,2022-12-17,20,Sat,Cloudy,Dark,Intersection,70,2,Yes,0,0,3,Fatal
5883,2022-12-15,9,Thu,Clear,Daylight,Highway,50,2,No,0,0,0,Minor
5884,2022-07-01,14,Fri,Clear,Daylight,Intersection,30,2,Yes,0,0,0,Minor
5885,2023-09-29,11,Fri,Clear,Daylight,Highway,60,2,No,0,0,1,Serious
5886,2024-10-14,21,Mon,Clear,Dark,Intersection,60,1,No,1,0,4,Fatal
5887,2022-06-28,10,Tue,Rain,Daylight,Rural Road,60,1,No,0,0,1,Serious
5888,2024-11-28,18,Thu,Cloudy,Daylight,Highway,60,3,No,0,0,2,Fatal
5889,2024-02-11,19,Sun,Clear,Dusk/Dawn,Urban Road,60,2,Yes,0,0,4,Fatal
5890,2024-06-12,12,Wed,Clear,Daylight,Urban Road,60,1,No,0,0,2,Minor
5891,2024-10-23,11,Wed,Clear,Daylight,Urban Road,40,5,No,0,0,1,Minor
5892,2024-10-12,17,Sat,Clear,Daylight,Urban Road,40,2,No,0,0,1,Minor
5893,2022-03-05,20,Sat,Fog,Dark,Urban Road,40,1,No,0,0,3,Serious
5894,2022-01-29,17,Sat,Rain,Daylight,Rural Road,70,5,Yes,0,0,1,Fatal
5895,2023-01-07,8,Sat,Clear,Daylight,Rural Road,60,2,Yes,1,0,0,Fatal
5896,2022-04-07,19,Thu,Clear,Dusk/Dawn,Urban Road,50,5,No,0,0,0,Minor
5897,2024-09-19,11,Thu,Cloudy,Daylight,Intersection,80,1,No,0,0,1,Fatal
5898,2022-01-21,15,Fri,Clear,Daylight,Intersection,50,1,Yes,1,0,2,Fatal
5899,2024-01-05,18,Fri,Cloudy,Daylight,Highway,60,2,No,0,0,1,Minor
5900,2024-12-05,8,Thu,Clear,Daylight,Highway,30,1,Yes,0,0,2,Serious
5901,2022-03-07,18,Mon,Cloudy,Daylight,Urban Road,80,1,No,0,0,2,Fatal
5902,2023-08-26,15,Sat,Fog,Daylight,Urban Road,70,3,No,0,0,1,Serious
5903,2022-12-04,19,Sun,Clear,Dusk/Dawn,Highway,100,1,Yes,0,0,1,Fatal
5904,2022-05-03,7,Tue,Cloudy,Daylight,Highway,100,4,No,0,0,0,Fatal
5905,2023-03-23,12,Thu,Fog,Daylight,Rural Road,80,2,Yes,0,0,3,Fatal
5906,2023-09-03,18,Sun,Clear,Daylight,Urban Road,100,3,No,0,0,0,Serious
5907,2023-11-02,1,Thu,Clear,Dark,Highway,50,2,Yes,0,1,1,Fatal
5908,2023-09-07,6,Thu,Rain,Daylight,Intersection,50,2,Yes,0,0,2,Serious
5909,2024-06-15,23,Sat,Rain,Dark,Rural Road,120,2,Yes,0,0,2,Fatal
5910,2022-10-08,9,Sat,Fog,Daylight,Urban Road,120,2,Yes,0,0,0,Fatal
5911,2024-12-02,22,Mon,Fog,Dark,Rural Road,60,2,No,0,0,4,Fatal
5912,2023-08-19,7,Sat,Rain,Daylight,Highway,50,1,No,0,0,3,Serious
5913,2023-12-04,10,Mon,Snow,Daylight,Urban Road,100,1,Yes,0,0,5,Fatal
5914,2024-12-10,17,Tue,Rain,Daylight,Highway,50,1,No,0,0,1,Minor
5915,2022-07-29,16,Fri,Clear,Daylight,Highway,40,2,No,0,0,1,Serious
5916,2022-05-06,15,Fri,Cloudy,Daylight,Urban Road,70,3,No,0,0,2,Serious
5917,2023-05-07,14,Sun,Clear,Daylight,Highway,30,1,No,0,0,1,Fatal
5918,2024-08-17,18,Sat,Clear,Daylight,Urban Road,50,2,No,0,0,2,Serious
5919,2024-08-27,8,Tue,Fog,Daylight,Rural Road,100,4,Yes,0,0,3,Fatal
5920,2023-08-04,12,Fri,Clear,Daylight,Highway,50,2,Yes,0,0,2,Minor
5921,2024-02-16,7,Fri,Clear,Daylight,Highway,120,4,No,0,0,4,Fatal
5922,2022-09-15,15,Thu,Clear,Daylight,Rural Road,120,4,No,0,0,5,Serious
5923,2022-08-18,8,Thu,Rain,Daylight,Highway,100,1,No,0,0,1,Serious
5924,2022-07-08,10,Fri,Cloudy,Daylight,Urban Road,120,4,No,0,0,1,Serious
5925,2022-01-10,13,Mon,Rain,Daylight,Urban Road,60,1,No,0,0,1,Serious
5926,2023-11-07,2,Tue,Rain,Dark,Intersection,60,4,No,0,0,1,Fatal
5927,2023-05-17,6,Wed,Clear,Daylight,Intersection,100,2,No,0,0,2,Serious
5928,2022-03-26,16,Sat,Clear,Daylight,Rural Road,60,2,No,0,0,4,Fatal
5929,2022-02-18,12,Fri,Clear,Daylight,Highway,50,3,No,0,0,2,Serious
5930,2024-04-17,19,Wed,Clear,Dusk/Dawn,Rural Road,70,3,No,0,0,2,Fatal
5931,2024-10-04,17,Fri,Clear,Daylight,Highway,70,2,Yes,0,0,5,Serious
5932,2023-11-20,0,Mon,Clear,Dark,Highway,80,2,No,0,0,1,Serious
5933,2023-01-22,15,Sun,Clear,Daylight,Urban Road,70,1,Yes,0,0,2,Minor
5934,2024-08-27,6,Tue,Fog,Daylight,Rural Road,80,3,No,0,0,0,Fatal
5935,2024-10-02,18,Wed,Cloudy,Daylight,Highway,70,1,Yes,0,0,1,Fatal
5936,2022-08-06,23,Sat,Cloudy,Dark,Highway,60,3,No,0,0,1,Fatal
5937,2024-10-01,14,Tue,Rain,Daylight,Rural Road,40,2,Yes,1,0,2,Fatal
5938,2022-09-12,16,Mon,Clear,Daylight,Intersection,80,2,No,0,0,0,Fatal
5939,2022-08-24,8,Wed,Fog,Daylight,Urban Road,30,2,Yes,0,0,1,Serious
5940,2024-11-15,12,Fri,Clear,Daylight,Urban Road,120,3,No,0,0,1,Serious
5941,2022-09-28,19,Wed,Rain,Dusk/Dawn,Intersection,100,4,No,0,0,2,Fatal
5942,2022-05-03,7,Tue,Snow,Daylight,Rural Road,70,2,No,0,0,2,Fatal
5943,2023-10-18,9,Wed,Fog,Daylight,Urban Road,120,4,No,0,0,1,Fatal
5944,2022-09-16,12,Fri,Cloudy,Daylight,Urban Road,70,5,Yes,0,0,4,Fatal
5945,2024-08-05,17,Mon,Fog,Daylight,Highway,30,3,No,0,0,2,Serious
5946,2022-02-16,11,Wed,Fog,Daylight,Urban Road,60,4,No,0,1,1,Fatal
5947,2024-05-12,20,Sun,Clear,Dark,Highway,50,2,Yes,0,0,2,Fatal
5948,2023-06-09,6,Fri,Cloudy,Daylight,Urban Road,50,1,No,0,0,6,Serious
5949,2024-06-06,11,Thu,Clear,Daylight,Urban Road,60,2,Yes,0,0,0,Minor
5950,2022-07-27,17,Wed,Cloudy,Daylight,Highway,80,3,No,0,0,1,Serious
5951,2024-01-17,8,Wed,Clear,Daylight,Intersection,60,4,Yes,0,0,4,Serious
5952,2022-05-29,16,Sun,Clear,Daylight,Highway,60,2,No,0,0,1,Serious
5953,2023-03-14,7,Tue,Cloudy,Daylight,Urban Road,50,3,No,0,0,0,Serious
5954,2022-06-04,5,Sat,Clear,Dark,Rural Road,60,3,Yes,0,0,4,Serious
5955,2022-12-24,7,Sat,Cloudy,Daylight,Urban Road,40,2,No,1,0,2,Serious
5956,2023-04-01,20,Sat,Clear,Dark,Urban Road,50,1,No,0,1,2,Fatal
5957,2024-02-15,14,Thu,Cloudy,Daylight,Urban Road,80,3,No,0,0,1,Fatal
5958,2023-09-21,18,Thu,Fog,Daylight,Intersection,50,1,No,0,0,5,Fatal
5959,2024-04-11,10,Thu,Rain,Daylight,Intersection,30,1,No,0,0,1,Minor
5960,2023-05-01,15,Mon,Clear,Daylight,Urban Road,50,2,No,0,0,2,Minor
5961,2023-06-17,13,Sat,Clear,Daylight,Rural Road,70,3,Yes,0,0,1,Serious
5962,2022-07-19,21,Tue,Cloudy,Dark,Highway,100,2,No,0,0,2,Serious
5963,2023-01-06,17,Fri,Clear,Daylight,Intersection,120,4,No,0,0,3,Serious
5964,2024-10-10,17,Thu,Clear,Daylight,Intersection,80,1,No,0,0,4,Serious
5965,2024-05-02,4,Thu,Rain,Dark,Urban Road,50,2,No,0,0,4,Fatal
5966,2022-09-05,14,Mon,Clear,Daylight,Rural Road,50,2,No,0,0,4,Serious
5967,2024-02-27,13,Tue,Clear,Daylight,Urban Road,40,3,Yes,0,0,2,Serious
5968,2022-09-21,20,Wed,Clear,Dark,Highway,70,2,Yes,0,0,2,Fatal
5969,2024-12-17,8,Tue,Clear,Daylight,Intersection,60,1,No,0,0,1,Minor
5970,2022-01-31,9,Mon,Cloudy,Daylight,Urban Road,70,2,Yes,0,0,0,Fatal
5971,2023-08-28,12,Mon,Clear,Daylight,Urban Road,40,3,Yes,0,0,6,Fatal
5972,2023-05-17,8,Wed,Cloudy,Daylight,Rural Road,50,2,No,0,0,3,Minor
5973,2024-06-04,7,Tue,Clear,Daylight,Intersection,50,1,No,0,0,3,Serious
5974,2023-07-03,19,Mon,Clear,Dusk/Dawn,Rural Road,80,2,No,0,0,1,Fatal
5975,2024-04-18,14,Thu,Rain,Daylight,Highway,40,1,No,0,0,0,Serious
5976,2024-04-27,19,Sat,Clear,Dusk/Dawn,Urban Road,70,2,Yes,0,0,3,Fatal
5977,2023-09-06,18,Wed,Rain,Daylight,Intersection,30,1,No,0,0,1,Serious
5978,2023-02-16,9,Thu,Cloudy,Daylight,Urban Road,60,1,No,0,0,2,Serious
5979,2023-03-08,14,Wed,Clear,Daylight,Intersection,30,2,Yes,0,0,1,Minor
5980,2023-11-09,6,Thu,Snow,Daylight,Intersection,40,1,No,0,0,1,Serious
5981,2022-06-08,20,Wed,Clear,Dark,Rural Road,40,1,Yes,0,0,2,Serious
5982,2022-01-14,11,Fri,Clear,Daylight,Urban Road,50,3,Yes,0,0,5,Serious
5983,2023-01-08,11,Sun,Clear,Daylight,Urban Road,50,1,Yes,0,0,1,Minor
5984,2022-08-13,9,Sat,Cloudy,Daylight,Urban Road,100,2,No,0,0,2,Serious
5985,2023-05-26,13,Fri,Clear,Daylight,Urban Road,40,3,No,0,0,1,Minor
5986,2023-08-26,8,Sat,Cloudy,Daylight,Rural Road,30,1,No,0,0,1,Minor
5987,2022-08-04,11,Thu,Rain,Daylight,Rural Road,70,1,Yes,0,0,2,Fatal
5988,2024-09-14,18,Sat,Clear,Daylight,Urban Road,70,2,Yes,0,0,1,Minor
5989,2024-04-19,18,Fri,Clear,Daylight,Rural Road,50,2,No,0,0,1,Minor
5990,2023-12-28,9,Thu,Cloudy,Daylight,Urban Road,70,2,Yes,0,0,0,Minor
5991,2023-07-08,13,Sat,Fog,Daylight,Urban Road,80,3,Yes,0,0,2,Fatal
5992,2024-12-01,19,Sun,Clear,Dusk/Dawn,Urban Road,50,1,No,0,0,2,Fatal
5993,2023-11-07,5,Tue,Cloudy,Dark,Intersection,60,2,No,0,1,2,Serious
5994,2024-05-22,19,Wed,Clear,Dusk/Dawn,Urban Road,40,4,No,0,0,1,Serious
5995,2022-10-10,8,Mon,Cloudy,Daylight,Highway,30,1,No,0,0,1,Serious
5996,2024-12-17,16,Tue,Cloudy,Daylight,Urban Road,120,1,Yes,0,0,3,Fatal
5997,2024-04-13,15,Sat,Fog,Daylight,Highway,50,2,No,0,0,1,Serious
5998,2023-06-21,14,Wed,Cloudy,Daylight,Urban Road,50,5,No,0,0,0,Minor
5999,2024-07-11,19,Thu,Rain,Dusk/Dawn,Highway,120,1,Yes,0,0,7,Fatal
6000,2024-04-21,6,Sun,Rain,Daylight,Intersection,80,2,No,0,0,3,Serious
6001,2024-08-05,10,Mon,Rain,Daylight,Highway,60,1,Yes,0,0,6,Fatal
6002,2023-10-27,14,Fri,Clear,Daylight,Urban Road,70,2,Yes,0,0,2,Serious
6003,2022-03-08,18,Tue,Rain,Daylight,Highway,80,1,Yes,1,0,5,Fatal
6004,2022-01-06,8,Thu,Clear,Daylight,Intersection,80,2,No,0,0,3,Serious
6005,2023-09-29,18,Fri,Clear,Daylight,Urban Road,30,2,No,0,0,0,Serious
6006,2022-11-10,11,Thu,Clear,Daylight,Intersection,50,5,No,0,0,2,Serious
6007,2023-07-19,8,Wed,Clear,Daylight,Rural Road,50,3,Yes,0,0,2,Serious
6008,2024-04-05,17,Fri,Clear,Daylight,Rural Road,30,3,Yes,0,0,2,Serious
6009,2023-05-21,6,Sun,Cloudy,Daylight,Intersection,50,1,No,1,0,4,Fatal
6010,2024-10-22,14,Tue,Clear,Daylight,Highway,70,1,No,0,0,1,Serious
6011,2022-07-23,5,Sat,Fog,Dark,Rural Road,40,2,No,0,0,3,Minor
6012,2023-10-24,10,Tue,Clear,Daylight,Highway,50,2,Yes,0,0,2,Minor
6013,2024-03-15,15,Fri,Clear,Daylight,Rural Road,70,2,No,0,0,3,Minor
6014,2023-02-08,14,Wed,Clear,Daylight,Intersection,60,1,No,0,0,1,Serious
6015,2023-06-20,11,Tue,Clear,Daylight,Intersection,100,2,Yes,0,0,3,Serious
6016,2023-07-31,12,Mon,Rain,Daylight,Highway,80,1,No,0,0,1,Serious
6017,2024-02-02,8,Fri,Rain,Daylight,Urban Road,120,2,Yes,0,0,1,Serious
6018,2022-04-27,12,Wed,Clear,Daylight,Urban Road,60,1,Yes,0,0,3,Serious
6019,2023-09-20,21,Wed,Clear,Dark,Highway,70,3,No,0,0,1,Fatal
6020,2024-01-19,19,Fri,Cloudy,Dusk/Dawn,Highway,100,1,No,0,0,3,Fatal
6021,2022-04-15,7,Fri,Clear,Daylight,Urban Road,100,4,No,0,0,1,Minor
6022,2023-05-10,2,Wed,Clear,Dark,Intersection,80,3,Yes,0,0,4,Fatal
6023,2022-02-15,20,Tue,Rain,Dark,Urban Road,60,3,No,0,0,5,Fatal
6024,2024-04-02,14,Tue,Clear,Daylight,Urban Road,50,5,Yes,0,0,5,Fatal
6025,2024-09-08,14,Sun,Cloudy,Daylight,Urban Road,100,1,Yes,0,0,3,Fatal
6026,2024-08-17,18,Sat,Rain,Daylight,Rural Road,80,2,No,0,0,6,Serious
6027,2024-04-24,9,Wed,Clear,Daylight,Intersection,100,3,No,0,0,1,Serious
6028,2023-03-25,13,Sat,Clear,Daylight,Urban Road,40,1,No,1,0,1,Serious
6029,2023-06-20,21,Tue,Rain,Dark,Highway,50,2,No,0,0,2,Serious
6030,2023-05-26,16,Fri,Clear,Daylight,Urban Road,50,2,Yes,0,0,2,Serious
6031,2023-06-24,7,Sat,Cloudy,Daylight,Intersection,100,2,No,0,0,1,Minor
6032,2022-01-16,7,Sun,Rain,Daylight,Urban Road,100,4,No,0,0,4,Serious
6033,2022-08-31,8,Wed,Clear,Daylight,Urban Road,50,2,Yes,0,0,0,Minor
6034,2024-06-30,17,Sun,Rain,Daylight,Highway,70,1,Yes,0,0,3,Fatal
6035,2024-01-31,9,Wed,Clear,Daylight,Highway,30,4,Yes,0,1,1,Fatal
6036,2023-12-06,2,Wed,Clear,Dark,Intersection,50,1,Yes,0,0,2,Serious
6037,2022-04-25,21,Mon,Rain,Dark,Urban Road,60,4,Yes,0,0,4,Fatal
6038,2023-02-01,7,Wed,Rain,Daylight,Urban Road,80,5,Yes,0,0,1,Fatal
6039,2023-01-29,0,Sun,Rain,Dark,Urban Road,100,3,Yes,0,0,2,Fatal
6040,2024-09-04,8,Wed,Clear,Daylight,Intersection,50,2,Yes,0,0,1,Serious
6041,2022-10-24,8,Mon,Rain,Daylight,Highway,60,3,Yes,0,1,5,Fatal
6042,2024-09-28,12,Sat,Clear,Daylight,Intersection,70,2,Yes,0,0,3,Fatal
6043,2022-06-27,20,Mon,Rain,Dark,Urban Road,50,2,Yes,0,0,4,Fatal
6044,2024-08-24,19,Sat,Rain,Dusk/Dawn,Intersection,120,2,Yes,0,0,2,Fatal
6045,2022-11-11,12,Fri,Rain,Daylight,Intersection,100,2,No,0,0,5,Fatal
6046,2024-11-28,12,Thu,Cloudy,Daylight,Urban Road,50,3,No,0,0,1,Serious
6047,2022-09-16,14,Fri,Cloudy,Daylight,Highway,60,2,Yes,0,0,3,Minor
6048,2022-01-07,8,Fri,Cloudy,Daylight,Highway,40,2,Yes,0,0,0,Minor
6049,2022-02-18,5,Fri,Cloudy,Dark,Rural Road,60,2,No,0,0,2,Serious
6050,2022-06-10,21,Fri,Snow,Dark,Highway,70,3,No,0,0,2,Fatal
6051,2022-06-25,8,Sat,Cloudy,Daylight,Highway,30,3,No,0,0,3,Minor
6052,2024-10-22,8,Tue,Cloudy,Daylight,Highway,100,1,No,0,0,1,Fatal
6053,2024-09-27,13,Fri,Fog,Daylight,Urban Road,60,2,Yes,0,0,1,Fatal
6054,2023-03-31,13,Fri,Clear,Daylight,Highway,120,2,No,1,0,1,Fatal
6055,2022-10-03,1,Mon,Clear,Dark,Intersection,30,2,No,0,0,0,Minor
6056,2023-05-13,7,Sat,Cloudy,Daylight,Intersection,100,1,Yes,0,0,0,Serious
6057,2023-11-07,11,Tue,Clear,Daylight,Urban Road,80,3,No,0,0,3,Serious
6058,2024-11-17,16,Sun,Cloudy,Daylight,Urban Road,40,1,No,0,0,1,Minor
6059,2024-10-21,8,Mon,Clear,Daylight,Urban Road,50,2,Yes,0,0,0,Minor
6060,2022-02-25,12,Fri,Clear,Daylight,Rural Road,100,3,Yes,0,0,3,Fatal
6061,2023-07-01,14,Sat,Fog,Daylight,Urban Road,60,1,Yes,0,0,2,Fatal
6062,2022-02-05,19,Sat,Cloudy,Dusk/Dawn,Urban Road,50,2,Yes,0,0,4,Serious
6063,2023-03-15,9,Wed,Clear,Daylight,Urban Road,120,4,Yes,0,0,0,Serious
6064,2023-08-18,7,Fri,Cloudy,Daylight,Rural Road,30,2,Yes,0,0,0,Minor
6065,2022-11-03,13,Thu,Snow,Daylight,Urban Road,60,3,Yes,0,0,4,Fatal
6066,2023-09-11,17,Mon,Clear,Daylight,Urban Road,70,3,No,0,0,1,Minor
6067,2022-12-23,6,Fri,Clear,Daylight,Highway,70,1,No,0,0,1,Serious
6068,2022-06-30,12,Thu,Clear,Daylight,Urban Road,50,2,No,0,0,1,Minor
6069,2022-03-09,1,Wed,Clear,Dark,Urban Road,60,2,Yes,0,0,2,Serious
6070,2022-10-19,3,Wed,Clear,Dark,Urban Road,80,1,Yes,0,0,3,Fatal
6071,2023-11-23,13,Thu,Clear,Daylight,Urban Road,60,1,No,0,0,2,Minor
6072,2022-06-30,9,Thu,Clear,Daylight,Intersection,70,2,Yes,0,0,1,Fatal
6073,2023-03-10,18,Fri,Cloudy,Daylight,Highway,50,3,Yes,0,0,2,Serious
6074,2024-07-02,15,Tue,Rain,Daylight,Urban Road,100,3,No,0,0,7,Fatal
6075,2022-03-07,12,Mon,Rain,Daylight,Urban Road,50,2,Yes,0,0,4,Serious
6076,2024-11-10,11,Sun,Clear,Daylight,Urban Road,120,2,Yes,0,0,7,Fatal
6077,2023-01-19,13,Thu,Cloudy,Daylight,Urban Road,30,2,No,0,0,2,Minor
6078,2022-02-08,3,Tue,Cloudy,Dark,Intersection,50,3,Yes,1,0,4,Fatal
6079,2024-04-01,19,Mon,Rain,Dusk/Dawn,Highway,40,2,No,0,0,3,Serious
6080,2023-08-25,23,Fri,Cloudy,Dark,Intersection,60,2,No,0,0,1,Fatal
6081,2024-02-24,7,Sat,Cloudy,Daylight,Intersection,40,2,Yes,0,0,1,Minor
6082,2023-11-02,7,Thu,Fog,Daylight,Rural Road,80,2,No,0,0,4,Serious
6083,2023-04-24,7,Mon,Fog,Daylight,Rural Road,100,3,No,0,0,2,Fatal
6084,2023-07-15,16,Sat,Clear,Daylight,Urban Road,40,2,No,0,0,1,Serious
6085,2022-04-11,16,Mon,Clear,Daylight,Urban Road,40,1,Yes,0,0,0,Minor
6086,2023-05-29,19,Mon,Clear,Dusk/Dawn,Intersection,100,1,No,0,0,1,Serious
6087,2022-06-25,17,Sat,Clear,Daylight,Highway,50,4,No,0,0,2,Fatal
6088,2022-08-26,12,Fri,Clear,Daylight,Highway,50,1,No,0,0,1,Serious
6089,2024-06-28,15,Fri,Cloudy,Daylight,Highway,40,1,No,0,0,1,Fatal
6090,2024-12-18,16,Wed,Clear,Daylight,Urban Road,50,3,No,0,0,1,Serious
6091,2024-05-20,14,Mon,Cloudy,Daylight,Highway,40,2,Yes,0,0,1,Minor
6092,2023-05-10,13,Wed,Rain,Daylight,Intersection,70,2,Yes,0,0,3,Serious
6093,2024-08-04,16,Sun,Clear,Daylight,Urban Road,60,2,Yes,0,0,0,Minor
6094,2024-01-25,14,Thu,Clear,Daylight,Intersection,80,5,No,0,0,3,Fatal
6095,2022-07-30,16,Sat,Clear,Daylight,Highway,50,1,No,1,0,0,Serious
6096,2022-05-20,15,Fri,Cloudy,Daylight,Urban Road,60,2,No,0,0,0,Minor
6097,2023-06-25,17,Sun,Cloudy,Daylight,Highway,50,2,No,0,0,0,Serious
6098,2022-09-27,16,Tue,Clear,Daylight,Highway,120,1,No,0,0,3,Fatal
6099,2024-11-01,14,Fri,Cloudy,Daylight,Urban Road,60,2,Yes,0,0,1,Minor
6100,2023-05-21,16,Sun,Fog,Daylight,Intersection,40,3,No,0,0,1,Serious
6101,2022-02-01,12,Tue,Clear,Daylight,Urban Road,50,2,Yes,0,0,4,Minor
6102,2024-12-28,8,Sat,Rain,Daylight,Urban Road,30,3,Yes,0,0,2,Fatal
6103,2024-03-23,0,Sat,Rain,Dark,Urban Road,30,2,No,0,0,0,Minor
6104,2022-12-28,14,Wed,Clear,Daylight,Highway,60,3,Yes,0,0,2,Fatal
6105,2024-07-17,15,Wed,Snow,Daylight,Urban Road,50,3,Yes,1,0,6,Fatal
6106,2022-04-10,22,Sun,Clear,Dark,Highway,120,2,No,0,0,0,Fatal
6107,2022-01-09,10,Sun,Clear,Daylight,Intersection,40,3,No,0,0,4,Serious
6108,2023-11-28,11,Tue,Clear,Daylight,Rural Road,80,2,No,0,0,5,Fatal
6109,2024-11-18,8,Mon,Cloudy,Daylight,Urban Road,50,2,No,0,0,3,Minor
6110,2023-04-07,5,Fri,Snow,Dark,Urban Road,40,2,No,0,0,2,Serious
6111,2024-07-09,17,Tue,Clear,Daylight,Highway,120,1,No,0,0,0,Serious
6112,2023-01-25,8,Wed,Clear,Daylight,Rural Road,100,3,Yes,1,0,4,Fatal
6113,2023-09-24,15,Sun,Clear,Daylight,Intersection,70,2,No,0,0,1,Minor
6114,2023-11-13,16,Mon,Snow,Daylight,Intersection,70,2,Yes,0,0,4,Fatal
6115,2022-06-06,13,Mon,Clear,Daylight,Highway,120,1,No,0,0,0,Fatal
6116,2022-12-01,19,Thu,Cloudy,Dusk/Dawn,Highway,60,2,Yes,0,0,0,Fatal
6117,2022-09-17,12,Sat,Cloudy,Daylight,Urban Road,40,5,Yes,0,0,2,Serious
6118,2022-03-23,9,Wed,Rain,Daylight,Intersection,30,3,No,0,0,2,Serious
6119,2024-01-24,19,Wed,Clear,Dusk/Dawn,Intersection,70,2,No,0,0,3,Minor
6120,2023-12-21,19,Thu,Clear,Dusk/Dawn,Urban Road,70,2,Yes,0,0,2,Serious
6121,2022-03-16,7,Wed,Clear,Daylight,Rural Road,80,2,No,0,1,1,Minor
6122,2023-09-18,2,Mon,Rain,Dark,Intersection,40,1,No,1,0,4,Fatal
6123,2022-03-03,6,Thu,Rain,Daylight,Highway,120,2,No,1,0,1,Fatal
6124,2024-05-23,9,Thu,Rain,Daylight,Intersection,60,2,Yes,0,0,2,Minor
6125,2022-11-16,22,Wed,Clear,Dark,Highway,70,4,No,0,0,1,Fatal
6126,2022-04-12,14,Tue,Cloudy,Daylight,Urban Road,30,2,Yes,0,0,1,Minor
6127,2024-05-23,11,Thu,Clear,Daylight,Highway,120,2,Yes,0,1,2,Fatal
6128,2024-08-11,19,Sun,Clear,Dusk/Dawn,Urban Road,60,4,No,0,0,2,Serious
6129,2022-09-12,12,Mon,Snow,Daylight,Intersection,60,2,Yes,1,0,1,Fatal
6130,2023-07-24,9,Mon,Clear,Daylight,Urban Road,120,2,No,0,0,3,Fatal
6131,2022-04-22,21,Fri,Fog,Dark,Highway,120,2,No,0,0,1,Fatal
6132,2024-09-11,19,Wed,Cloudy,Dusk/Dawn,Highway,40,2,No,0,0,1,Serious
6133,2024-09-24,18,Tue,Rain,Daylight,Urban Road,120,3,No,0,0,1,Serious
6134,2023-04-06,14,Thu,Clear,Daylight,Urban Road,80,2,No,0,0,2,Minor
6135,2023-12-09,18,Sat,Clear,Daylight,Urban Road,30,3,No,0,0,1,Minor
6136,2024-06-05,7,Wed,Clear,Daylight,Highway,40,4,Yes,0,0,2,Serious
6137,2024-12-11,15,Wed,Clear,Daylight,Rural Road,50,2,No,0,0,2,Minor
6138,2023-06-04,22,Sun,Cloudy,Dark,Intersection,60,1,No,0,0,2,Fatal
6139,2024-03-22,9,Fri,Rain,Daylight,Urban Road,80,2,No,0,0,5,Serious
6140,2022-08-24,18,Wed,Clear,Daylight,Rural Road,40,2,Yes,0,0,1,Serious
6141,2024-07-15,13,Mon,Cloudy,Daylight,Intersection,100,2,Yes,0,0,0,Serious
6142,2023-07-11,3,Tue,Fog,Dark,Urban Road,100,2,No,1,0,4,Fatal
6143,2023-10-11,17,Wed,Clear,Daylight,Rural Road,70,2,Yes,1,0,3,Fatal
6144,2022-08-22,7,Mon,Clear,Daylight,Rural Road,120,4,Yes,0,0,1,Serious
6145,2024-11-21,16,Thu,Clear,Daylight,Highway,100,2,No,0,0,2,Serious
6146,2023-08-02,6,Wed,Cloudy,Daylight,Urban Road,40,2,No,1,0,6,Fatal
6147,2023-06-26,21,Mon,Rain,Dark,Intersection,80,4,No,0,0,1,Fatal
6148,2022-04-24,9,Sun,Cloudy,Daylight,Highway,120,1,No,0,0,1,Fatal
6149,2022-07-23,8,Sat,Clear,Daylight,Intersection,40,1,No,0,0,1,Serious
6150,2024-11-18,7,Mon,Cloudy,Daylight,Urban Road,120,4,Yes,0,0,1,Serious
6151,2023-10-05,21,Thu,Clear,Dark,Urban Road,30,1,No,0,0,2,Serious
6152,2023-04-19,17,Wed,Cloudy,Daylight,Urban Road,60,1,Yes,0,0,1,Serious
6153,2023-11-28,17,Tue,Cloudy,Daylight,Urban Road,80,2,Yes,0,1,0,Fatal
6154,2022-09-10,13,Sat,Clear,Daylight,Intersection,80,1,No,0,0,2,Minor
6155,2024-06-23,13,Sun,Snow,Daylight,Urban Road,80,2,Yes,0,0,1,Serious
6156,2023-01-21,6,Sat,Snow,Daylight,Intersection,60,2,No,0,0,1,Serious
6157,2022-03-03,14,Thu,Cloudy,Daylight,Urban Road,70,2,No,0,0,3,Serious
6158,2023-05-30,8,Tue,Clear,Daylight,Rural Road,70,2,Yes,0,0,3,Serious
6159,2023-03-06,22,Mon,Clear,Dark,Intersection,60,4,Yes,0,0,3,Serious
6160,2023-08-03,18,Thu,Cloudy,Daylight,Highway,60,2,No,0,0,1,Minor
6161,2024-01-13,12,Sat,Snow,Daylight,Rural Road,100,2,Yes,0,0,2,Fatal
6162,2023-11-06,7,Mon,Clear,Daylight,Highway,50,4,No,0,0,1,Serious
6163,2022-11-07,18,Mon,Cloudy,Daylight,Intersection,60,2,Yes,0,0,0,Serious
6164,2023-04-16,7,Sun,Clear,Daylight,Urban Road,30,1,No,1,0,2,Fatal
6165,2024-03-19,8,Tue,Snow,Daylight,Intersection,70,1,No,0,0,2,Fatal
6166,2022-06-21,8,Tue,Clear,Daylight,Intersection,40,5,No,0,0,2,Fatal
6167,2023-07-30,14,Sun,Clear,Daylight,Highway,60,3,Yes,0,0,0,Serious
6168,2022-01-31,18,Mon,Clear,Daylight,Highway,40,4,Yes,0,0,3,Serious
6169,2022-02-16,9,Wed,Clear,Daylight,Urban Road,30,2,Yes,0,0,2,Serious
6170,2022-05-10,6,Tue,Rain,Daylight,Urban Road,60,2,No,0,0,2,Serious
6171,2022-12-18,13,Sun,Rain,Daylight,Highway,50,1,Yes,0,0,0,Serious
6172,2024-09-04,17,Wed,Clear,Daylight,Highway,50,4,No,0,0,2,Fatal
6173,2022-02-27,8,Sun,Clear,Daylight,Urban Road,40,2,No,0,0,0,Serious
6174,2024-03-22,8,Fri,Snow,Daylight,Highway,120,2,No,0,0,2,Serious
6175,2024-02-07,21,Wed,Clear,Dark,Intersection,30,2,No,0,0,0,Minor
6176,2023-11-14,21,Tue,Rain,Dark,Intersection,100,1,No,0,0,5,Serious
6177,2024-09-23,23,Mon,Rain,Dark,Rural Road,80,2,Yes,1,0,6,Fatal
6178,2022-10-13,18,Thu,Cloudy,Daylight,Highway,40,2,Yes,0,0,2,Serious
6179,2024-12-30,8,Mon,Fog,Daylight,Highway,60,1,No,0,0,1,Fatal
6180,2024-06-04,8,Tue,Clear,Daylight,Urban Road,120,1,No,0,0,0,Fatal
6181,2023-02-01,10,Wed,Cloudy,Daylight,Intersection,70,2,Yes,0,0,1,Minor
6182,2022-01-26,9,Wed,Cloudy,Daylight,Urban Road,40,2,No,0,0,0,Minor
6183,2022-11-09,21,Wed,Clear,Dark,Urban Road,60,1,No,0,0,2,Fatal
6184,2022-05-06,18,Fri,Cloudy,Daylight,Highway,60,1,Yes,0,0,1,Serious
6185,2024-03-21,17,Thu,Rain,Daylight,Rural Road,100,4,No,1,0,3,Fatal
6186,2022-07-07,8,Thu,Clear,Daylight,Urban Road,120,1,Yes,0,0,0,Serious
6187,2023-11-29,20,Wed,Clear,Dark,Highway,30,1,Yes,0,0,0,Serious
6188,2024-03-20,18,Wed,Rain,Daylight,Urban Road,50,2,No,0,0,2,Minor
6189,2023-12-17,7,Sun,Clear,Daylight,Rural Road,50,1,No,0,0,3,Serious
6190,2023-03-26,19,Sun,Clear,Dusk/Dawn,Urban Road,120,2,No,0,0,3,Fatal
6191,2023-06-07,9,Wed,Clear,Daylight,Rural Road,60,4,No,0,0,0,Serious
6192,2024-09-12,6,Thu,Clear,Daylight,Intersection,100,2,No,0,0,0,Serious
6193,2023-10-20,16,Fri,Clear,Daylight,Rural Road,50,3,No,0,0,3,Serious
6194,2023-08-20,16,Sun,Rain,Daylight,Urban Road,80,4,No,0,0,2,Fatal
6195,2022-04-10,6,Sun,Clear,Daylight,Intersection,50,1,Yes,0,0,0,Minor
6196,2023-09-08,9,Fri,Cloudy,Daylight,Intersection,120,2,Yes,0,0,2,Serious
6197,2024-08-05,23,Mon,Clear,Dark,Urban Road,60,2,No,0,0,2,Serious
6198,2023-07-10,16,Mon,Clear,Daylight,Highway,100,2,No,0,0,2,Fatal
6199,2022-10-05,17,Wed,Clear,Daylight,Intersection,50,3,No,0,0,1,Serious
6200,2023-05-06,8,Sat,Clear,Daylight,Highway,70,3,No,0,0,3,Serious
6201,2022-09-12,6,Mon,Clear,Daylight,Intersection,50,2,Yes,0,0,2,Minor
6202,2023-01-16,9,Mon,Rain,Daylight,Highway,30,1,Yes,1,1,2,Fatal
6203,2024-06-10,8,Mon,Snow,Daylight,Intersection,50,1,No,0,0,5,Minor
6204,2023-06-26,8,Mon,Clear,Daylight,Urban Road,60,2,Yes,0,0,1,Minor
6205,2024-04-04,8,Thu,Clear,Daylight,Rural Road,40,1,No,0,0,0,Minor
6206,2024-05-28,15,Tue,Clear,Daylight,Urban Road,40,3,No,0,0,1,Minor
6207,2022-10-08,10,Sat,Cloudy,Daylight,Intersection,60,2,Yes,0,0,4,Serious
6208,2024-02-12,18,Mon,Snow,Daylight,Highway,50,2,No,0,0,1,Serious
6209,2024-04-22,8,Mon,Clear,Daylight,Highway,50,2,No,0,0,1,Minor
6210,2023-12-20,13,Wed,Clear,Daylight,Highway,60,3,No,0,0,2,Serious
6211,2022-11-24,1,Thu,Cloudy,Dark,Intersection,40,4,No,0,0,0,Fatal
6212,2022-07-30,13,Sat,Clear,Daylight,Urban Road,40,3,No,0,0,4,Serious
6213,2023-12-28,5,Thu,Rain,Dark,Rural Road,100,2,No,0,0,1,Fatal
6214,2024-07-11,22,Thu,Clear,Dark,Rural Road,40,1,No,0,0,0,Serious
6215,2023-07-06,18,Thu,Rain,Daylight,Intersection,70,2,Yes,0,0,1,Fatal
6216,2022-01-26,13,Wed,Cloudy,Daylight,Rural Road,50,2,Yes,0,0,2,Serious
6217,2022-01-27,6,Thu,Cloudy,Daylight,Urban Road,120,5,No,1,0,2,Fatal
6218,2023-12-03,15,Sun,Snow,Daylight,Rural Road,30,2,No,1,0,5,Fatal
6219,2023-11-13,17,Mon,Clear,Daylight,Rural Road,100,2,No,0,0,2,Fatal
6220,2023-02-17,8,Fri,Clear,Daylight,Highway,60,3,No,0,0,4,Serious
6221,2022-06-16,15,Thu,Clear,Daylight,Highway,30,2,No,0,0,1,Minor
6222,2022-06-18,18,Sat,Cloudy,Daylight,Highway,50,2,No,1,1,4,Fatal
6223,2022-08-17,17,Wed,Fog,Daylight,Urban Road,50,1,No,0,0,0,Serious
6224,2023-01-02,18,Mon,Clear,Daylight,Urban Road,50,1,Yes,0,0,1,Serious
6225,2023-06-12,19,Mon,Clear,Dusk/Dawn,Urban Road,50,3,Yes,0,0,1,Serious
6226,2024-03-01,20,Fri,Rain,Dark,Intersection,120,3,No,0,0,4,Fatal
6227,2023-06-08,11,Thu,Cloudy,Daylight,Urban Road,50,2,No,0,0,1,Serious
6228,2022-04-16,15,Sat,Rain,Daylight,Rural Road,50,2,No,0,1,1,Fatal
6229,2024-01-02,18,Tue,Clear,Daylight,Urban Road,80,2,Yes,0,0,1,Serious
6230,2024-08-22,17,Thu,Clear,Daylight,Highway,80,2,Yes,0,0,1,Serious
6231,2022-05-13,23,Fri,Clear,Dark,Urban Road,30,1,No,0,0,0,Serious
6232,2023-06-18,1,Sun,Cloudy,Dark,Intersection,80,3,No,0,1,4,Fatal
6233,2024-09-01,10,Sun,Cloudy,Daylight,Highway,60,2,No,0,0,1,Minor
6234,2022-09-26,9,Mon,Cloudy,Daylight,Urban Road,40,2,No,0,0,1,Minor
6235,2023-11-04,8,Sat,Fog,Daylight,Highway,50,1,No,0,0,2,Fatal
6236,2024-03-01,8,Fri,Rain,Daylight,Urban Road,30,2,Yes,0,0,3,Fatal
6237,2022-01-18,17,Tue,Rain,Daylight,Urban Road,50,1,No,0,0,1,Minor
6238,2022-04-27,6,Wed,Rain,Daylight,Intersection,50,2,No,0,0,1,Serious
6239,2024-03-08,17,Fri,Fog,Daylight,Rural Road,50,2,No,0,0,1,Minor
6240,2023-07-05,16,Wed,Clear,Daylight,Urban Road,60,2,Yes,0,0,1,Serious
6241,2024-07-17,8,Wed,Rain,Daylight,Intersection,80,1,No,0,0,2,Fatal
6242,2024-01-23,8,Tue,Clear,Daylight,Urban Road,70,3,No,0,0,1,Minor
6243,2023-02-26,16,Sun,Clear,Daylight,Rural Road,70,2,Yes,0,0,0,Serious
6244,2023-10-08,17,Sun,Cloudy,Daylight,Urban Road,100,2,Yes,0,0,3,Fatal
6245,2023-07-12,19,Wed,Cloudy,Dusk/Dawn,Intersection,100,2,Yes,0,0,2,Serious
6246,2022-02-19,19,Sat,Rain,Dusk/Dawn,Rural Road,100,2,No,0,0,1,Fatal
6247,2023-11-09,21,Thu,Clear,Dark,Intersection,40,2,Yes,0,0,1,Fatal
6248,2022-04-16,15,Sat,Cloudy,Daylight,Highway,50,3,No,0,0,1,Serious
6249,2023-10-20,20,Fri,Fog,Dark,Rural Road,60,3,No,0,0,3,Fatal
6250,2024-09-14,18,Sat,Clear,Daylight,Rural Road,50,2,No,0,0,0,Minor
6251,2024-04-21,19,Sun,Rain,Dusk/Dawn,Rural Road,40,2,Yes,0,0,3,Serious
6252,2023-03-22,1,Wed,Clear,Dark,Urban Road,50,1,Yes,1,0,6,Fatal
6253,2022-03-11,21,Fri,Clear,Dark,Highway,120,1,Yes,0,0,0,Fatal
6254,2022-05-30,13,Mon,Cloudy,Daylight,Highway,50,2,Yes,0,0,2,Minor
6255,2024-02-13,18,Tue,Clear,Daylight,Urban Road,50,4,No,0,1,0,Serious
6256,2024-08-01,7,Thu,Clear,Daylight,Intersection,30,2,No,0,0,3,Minor
6257,2023-03-31,11,Fri,Clear,Daylight,Intersection,80,2,No,0,0,0,Minor
6258,2024-08-03,9,Sat,Clear,Daylight,Highway,50,1,Yes,0,0,1,Minor
6259,2023-08-24,9,Thu,Clear,Daylight,Intersection,40,2,No,0,0,1,Minor
6260,2023-10-15,7,Sun,Clear,Daylight,Highway,120,2,No,0,0,1,Serious
6261,2023-12-26,18,Tue,Clear,Daylight,Urban Road,80,3,No,0,0,2,Minor
6262,2022-08-21,0,Sun,Clear,Dark,Highway,80,1,No,0,1,1,Fatal
6263,2022-09-08,9,Thu,Clear,Daylight,Intersection,120,2,Yes,0,0,1,Serious
6264,2022-03-20,7,Sun,Clear,Daylight,Rural Road,50,4,Yes,0,0,2,Serious
6265,2024-12-11,15,Wed,Rain,Daylight,Urban Road,80,4,No,0,0,3,Fatal
6266,2024-06-16,8,Sun,Rain,Daylight,Rural Road,40,3,No,0,0,2,Serious
6267,2024-07-09,8,Tue,Clear,Daylight,Highway,70,2,Yes,0,0,0,Serious
6268,2024-02-20,13,Tue,Rain,Daylight,Urban Road,30,4,Yes,0,0,0,Serious
6269,2022-08-14,16,Sun,Cloudy,Daylight,Urban Road,40,3,No,0,0,3,Minor
6270,2024-12-10,7,Tue,Cloudy,Daylight,Highway,50,3,No,0,0,2,Minor
6271,2024-11-23,7,Sat,Clear,Daylight,Intersection,30,4,No,0,1,3,Serious
6272,2024-03-13,8,Wed,Snow,Daylight,Rural Road,60,4,Yes,0,0,4,Fatal
6273,2024-01-12,22,Fri,Clear,Dark,Highway,60,1,No,0,0,3,Fatal
6274,2022-05-11,11,Wed,Clear,Daylight,Highway,70,1,No,0,0,5,Serious
6275,2024-10-19,15,Sat,Clear,Daylight,Highway,40,2,No,0,1,2,Serious
6276,2023-09-24,8,Sun,Clear,Daylight,Urban Road,40,2,No,0,1,2,Fatal
6277,2024-04-17,13,Wed,Rain,Daylight,Urban Road,70,2,No,0,0,4,Fatal
6278,2024-01-29,6,Mon,Rain,Daylight,Highway,70,2,Yes,0,0,1,Serious
6279,2023-12-05,3,Tue,Fog,Dark,Rural Road,30,1,No,0,0,3,Fatal
6280,2023-05-12,13,Fri,Clear,Daylight,Urban Road,60,1,Yes,0,0,3,Fatal
6281,2022-11-19,11,Sat,Clear,Daylight,Urban Road,80,2,Yes,1,0,1,Serious
6282,2023-09-07,7,Thu,Clear,Daylight,Intersection,30,1,Yes,0,0,0,Minor
6283,2022-11-25,16,Fri,Clear,Daylight,Highway,50,3,Yes,0,0,2,Fatal
6284,2022-05-13,23,Fri,Cloudy,Dark,Urban Road,50,4,No,0,0,1,Fatal
6285,2024-04-14,11,Sun,Snow,Daylight,Urban Road,120,2,Yes,0,0,2,Fatal
6286,2023-10-13,16,Fri,Cloudy,Daylight,Highway,40,2,No,0,0,5,Serious
6287,2022-05-01,21,Sun,Fog,Dark,Highway,50,1,No,0,0,3,Fatal
6288,2023-08-29,18,Tue,Clear,Daylight,Urban Road,100,2,Yes,0,0,3,Fatal
6289,2024-08-22,13,Thu,Clear,Daylight,Intersection,50,3,Yes,0,0,1,Fatal
6290,2022-05-09,17,Mon,Clear,Daylight,Rural Road,60,2,No,0,0,0,Serious
6291,2022-01-29,7,Sat,Clear,Daylight,Rural Road,30,1,Yes,0,0,0,Minor
6292,2023-12-23,14,Sat,Cloudy,Daylight,Urban Road,120,3,No,0,0,0,Serious
6293,2022-11-29,9,Tue,Clear,Daylight,Urban Road,100,5,Yes,0,0,0,Serious
6294,2024-08-01,7,Thu,Clear,Daylight,Highway,70,2,Yes,0,0,0,Minor
6295,2024-11-13,12,Wed,Snow,Daylight,Highway,30,1,No,0,0,1,Serious
6296,2022-12-22,7,Thu,Cloudy,Daylight,Urban Road,30,2,Yes,0,0,4,Serious
6297,2022-05-19,17,Thu,Clear,Daylight,Urban Road,60,1,Yes,0,0,0,Minor
6298,2022-01-29,12,Sat,Rain,Daylight,Highway,50,3,Yes,0,0,2,Fatal
6299,2024-07-19,14,Fri,Clear,Daylight,Highway,70,4,Yes,0,0,0,Serious
6300,2023-05-11,7,Thu,Rain,Daylight,Highway,60,2,Yes,0,0,0,Serious
6301,2024-10-10,7,Thu,Clear,Daylight,Urban Road,100,3,Yes,0,0,2,Fatal
6302,2023-10-17,15,Tue,Clear,Daylight,Urban Road,50,2,No,0,0,1,Minor
6303,2024-04-07,22,Sun,Rain,Dark,Highway,60,2,No,0,0,0,Fatal
6304,2022-12-17,6,Sat,Clear,Daylight,Highway,80,2,No,0,0,2,Minor
6305,2023-07-08,9,Sat,Fog,Daylight,Highway,60,3,No,0,0,0,Serious
6306,2022-10-26,19,Wed,Cloudy,Dusk/Dawn,Highway,100,3,No,0,0,0,Fatal
6307,2022-03-05,6,Sat,Clear,Daylight,Urban Road,40,1,No,0,0,1,Minor
6308,2024-01-25,19,Thu,Fog,Dusk/Dawn,Highway,80,2,No,0,0,6,Fatal
6309,2024-02-09,14,Fri,Rain,Daylight,Rural Road,120,2,No,0,0,4,Fatal
6310,2024-04-13,12,Sat,Clear,Daylight,Urban Road,50,3,No,0,0,1,Serious
6311,2022-06-15,9,Wed,Rain,Daylight,Urban Road,50,2,No,0,0,2,Serious
6312,2023-05-21,9,Sun,Rain,Daylight,Highway,30,2,No,0,0,1,Minor
6313,2024-03-03,9,Sun,Rain,Daylight,Highway,70,3,No,0,0,3,Fatal
6314,2024-04-12,19,Fri,Cloudy,Dusk/Dawn,Highway,60,2,No,0,0,2,Serious
6315,2024-05-07,17,Tue,Rain,Daylight,Intersection,30,2,No,0,0,0,Minor
6316,2024-03-16,16,Sat,Cloudy,Daylight,Intersection,80,4,No,0,1,2,Serious
6317,2024-01-31,18,Wed,Rain,Daylight,Highway,100,1,No,0,0,3,Fatal
6318,2024-04-12,8,Fri,Clear,Daylight,Urban Road,120,1,No,0,0,0,Serious
6319,2022-10-10,15,Mon,Clear,Daylight,Highway,60,1,Yes,0,0,2,Serious
6320,2023-01-14,13,Sat,Clear,Daylight,Highway,60,1,No,0,0,1,Serious
6321,2022-07-17,18,Sun,Rain,Daylight,Rural Road,100,2,Yes,0,0,2,Fatal
6322,2024-10-11,9,Fri,Fog,Daylight,Highway,50,2,Yes,0,0,2,Serious
6323,2024-10-20,16,Sun,Clear,Daylight,Urban Road,70,2,No,0,0,3,Serious
6324,2023-07-10,19,Mon,Clear,Dusk/Dawn,Urban Road,70,1,No,0,0,4,Serious
6325,2022-12-22,11,Thu,Clear,Daylight,Urban Road,50,1,Yes,0,0,1,Minor
6326,2024-11-06,5,Wed,Clear,Dark,Intersection,30,2,No,0,0,2,Minor
6327,2023-10-01,14,Sun,Fog,Daylight,Rural Road,30,2,No,0,0,4,Serious
6328,2023-01-14,10,Sat,Snow,Daylight,Rural Road,50,2,Yes,0,0,5,Serious
6329,2023-11-11,16,Sat,Cloudy,Daylight,Urban Road,60,1,Yes,0,0,0,Serious
6330,2023-05-21,21,Sun,Clear,Dark,Highway,100,1,No,0,0,3,Fatal
6331,2024-06-17,13,Mon,Rain,Daylight,Rural Road,50,1,Yes,0,0,2,Serious
6332,2022-03-17,13,Thu,Rain,Daylight,Intersection,50,1,Yes,0,0,5,Serious
6333,2022-08-19,16,Fri,Cloudy,Daylight,Urban Road,60,3,Yes,0,0,1,Fatal
6334,2024-08-19,6,Mon,Rain,Daylight,Intersection,40,2,No,0,0,1,Serious
6335,2022-10-29,8,Sat,Clear,Daylight,Highway,30,1,Yes,0,0,1,Minor
6336,2023-12-27,20,Wed,Clear,Dark,Highway,40,2,No,0,0,2,Serious
6337,2022-08-03,16,Wed,Rain,Daylight,Highway,50,2,No,0,0,1,Serious
6338,2022-03-10,1,Thu,Fog,Dark,Urban Road,30,2,Yes,0,0,2,Fatal
6339,2023-01-28,8,Sat,Cloudy,Daylight,Rural Road,40,1,No,0,0,0,Minor
6340,2022-09-24,16,Sat,Clear,Daylight,Urban Road,80,3,No,0,0,1,Serious
6341,2024-12-28,17,Sat,Cloudy,Daylight,Intersection,40,2,No,0,0,1,Serious
6342,2023-09-03,18,Sun,Clear,Daylight,Urban Road,40,2,No,0,0,3,Serious
6343,2024-10-05,9,Sat,Cloudy,Daylight,Urban Road,120,2,Yes,0,0,7,Serious
6344,2024-08-19,20,Mon,Cloudy,Dark,Rural Road,70,1,No,0,0,1,Minor
6345,2023-12-29,14,Fri,Rain,Daylight,Highway,30,3,Yes,0,0,2,Fatal
6346,2023-11-04,17,Sat,Fog,Daylight,Rural Road,30,2,Yes,0,0,2,Serious
6347,2023-02-27,15,Mon,Clear,Daylight,Highway,70,1,Yes,0,0,3,Minor
6348,2022-04-25,7,Mon,Clear,Daylight,Highway,60,2,No,0,0,1,Serious
6349,2022-08-08,21,Mon,Clear,Dark,Urban Road,30,4,Yes,0,0,0,Fatal
6350,2022-01-31,7,Mon,Clear,Daylight,Intersection,40,2,No,0,0,0,Minor
6351,2023-09-09,8,Sat,Rain,Daylight,Urban Road,120,2,No,0,0,2,Serious
6352,2023-06-23,18,Fri,Clear,Daylight,Urban Road,60,2,No,0,0,1,Serious
6353,2024-01-09,15,Tue,Cloudy,Daylight,Rural Road,50,1,No,0,0,2,Minor
6354,2024-10-22,18,Tue,Clear,Daylight,Highway,50,2,Yes,0,0,1,Serious
6355,2024-05-20,14,Mon,Fog,Daylight,Intersection,40,2,No,0,0,0,Serious
6356,2022-04-11,11,Mon,Rain,Daylight,Urban Road,50,3,No,0,0,2,Serious
6357,2024-12-17,20,Tue,Clear,Dark,Highway,120,2,Yes,0,0,3,Fatal
6358,2023-11-23,3,Thu,Clear,Dark,Urban Road,30,2,No,0,0,1,Serious
6359,2024-07-29,19,Mon,Clear,Dusk/Dawn,Highway,120,3,Yes,1,0,3,Fatal
6360,2022-12-07,8,Wed,Snow,Daylight,Highway,40,4,No,0,0,2,Fatal
6361,2024-05-10,19,Fri,Rain,Dusk/Dawn,Highway,50,2,No,0,0,7,Serious
6362,2024-11-09,7,Sat,Clear,Daylight,Highway,30,1,No,0,1,1,Serious
6363,2022-02-07,15,Mon,Cloudy,Daylight,Rural Road,60,4,No,0,0,2,Serious
6364,2023-10-22,19,Sun,Clear,Dusk/Dawn,Urban Road,60,1,No,0,0,2,Minor
6365,2024-07-16,13,Tue,Fog,Daylight,Urban Road,70,1,Yes,0,0,0,Serious
6366,2024-11-15,17,Fri,Clear,Daylight,Urban Road,60,2,No,0,0,0,Serious
6367,2023-03-30,18,Thu,Fog,Daylight,Rural Road,50,2,No,0,0,2,Fatal
6368,2024-01-07,17,Sun,Cloudy,Daylight,Highway,80,3,No,1,0,6,Fatal
6369,2024-03-29,20,Fri,Snow,Dark,Urban Road,30,2,No,0,0,1,Serious
6370,2024-02-12,12,Mon,Clear,Daylight,Highway,60,1,No,0,0,1,Minor
6371,2022-01-13,7,Thu,Clear,Daylight,Urban Road,40,2,Yes,0,0,2,Minor
6372,2024-07-03,4,Wed,Cloudy,Dark,Urban Road,50,2,Yes,0,0,1,Serious
6373,2024-07-09,8,Tue,Clear,Daylight,Rural Road,80,3,No,0,0,1,Minor
6374,2024-04-04,7,Thu,Clear,Daylight,Intersection,40,2,No,0,0,1,Minor
6375,2023-01-06,14,Fri,Fog,Daylight,Rural Road,120,1,No,0,0,4,Fatal
6376,2022-11-28,8,Mon,Clear,Daylight,Highway,100,2,Yes,0,0,0,Serious
6377,2022-09-18,3,Sun,Clear,Dark,Highway,50,1,Yes,0,0,1,Minor
6378,2023-11-28,3,Tue,Cloudy,Dark,Intersection,30,1,Yes,0,0,0,Serious
6379,2023-11-18,18,Sat,Clear,Daylight,Urban Road,80,3,Yes,0,0,1,Serious
6380,2024-08-07,15,Wed,Clear,Daylight,Intersection,100,2,No,0,0,4,Fatal
6381,2023-01-22,10,Sun,Fog,Daylight,Urban Road,40,2,No,0,0,1,Minor
6382,2024-03-31,19,Sun,Cloudy,Dusk/Dawn,Intersection,120,2,No,0,0,2,Serious
6383,2023-04-13,5,Thu,Clear,Dark,Intersection,120,2,Yes,0,0,4,Fatal
6384,2022-03-10,22,Thu,Fog,Dark,Rural Road,60,1,Yes,0,0,3,Serious
6385,2022-07-19,15,Tue,Snow,Daylight,Highway,80,2,No,0,0,5,Fatal
6386,2022-08-04,7,Thu,Clear,Daylight,Urban Road,50,1,Yes,0,0,3,Minor
6387,2022-07-31,16,Sun,Clear,Daylight,Intersection,60,5,No,0,0,4,Fatal
6388,2023-05-23,17,Tue,Clear,Daylight,Intersection,50,3,No,0,0,0,Serious
6389,2022-01-16,12,Sun,Fog,Daylight,Highway,40,2,No,1,0,5,Fatal
6390,2024-06-02,19,Sun,Cloudy,Dusk/Dawn,Urban Road,80,1,Yes,0,1,1,Fatal
6391,2022-11-28,7,Mon,Clear,Daylight,Intersection,30,1,Yes,0,0,2,Minor
6392,2023-12-18,9,Mon,Cloudy,Daylight,Urban Road,60,3,Yes,0,0,2,Minor
6393,2023-07-05,6,Wed,Snow,Daylight,Intersection,100,4,Yes,0,0,1,Fatal
6394,2024-07-30,8,Tue,Clear,Daylight,Intersection,40,1,No,1,0,5,Minor
6395,2022-09-13,8,Tue,Fog,Daylight,Intersection,50,4,No,0,0,1,Serious
6396,2024-09-18,20,Wed,Clear,Dark,Highway,60,2,Yes,0,0,1,Minor
6397,2023-12-29,6,Fri,Cloudy,Daylight,Highway,40,1,Yes,0,0,4,Fatal
6398,2024-05-29,12,Wed,Rain,Daylight,Highway,100,1,Yes,0,0,6,Fatal
6399,2024-03-25,14,Mon,Rain,Daylight,Intersection,50,3,No,0,0,1,Fatal
6400,2023-10-11,20,Wed,Rain,Dark,Urban Road,60,2,No,0,0,0,Serious
6401,2024-09-26,23,Thu,Rain,Dark,Highway,40,3,No,0,1,3,Fatal
6402,2023-04-16,17,Sun,Cloudy,Daylight,Urban Road,30,1,No,0,0,2,Serious
6403,2023-11-21,22,Tue,Rain,Dark,Urban Road,40,2,No,1,1,5,Fatal
6404,2023-12-01,18,Fri,Cloudy,Daylight,Intersection,30,1,No,0,0,0,Minor
6405,2023-05-22,21,Mon,Rain,Dark,Rural Road,60,1,No,0,0,2,Fatal
6406,2024-09-18,17,Wed,Clear,Daylight,Rural Road,60,1,Yes,0,0,1,Minor
6407,2024-10-06,6,Sun,Cloudy,Daylight,Highway,30,3,Yes,0,0,1,Serious
6408,2024-03-14,11,Thu,Fog,Daylight,Intersection,30,2,Yes,0,0,1,Serious
6409,2024-04-10,16,Wed,Fog,Daylight,Highway,60,1,Yes,0,1,2,Fatal
6410,2022-08-02,10,Tue,Cloudy,Daylight,Urban Road,80,2,Yes,0,0,0,Minor
6411,2022-06-18,9,Sat,Clear,Daylight,Highway,70,3,Yes,0,0,0,Serious
6412,2024-09-04,15,Wed,Clear,Daylight,Highway,40,2,Yes,0,0,2,Serious
6413,2022-05-26,20,Thu,Clear,Dark,Highway,100,4,No,0,0,1,Fatal
6414,2023-05-31,3,Wed,Rain,Dark,Urban Road,120,4,No,1,0,3,Fatal
6415,2023-03-29,17,Wed,Cloudy,Daylight,Urban Road,50,2,Yes,0,0,3,Serious
6416,2022-03-01,17,Tue,Cloudy,Daylight,Highway,70,2,No,0,0,0,Serious
6417,2023-06-12,21,Mon,Clear,Dark,Highway,60,2,No,0,0,3,Fatal
6418,2024-10-20,20,Sun,Snow,Dark,Intersection,120,2,Yes,0,0,4,Fatal
6419,2023-04-19,17,Wed,Cloudy,Daylight,Highway,60,2,No,1,0,3,Fatal
6420,2024-01-27,14,Sat,Fog,Daylight,Highway,120,1,Yes,0,0,2,Fatal
6421,2024-02-21,8,Wed,Clear,Daylight,Urban Road,40,4,No,0,0,1,Serious
6422,2023-03-09,14,Thu,Rain,Daylight,Intersection,50,3,No,0,0,2,Fatal
6423,2023-02-05,17,Sun,Cloudy,Daylight,Highway,80,1,No,0,0,2,Serious
6424,2022-02-26,19,Sat,Cloudy,Dusk/Dawn,Intersection,80,2,No,0,0,4,Serious
6425,2024-09-29,18,Sun,Rain,Daylight,Urban Road,80,2,No,0,0,2,Serious
6426,2022-07-05,8,Tue,Cloudy,Daylight,Urban Road,100,3,Yes,0,0,1,Serious
6427,2023-02-02,15,Thu,Clear,Daylight,Highway,80,2,Yes,0,0,2,Fatal
6428,2023-08-28,10,Mon,Clear,Daylight,Rural Road,70,2,No,0,0,2,Minor
6429,2024-02-27,0,Tue,Cloudy,Dark,Highway,60,1,No,0,0,2,Fatal
6430,2022-06-07,8,Tue,Clear,Daylight,Urban Road,60,2,No,0,1,5,Fatal
6431,2023-08-12,7,Sat,Clear,Daylight,Highway,50,2,No,0,0,1,Minor
6432,2023-04-11,18,Tue,Clear,Daylight,Urban Road,70,1,Yes,0,0,2,Fatal
6433,2023-03-22,8,Wed,Rain,Daylight,Intersection,50,2,No,0,0,2,Serious
6434,2024-03-11,9,Mon,Rain,Daylight,Rural Road,40,2,No,0,0,2,Serious
6435,2024-07-17,21,Wed,Clear,Dark,Highway,40,5,No,0,0,3,Fatal
6436,2022-01-17,11,Mon,Cloudy,Daylight,Urban Road,120,2,No,0,0,0,Serious
6437,2024-01-01,0,Mon,Cloudy,Dark,Urban Road,30,2,Yes,0,0,1,Serious
6438,2022-11-22,9,Tue,Clear,Daylight,Highway,40,4,No,0,0,2,Serious
6439,2024-09-21,7,Sat,Clear,Daylight,Urban Road,50,3,No,0,0,1,Minor
6440,2023-09-05,6,Tue,Fog,Daylight,Highway,50,2,Yes,0,0,2,Minor
6441,2023-06-30,6,Fri,Rain,Daylight,Urban Road,50,2,No,0,0,4,Serious
6442,2023-08-19,15,Sat,Clear,Daylight,Rural Road,40,4,No,0,0,5,Serious
6443,2024-07-09,8,Tue,Clear,Daylight,Highway,40,2,Yes,0,0,3,Serious
6444,2024-04-21,10,Sun,Clear,Daylight,Highway,100,3,Yes,0,0,2,Fatal
6445,2022-12-10,19,Sat,Clear,Dusk/Dawn,Highway,80,1,Yes,0,0,5,Fatal
6446,2024-05-08,12,Wed,Clear,Daylight,Intersection,40,3,No,0,0,0,Serious
6447,2023-03-21,20,Tue,Fog,Dark,Rural Road,70,2,No,1,0,2,Fatal
6448,2022-08-10,13,Wed,Fog,Daylight,Highway,70,1,No,0,0,2,Fatal
6449,2023-08-15,11,Tue,Snow,Daylight,Urban Road,80,3,Yes,0,0,1,Fatal
6450,2024-10-27,17,Sun,Clear,Daylight,Highway,60,2,No,0,0,5,Fatal
6451,2024-10-14,6,Mon,Snow,Daylight,Urban Road,50,2,Yes,0,0,4,Minor
6452,2022-01-16,6,Sun,Clear,Daylight,Urban Road,70,2,No,0,0,1,Minor
6453,2023-06-08,16,Thu,Clear,Daylight,Intersection,50,1,No,0,0,0,Minor
6454,2024-03-13,13,Wed,Snow,Daylight,Highway,40,1,Yes,0,0,4,Fatal
6455,2022-01-21,18,Fri,Rain,Daylight,Urban Road,50,2,Yes,0,0,2,Minor
6456,2022-08-16,20,Tue,Clear,Dark,Rural Road,80,1,No,0,0,1,Fatal
6457,2024-10-04,11,Fri,Rain,Daylight,Intersection,60,2,Yes,0,1,3,Fatal
6458,2024-03-19,15,Tue,Cloudy,Daylight,Urban Road,50,3,No,0,0,1,Serious
6459,2023-02-08,13,Wed,Rain,Daylight,Rural Road,100,1,Yes,0,0,4,Serious
6460,2024-12-25,22,Wed,Snow,Dark,Urban Road,100,1,Yes,1,0,1,Fatal
6461,2023-03-13,18,Mon,Cloudy,Daylight,Urban Road,50,4,No,0,0,1,Serious
6462,2024-04-08,20,Mon,Fog,Dark,Intersection,50,3,No,0,0,6,Fatal
6463,2024-07-22,8,Mon,Rain,Daylight,Intersection,70,1,No,0,0,3,Serious
6464,2022-09-16,17,Fri,Clear,Daylight,Rural Road,30,1,Yes,0,0,1,Minor
6465,2022-04-13,9,Wed,Clear,Daylight,Urban Road,70,2,Yes,0,0,4,Serious
6466,2024-09-19,8,Thu,Rain,Daylight,Intersection,80,2,No,0,0,0,Minor
6467,2024-02-08,21,Thu,Snow,Dark,Highway,50,3,No,1,0,3,Fatal
6468,2024-03-23,1,Sat,Clear,Dark,Highway,40,2,Yes,1,0,2,Fatal
6469,2022-08-14,21,Sun,Cloudy,Dark,Rural Road,30,5,No,0,0,1,Minor
6470,2024-07-31,7,Wed,Clear,Daylight,Highway,70,2,No,0,0,0,Serious
6471,2023-04-08,18,Sat,Fog,Daylight,Intersection,50,1,Yes,0,0,1,Serious
6472,2022-08-25,9,Thu,Clear,Daylight,Urban Road,60,2,No,0,0,2,Minor
6473,2024-11-15,10,Fri,Clear,Daylight,Urban Road,50,2,No,0,0,1,Minor
6474,2023-05-21,8,Sun,Cloudy,Daylight,Rural Road,40,1,Yes,0,0,1,Minor
6475,2024-03-24,15,Sun,Clear,Daylight,Rural Road,60,1,Yes,0,0,0,Serious
6476,2024-02-06,10,Tue,Clear,Daylight,Urban Road,60,1,Yes,0,0,2,Minor
6477,2023-09-26,16,Tue,Rain,Daylight,Highway,70,2,No,0,0,4,Serious
6478,2024-09-17,1,Tue,Rain,Dark,Rural Road,50,2,No,0,0,1,Serious
6479,2023-09-10,5,Sun,Snow,Dark,Urban Road,40,1,Yes,0,0,4,Serious
6480,2022-09-30,6,Fri,Cloudy,Daylight,Highway,100,2,No,0,0,1,Fatal
6481,2022-08-20,12,Sat,Clear,Daylight,Urban Road,80,2,No,0,0,2,Minor
6482,2024-02-07,18,Wed,Rain,Daylight,Highway,80,4,No,0,0,0,Serious
6483,2023-05-11,19,Thu,Fog,Dusk/Dawn,Intersection,40,3,No,0,0,1,Serious
6484,2024-11-13,8,Wed,Cloudy,Daylight,Urban Road,40,4,No,0,0,1,Minor
6485,2023-05-17,15,Wed,Cloudy,Daylight,Intersection,60,5,Yes,0,1,1,Fatal
6486,2022-01-25,17,Tue,Fog,Daylight,Urban Road,100,2,Yes,0,0,2,Fatal
6487,2022-10-15,9,Sat,Rain,Daylight,Intersection,100,2,No,0,0,0,Serious
6488,2022-12-04,12,Sun,Clear,Daylight,Highway,100,2,No,0,0,1,Serious
6489,2024-11-26,14,Tue,Clear,Daylight,Highway,30,2,No,0,0,2,Serious
6490,2022-05-17,7,Tue,Rain,Daylight,Highway,100,1,No,0,0,3,Fatal
6491,2023-05-23,2,Tue,Fog,Dark,Urban Road,100,2,No,0,0,5,Fatal
6492,2022-08-15,7,Mon,Rain,Daylight,Highway,30,1,No,0,0,2,Fatal
6493,2022-11-16,16,Wed,Fog,Daylight,Urban Road,50,1,No,0,0,5,Fatal
6494,2024-07-04,6,Thu,Clear,Daylight,Urban Road,60,1,Yes,0,0,2,Serious
6495,2022-03-27,8,Sun,Fog,Daylight,Urban Road,40,4,No,0,0,2,Fatal
6496,2024-07-14,10,Sun,Clear,Daylight,Urban Road,60,1,Yes,0,0,2,Serious
6497,2022-02-22,6,Tue,Clear,Daylight,Highway,100,4,No,0,0,3,Serious
6498,2024-05-09,8,Thu,Clear,Daylight,Rural Road,100,1,No,0,0,1,Minor
6499,2024-05-16,20,Thu,Cloudy,Dark,Urban Road,120,2,Yes,0,0,0,Fatal
6500,2023-03-09,1,Thu,Clear,Dark,Intersection,60,2,No,1,0,1,Fatal
6501,2024-09-25,16,Wed,Cloudy,Daylight,Urban Road,50,2,Yes,0,0,1,Minor
6502,2022-04-10,11,Sun,Clear,Daylight,Intersection,70,5,No,0,0,3,Serious
6503,2024-09-16,16,Mon,Clear,Daylight,Urban Road,50,1,No,0,0,1,Serious
6504,2023-08-22,15,Tue,Cloudy,Daylight,Intersection,30,1,Yes,0,0,2,Serious
6505,2023-02-07,8,Tue,Rain,Daylight,Highway,80,2,No,0,0,3,Serious
6506,2023-01-31,19,Tue,Clear,Dusk/Dawn,Rural Road,50,3,No,0,0,2,Serious
6507,2023-02-19,13,Sun,Clear,Daylight,Intersection,30,5,No,0,0,2,Minor
6508,2024-07-27,18,Sat,Cloudy,Daylight,Highway,30,3,No,0,0,0,Serious
6509,2023-11-08,11,Wed,Clear,Daylight,Urban Road,120,2,No,0,0,2,Fatal
6510,2023-04-08,22,Sat,Rain,Dark,Intersection,50,2,Yes,0,0,2,Fatal
6511,2023-06-25,17,Sun,Clear,Daylight,Urban Road,50,2,No,0,0,1,Serious
6512,2022-03-25,21,Fri,Clear,Dark,Highway,120,2,Yes,0,0,3,Fatal
6513,2022-09-28,14,Wed,Clear,Daylight,Rural Road,60,1,No,0,0,0,Minor
6514,2022-09-01,13,Thu,Fog,Daylight,Highway,30,2,Yes,0,1,4,Fatal
6515,2023-01-23,17,Mon,Fog,Daylight,Intersection,60,1,Yes,0,0,1,Serious
6516,2022-08-02,19,Tue,Clear,Dusk/Dawn,Highway,30,2,Yes,0,0,4,Serious
6517,2024-03-28,21,Thu,Snow,Dark,Highway,30,2,No,0,0,0,Fatal
6518,2022-02-28,9,Mon,Cloudy,Daylight,Highway,100,2,No,0,1,1,Serious
6519,2024-06-01,18,Sat,Cloudy,Daylight,Urban Road,50,2,No,0,0,3,Serious
6520,2024-04-22,8,Mon,Clear,Daylight,Intersection,70,1,No,0,0,0,Minor
6521,2024-07-12,14,Fri,Clear,Daylight,Highway,60,1,No,0,0,1,Minor
6522,2022-05-03,7,Tue,Cloudy,Daylight,Highway,40,1,Yes,0,0,2,Serious
6523,2023-03-15,10,Wed,Clear,Daylight,Urban Road,60,1,No,0,0,0,Minor
6524,2024-10-18,20,Fri,Clear,Dark,Intersection,30,1,No,0,0,2,Serious
6525,2023-07-16,7,Sun,Cloudy,Daylight,Urban Road,50,3,Yes,0,0,3,Serious
6526,2022-04-28,16,Thu,Clear,Daylight,Urban Road,60,2,No,0,0,1,Serious
6527,2024-06-23,15,Sun,Clear,Daylight,Urban Road,40,2,No,0,0,1,Minor
6528,2023-01-30,7,Mon,Clear,Daylight,Highway,70,2,Yes,0,0,3,Fatal
6529,2024-05-25,9,Sat,Cloudy,Daylight,Urban Road,30,3,No,0,1,2,Fatal
6530,2024-07-23,15,Tue,Clear,Daylight,Urban Road,60,1,Yes,0,0,0,Fatal
6531,2024-08-09,8,Fri,Cloudy,Daylight,Intersection,80,3,Yes,0,0,1,Fatal
6532,2022-03-16,18,Wed,Rain,Daylight,Intersection,50,5,No,0,0,3,Serious
6533,2022-10-22,22,Sat,Rain,Dark,Rural Road,100,1,No,0,0,3,Fatal
6534,2022-01-21,8,Fri,Clear,Daylight,Urban Road,70,2,Yes,0,0,2,Serious
6535,2024-11-04,8,Mon,Clear,Daylight,Urban Road,120,1,Yes,0,0,2,Fatal
6536,2023-07-14,12,Fri,Rain,Daylight,Highway,50,1,No,0,0,1,Minor
6537,2023-01-07,17,Sat,Clear,Daylight,Rural Road,120,2,Yes,0,0,3,Fatal
6538,2024-03-28,9,Thu,Cloudy,Daylight,Urban Road,70,3,No,0,0,2,Serious
6539,2024-12-28,1,Sat,Clear,Dark,Intersection,80,2,Yes,0,1,3,Fatal
6540,2024-04-25,14,Thu,Rain,Daylight,Highway,120,2,No,0,0,0,Fatal
6541,2023-06-05,21,Mon,Clear,Dark,Rural Road,60,2,No,0,0,2,Serious
6542,2023-01-06,11,Fri,Snow,Daylight,Rural Road,100,2,No,0,0,1,Fatal
6543,2022-04-11,12,Mon,Clear,Daylight,Highway,60,2,No,0,0,2,Minor
6544,2023-10-23,21,Mon,Clear,Dark,Rural Road,60,3,No,0,0,0,Fatal
6545,2024-08-25,17,Sun,Cloudy,Daylight,Intersection,50,2,No,0,0,1,Minor
6546,2022-08-31,17,Wed,Rain,Daylight,Intersection,40,2,No,0,0,1,Minor
6547,2024-01-23,15,Tue,Rain,Daylight,Rural Road,60,2,No,0,1,3,Fatal
6548,2023-05-27,22,Sat,Rain,Dark,Highway,120,4,Yes,0,0,3,Fatal
6549,2024-04-28,16,Sun,Fog,Daylight,Intersection,80,3,Yes,0,0,2,Fatal
6550,2023-07-09,19,Sun,Clear,Dusk/Dawn,Rural Road,80,1,No,0,0,1,Serious
6551,2022-08-14,17,Sun,Clear,Daylight,Urban Road,70,2,No,0,0,1,Minor
6552,2022-08-02,17,Tue,Cloudy,Daylight,Highway,50,2,No,0,0,4,Serious
6553,2023-12-19,9,Tue,Clear,Daylight,Highway,40,5,Yes,0,0,0,Serious
6554,2022-03-08,9,Tue,Fog,Daylight,Highway,40,2,No,0,0,0,Serious
6555,2023-01-31,18,Tue,Clear,Daylight,Rural Road,30,1,No,0,0,0,Serious
6556,2023-09-04,9,Mon,Clear,Daylight,Highway,70,2,No,0,0,2,Serious
6557,2024-11-01,15,Fri,Clear,Daylight,Highway,100,2,Yes,0,0,1,Minor
6558,2024-02-09,8,Fri,Rain,Daylight,Urban Road,50,2,No,0,0,1,Serious
6559,2023-02-11,18,Sat,Rain,Daylight,Urban Road,30,1,Yes,0,0,4,Fatal
6560,2024-07-13,6,Sat,Clear,Daylight,Highway,50,1,No,0,0,1,Minor
6561,2023-10-09,18,Mon,Clear,Daylight,Highway,50,1,No,0,0,2,Minor
6562,2022-08-10,15,Wed,Cloudy,Daylight,Highway,60,2,No,0,0,4,Serious
6563,2023-10-16,8,Mon,Clear,Daylight,Rural Road,50,2,No,0,0,1,Minor
6564,2023-03-04,14,Sat,Cloudy,Daylight,Highway,50,3,No,0,0,1,Minor
6565,2024-09-03,9,Tue,Cloudy,Daylight,Urban Road,120,2,Yes,0,0,1,Fatal
6566,2024-10-02,9,Wed,Cloudy,Daylight,Highway,50,1,No,0,0,1,Serious
6567,2023-01-06,10,Fri,Cloudy,Daylight,Highway,80,3,Yes,0,0,6,Fatal
6568,2024-04-29,5,Mon,Clear,Dark,Urban Road,70,3,No,0,1,3,Fatal
6569,2024-05-05,22,Sun,Cloudy,Dark,Highway,50,2,No,0,0,2,Fatal
6570,2022-08-17,3,Wed,Cloudy,Dark,Highway,100,2,No,0,0,4,Serious
6571,2022-10-07,16,Fri,Cloudy,Daylight,Urban Road,60,3,No,0,0,2,Serious
6572,2024-12-06,11,Fri,Clear,Daylight,Urban Road,30,1,No,0,0,1,Serious
6573,2024-09-01,16,Sun,Cloudy,Daylight,Rural Road,30,4,Yes,0,0,1,Minor
6574,2024-01-28,10,Sun,Snow,Daylight,Highway,80,3,No,0,0,2,Fatal
6575,2024-11-13,16,Wed,Snow,Daylight,Intersection,50,2,No,0,0,1,Fatal
6576,2022-11-17,17,Thu,Clear,Daylight,Intersection,50,2,No,0,0,2,Serious
6577,2022-10-01,16,Sat,Clear,Daylight,Rural Road,40,1,No,0,0,0,Minor
6578,2023-07-10,7,Mon,Cloudy,Daylight,Urban Road,40,5,No,0,0,2,Minor
6579,2024-04-23,16,Tue,Rain,Daylight,Intersection,80,3,Yes,0,0,4,Fatal
6580,2023-10-30,9,Mon,Clear,Daylight,Highway,100,2,Yes,0,0,3,Fatal
6581,2024-09-26,2,Thu,Cloudy,Dark,Highway,60,1,Yes,1,0,4,Fatal
6582,2023-01-15,12,Sun,Clear,Daylight,Highway,50,2,No,0,0,2,Fatal
6583,2023-12-12,12,Tue,Clear,Daylight,Intersection,120,5,Yes,0,1,4,Fatal
6584,2024-01-16,13,Tue,Clear,Daylight,Urban Road,70,3,No,0,0,1,Minor
6585,2023-11-06,17,Mon,Clear,Daylight,Intersection,80,1,Yes,0,0,0,Fatal
6586,2022-04-26,9,Tue,Clear,Daylight,Highway,30,2,No,0,0,2,Minor
6587,2023-08-28,9,Mon,Clear,Daylight,Intersection,60,1,No,0,0,2,Minor
6588,2024-12-01,5,Sun,Clear,Dark,Intersection,100,4,Yes,0,0,4,Fatal
6589,2023-01-14,16,Sat,Rain,Daylight,Intersection,50,2,Yes,0,0,3,Fatal
6590,2023-04-11,15,Tue,Cloudy,Daylight,Urban Road,80,3,No,0,0,4,Serious
6591,2022-10-07,10,Fri,Rain,Daylight,Intersection,70,1,No,0,0,0,Minor
6592,2023-09-10,17,Sun,Clear,Daylight,Intersection,40,1,No,0,0,0,Minor
6593,2022-04-28,14,Thu,Clear,Daylight,Urban Road,80,2,Yes,0,0,3,Minor
6594,2022-11-05,13,Sat,Cloudy,Daylight,Urban Road,40,3,No,0,0,1,Serious
6595,2022-04-10,14,Sun,Cloudy,Daylight,Rural Road,80,1,No,0,0,2,Serious
6596,2022-09-18,16,Sun,Clear,Daylight,Urban Road,120,2,Yes,0,0,1,Minor
6597,2024-09-19,16,Thu,Clear,Daylight,Rural Road,120,2,No,0,0,3,Fatal
6598,2022-10-13,9,Thu,Rain,Daylight,Highway,100,3,No,0,0,1,Fatal
6599,2022-11-24,7,Thu,Snow,Daylight,Urban Road,60,2,Yes,0,0,4,Serious
6600,2022-03-04,7,Fri,Clear,Daylight,Highway,70,1,No,0,0,3,Minor
6601,2023-11-18,16,Sat,Rain,Daylight,Highway,80,2,No,0,0,1,Serious
6602,2024-01-08,19,Mon,Fog,Dusk/Dawn,Highway,30,4,Yes,0,0,2,Fatal
6603,2024-10-27,12,Sun,Cloudy,Daylight,Intersection,40,3,No,0,0,0,Serious
6604,2023-10-01,7,Sun,Clear,Daylight,Highway,60,2,No,0,1,4,Fatal
6605,2024-07-24,17,Wed,Cloudy,Daylight,Intersection,30,5,No,0,0,1,Minor
6606,2023-04-21,18,Fri,Clear,Daylight,Rural Road,120,1,No,0,0,5,Fatal
6607,2022-02-22,19,Tue,Fog,Dusk/Dawn,Urban Road,60,2,No,0,0,1,Serious
6608,2024-01-24,15,Wed,Rain,Daylight,Highway,50,3,No,0,0,0,Serious
6609,2023-05-01,19,Mon,Clear,Dusk/Dawn,Highway,50,1,Yes,0,0,3,Minor
6610,2023-02-13,1,Mon,Fog,Dark,Urban Road,100,5,No,0,0,4,Fatal
6611,2024-10-27,6,Sun,Clear,Daylight,Highway,120,2,No,0,0,0,Serious
6612,2023-10-30,6,Mon,Clear,Daylight,Urban Road,40,2,No,0,0,0,Minor
6613,2024-04-14,17,Sun,Clear,Daylight,Intersection,80,1,No,0,0,1,Serious
6614,2024-05-25,5,Sat,Rain,Dark,Highway,60,2,No,0,1,3,Fatal
6615,2023-01-02,13,Mon,Clear,Daylight,Urban Road,60,2,No,0,0,3,Minor
6616,2024-09-28,13,Sat,Cloudy,Daylight,Intersection,80,2,No,0,0,0,Serious
6617,2022-09-07,9,Wed,Clear,Daylight,Intersection,40,1,Yes,0,0,1,Minor
6618,2023-01-15,19,Sun,Clear,Dusk/Dawn,Intersection,60,3,Yes,1,0,2,Fatal
6619,2024-05-21,7,Tue,Clear,Daylight,Intersection,50,1,No,0,0,2,Minor
6620,2024-04-14,10,Sun,Rain,Daylight,Urban Road,30,3,Yes,0,0,4,Fatal
6621,2024-02-14,17,Wed,Clear,Daylight,Intersection,40,2,Yes,0,1,6,Fatal
6622,2024-07-07,2,Sun,Clear,Dark,Intersection,40,2,Yes,0,0,3,Minor
6623,2023-03-31,16,Fri,Clear,Daylight,Urban Road,70,2,Yes,0,0,1,Serious
6624,2023-01-01,18,Sun,Clear,Daylight,Urban Road,40,2,Yes,0,0,0,Minor
6625,2023-02-07,20,Tue,Snow,Dark,Urban Road,60,3,Yes,0,0,3,Fatal
6626,2022-02-27,19,Sun,Rain,Dusk/Dawn,Urban Road,60,5,Yes,0,0,2,Fatal
6627,2023-06-05,9,Mon,Clear,Daylight,Highway,120,2,Yes,0,0,1,Fatal
6628,2022-07-29,15,Fri,Clear,Daylight,Urban Road,70,2,Yes,0,0,1,Minor
6629,2024-11-30,6,Sat,Cloudy,Daylight,Urban Road,120,2,Yes,0,0,3,Fatal
6630,2024-03-26,8,Tue,Clear,Daylight,Urban Road,30,5,No,0,0,1,Minor
6631,2022-06-22,6,Wed,Cloudy,Daylight,Highway,80,3,Yes,0,0,1,Serious
6632,2022-08-22,9,Mon,Clear,Daylight,Rural Road,30,2,No,0,0,1,Serious
6633,2024-03-03,19,Sun,Clear,Dusk/Dawn,Highway,80,2,Yes,0,0,2,Fatal
6634,2024-03-03,10,Sun,Fog,Daylight,Highway,50,1,Yes,0,0,1,Fatal
6635,2024-11-28,15,Thu,Cloudy,Daylight,Urban Road,70,3,No,0,0,2,Serious
6636,2022-04-29,12,Fri,Clear,Daylight,Urban Road,50,3,No,0,0,0,Minor
6637,2022-12-01,12,Thu,Clear,Daylight,Highway,40,5,Yes,0,0,1,Fatal
6638,2022-11-20,22,Sun,Clear,Dark,Urban Road,80,2,Yes,0,0,0,Minor
6639,2024-10-07,9,Mon,Cloudy,Daylight,Rural Road,120,2,Yes,0,0,5,Fatal
6640,2022-10-11,16,Tue,Fog,Daylight,Urban Road,40,2,No,0,0,0,Serious
6641,2022-08-01,12,Mon,Clear,Daylight,Urban Road,120,2,Yes,0,0,0,Serious
6642,2024-07-17,5,Wed,Clear,Dark,Highway,40,2,Yes,0,1,4,Serious
6643,2024-01-22,13,Mon,Clear,Daylight,Urban Road,80,3,No,0,0,1,Minor
6644,2022-12-05,18,Mon,Clear,Daylight,Intersection,120,1,Yes,0,0,2,Serious
6645,2024-11-11,6,Mon,Clear,Daylight,Urban Road,40,1,Yes,0,0,3,Serious
6646,2022-04-15,5,Fri,Rain,Dark,Intersection,50,3,Yes,0,0,1,Fatal
6647,2024-02-09,7,Fri,Clear,Daylight,Urban Road,50,4,Yes,0,0,3,Fatal
6648,2023-12-17,17,Sun,Clear,Daylight,Rural Road,50,2,Yes,0,0,3,Serious
6649,2024-02-02,17,Fri,Rain,Daylight,Intersection,80,3,No,0,0,2,Fatal
6650,2023-01-14,15,Sat,Clear,Daylight,Rural Road,70,3,No,0,0,1,Minor
6651,2023-12-14,13,Thu,Clear,Daylight,Intersection,120,2,No,0,0,0,Serious
6652,2022-08-13,19,Sat,Clear,Dusk/Dawn,Urban Road,40,1,No,0,0,5,Serious
6653,2024-01-08,17,Mon,Clear,Daylight,Intersection,60,4,No,0,0,2,Serious
6654,2022-08-24,18,Wed,Cloudy,Daylight,Urban Road,50,4,No,0,1,4,Fatal
6655,2022-07-02,18,Sat,Rain,Daylight,Intersection,120,2,No,0,0,0,Serious
6656,2023-12-13,16,Wed,Clear,Daylight,Highway,30,1,No,0,0,1,Minor
6657,2023-03-20,12,Mon,Clear,Daylight,Rural Road,120,4,Yes,0,0,1,Serious
6658,2023-09-15,19,Fri,Clear,Dusk/Dawn,Intersection,60,3,Yes,1,0,2,Fatal
6659,2024-10-26,20,Sat,Rain,Dark,Highway,70,1,No,0,0,1,Serious
6660,2024-01-19,2,Fri,Rain,Dark,Rural Road,50,1,Yes,0,0,1,Fatal
6661,2022-06-04,5,Sat,Clear,Dark,Intersection,100,5,No,0,0,4,Fatal
6662,2022-09-14,21,Wed,Clear,Dark,Highway,60,1,No,0,0,1,Fatal
6663,2022-08-23,9,Tue,Clear,Daylight,Urban Road,70,2,No,1,0,0,Fatal
6664,2023-05-15,19,Mon,Fog,Dusk/Dawn,Urban Road,70,2,Yes,0,0,4,Fatal
6665,2022-10-16,11,Sun,Cloudy,Daylight,Urban Road,50,1,Yes,0,0,2,Serious
6666,2023-05-25,7,Thu,Cloudy,Daylight,Highway,30,1,No,0,0,2,Minor
6667,2023-12-10,6,Sun,Clear,Daylight,Highway,100,2,No,0,0,4,Fatal
6668,2024-02-24,7,Sat,Fog,Daylight,Highway,50,2,No,0,0,1,Serious
6669,2024-06-12,8,Wed,Fog,Daylight,Highway,100,3,No,0,0,4,Fatal
6670,2024-02-15,13,Thu,Cloudy,Daylight,Highway,70,2,Yes,0,0,1,Serious
6671,2022-10-25,17,Tue,Clear,Daylight,Rural Road,50,2,No,0,0,1,Minor
6672,2022-05-17,22,Tue,Fog,Dark,Urban Road,60,2,No,0,0,2,Fatal
6673,2023-01-11,12,Wed,Clear,Daylight,Rural Road,70,1,No,0,0,2,Minor
6674,2022-03-28,14,Mon,Rain,Daylight,Highway,80,1,No,0,0,0,Serious
6675,2023-03-13,14,Mon,Clear,Daylight,Urban Road,100,3,Yes,0,0,2,Fatal
6676,2024-02-03,14,Sat,Snow,Daylight,Urban Road,40,1,Yes,0,0,1,Fatal
6677,2023-12-03,14,Sun,Cloudy,Daylight,Intersection,120,2,No,0,0,3,Minor
6678,2024-07-30,0,Tue,Clear,Dark,Rural Road,50,3,No,1,0,5,Fatal
6679,2022-06-01,0,Wed,Rain,Dark,Intersection,100,2,No,1,0,0,Fatal
6680,2024-10-28,6,Mon,Clear,Daylight,Highway,40,2,No,0,0,2,Minor
6681,2024-03-17,6,Sun,Clear,Daylight,Rural Road,30,3,No,0,0,1,Minor
6682,2022-08-23,17,Tue,Clear,Daylight,Urban Road,60,3,Yes,0,0,3,Serious
6683,2023-11-06,8,Mon,Clear,Daylight,Intersection,50,4,No,0,0,0,Serious
6684,2023-07-15,19,Sat,Cloudy,Dusk/Dawn,Urban Road,120,2,Yes,0,0,0,Fatal
6685,2022-02-07,20,Mon,Clear,Dark,Urban Road,40,4,Yes,0,0,2,Serious
6686,2024-04-01,22,Mon,Rain,Dark,Highway,30,3,No,0,0,2,Serious
6687,2023-02-25,21,Sat,Cloudy,Dark,Rural Road,30,2,No,0,0,2,Minor
6688,2022-12-14,9,Wed,Cloudy,Daylight,Highway,40,2,No,0,0,2,Minor
6689,2024-01-18,13,Thu,Snow,Daylight,Highway,60,1,No,0,0,1,Fatal
6690,2022-09-30,7,Fri,Clear,Daylight,Highway,60,2,No,0,0,3,Minor
6691,2022-11-04,18,Fri,Cloudy,Daylight,Intersection,50,2,No,0,1,2,Serious
6692,2024-09-02,19,Mon,Clear,Dusk/Dawn,Urban Road,30,2,No,0,0,4,Serious
6693,2024-01-03,19,Wed,Cloudy,Dusk/Dawn,Intersection,40,1,Yes,0,0,2,Minor
6694,2024-10-29,12,Tue,Fog,Daylight,Intersection,40,2,Yes,0,0,1,Minor
6695,2023-03-20,17,Mon,Snow,Daylight,Intersection,80,2,No,0,0,2,Serious
6696,2023-02-09,6,Thu,Clear,Daylight,Intersection,80,2,No,0,0,4,Serious
6697,2024-05-02,3,Thu,Rain,Dark,Intersection,80,2,Yes,0,0,2,Fatal
6698,2024-02-17,17,Sat,Cloudy,Daylight,Highway,120,3,No,1,0,3,Fatal
6699,2022-04-25,12,Mon,Cloudy,Daylight,Highway,100,2,No,0,0,1,Serious
6700,2022-03-06,23,Sun,Clear,Dark,Urban Road,60,2,No,0,0,0,Serious
6701,2024-04-04,6,Thu,Cloudy,Daylight,Urban Road,50,2,No,0,0,3,Serious
6702,2022-08-27,19,Sat,Clear,Dusk/Dawn,Highway,120,3,No,0,0,2,Serious
6703,2022-10-29,13,Sat,Rain,Daylight,Rural Road,70,2,No,0,0,2,Serious
6704,2024-08-26,18,Mon,Fog,Daylight,Urban Road,50,3,Yes,0,0,5,Fatal
6705,2023-01-04,18,Wed,Clear,Daylight,Intersection,60,1,Yes,0,0,1,Minor
6706,2022-08-21,20,Sun,Clear,Dark,Urban Road,120,2,No,0,0,3,Fatal
6707,2022-07-14,9,Thu,Snow,Daylight,Urban Road,100,1,No,0,0,4,Fatal
6708,2024-06-25,21,Tue,Clear,Dark,Urban Road,50,1,Yes,0,0,2,Serious
6709,2024-11-01,7,Fri,Clear,Daylight,Urban Road,120,2,No,0,0,0,Fatal
6710,2024-07-09,6,Tue,Snow,Daylight,Intersection,120,4,No,0,0,3,Fatal
6711,2023-11-20,12,Mon,Cloudy,Daylight,Highway,40,2,Yes,0,0,0,Minor
6712,2022-06-26,18,Sun,Rain,Daylight,Urban Road,100,2,No,0,0,2,Serious
6713,2022-08-05,13,Fri,Clear,Daylight,Rural Road,100,3,Yes,0,0,5,Fatal
6714,2024-10-31,18,Thu,Clear,Daylight,Urban Road,30,1,Yes,0,0,2,Serious
6715,2023-09-22,17,Fri,Fog,Daylight,Highway,70,2,Yes,0,0,2,Fatal
6716,2022-06-13,8,Mon,Rain,Daylight,Highway,50,2,Yes,0,0,4,Fatal
6717,2022-02-22,21,Tue,Rain,Dark,Highway,70,2,No,0,0,1,Fatal
6718,2022-08-06,5,Sat,Cloudy,Dark,Urban Road,120,2,No,0,0,5,Fatal
6719,2024-09-25,20,Wed,Clear,Dark,Intersection,60,1,No,0,0,1,Serious
6720,2024-04-03,9,Wed,Clear,Daylight,Urban Road,50,2,No,0,0,2,Minor
6721,2023-01-20,13,Fri,Cloudy,Daylight,Highway,120,4,No,0,0,4,Fatal
6722,2022-02-25,12,Fri,Rain,Daylight,Urban Road,120,5,No,0,0,3,Fatal
6723,2022-04-28,7,Thu,Rain,Daylight,Highway,30,2,No,0,0,1,Serious
6724,2024-06-18,10,Tue,Cloudy,Daylight,Intersection,120,2,No,0,0,1,Serious
6725,2024-03-08,8,Fri,Cloudy,Daylight,Urban Road,30,1,No,0,1,2,Minor
6726,2024-02-19,8,Mon,Rain,Daylight,Intersection,50,2,No,0,0,2,Serious
6727,2024-10-12,8,Sat,Clear,Daylight,Urban Road,80,3,Yes,0,0,2,Serious
6728,2024-03-13,13,Wed,Cloudy,Daylight,Intersection,80,2,No,0,0,2,Fatal
6729,2024-04-24,18,Wed,Fog,Daylight,Highway,80,3,No,0,0,1,Fatal
6730,2024-05-04,15,Sat,Clear,Daylight,Highway,30,2,No,0,0,2,Minor
6731,2023-12-09,19,Sat,Rain,Dusk/Dawn,Highway,40,2,Yes,0,0,3,Serious
6732,2022-01-22,16,Sat,Clear,Daylight,Urban Road,120,1,Yes,0,0,1,Fatal
6733,2024-04-22,16,Mon,Cloudy,Daylight,Urban Road,30,3,No,0,0,2,Minor
6734,2022-07-11,16,Mon,Clear,Daylight,Urban Road,30,5,Yes,0,0,1,Minor
6735,2024-10-15,12,Tue,Cloudy,Daylight,Intersection,100,2,Yes,0,0,1,Serious
6736,2023-01-31,16,Tue,Cloudy,Daylight,Highway,70,1,Yes,0,0,2,Serious
6737,2024-10-27,5,Sun,Cloudy,Dark,Urban Road,50,5,Yes,0,0,1,Serious
6738,2023-10-02,19,Mon,Fog,Dusk/Dawn,Intersection,40,2,Yes,0,0,3,Fatal
6739,2024-10-15,18,Tue,Cloudy,Daylight,Urban Road,100,2,No,1,0,3,Fatal
6740,2023-07-21,8,Fri,Clear,Daylight,Intersection,120,1,Yes,0,0,0,Fatal
6741,2022-08-19,17,Fri,Clear,Daylight,Urban Road,30,1,No,0,0,0,Serious
6742,2024-05-23,1,Thu,Cloudy,Dark,Urban Road,60,1,No,0,0,3,Serious
6743,2023-07-28,8,Fri,Clear,Daylight,Highway,50,2,No,0,0,5,Serious
6744,2022-08-28,5,Sun,Clear,Dark,Intersection,100,2,Yes,0,0,3,Fatal
6745,2022-03-31,18,Thu,Clear,Daylight,Intersection,50,2,Yes,0,0,0,Fatal
6746,2022-08-20,17,Sat,Clear,Daylight,Intersection,80,2,No,0,0,1,Serious
6747,2023-04-02,18,Sun,Snow,Daylight,Urban Road,60,2,No,0,0,0,Serious
6748,2022-08-21,0,Sun,Fog,Dark,Intersection,60,3,No,0,0,3,Fatal
6749,2022-12-20,13,Tue,Clear,Daylight,Urban Road,100,4,Yes,0,0,1,Serious
6750,2024-10-01,17,Tue,Cloudy,Daylight,Urban Road,60,2,Yes,0,0,4,Minor
6751,2023-03-15,7,Wed,Clear,Daylight,Intersection,100,1,Yes,0,0,1,Serious
6752,2022-12-11,16,Sun,Snow,Daylight,Highway,50,2,Yes,0,0,2,Fatal
6753,2023-10-26,6,Thu,Clear,Daylight,Highway,40,1,Yes,0,0,1,Minor
6754,2023-10-19,7,Thu,Fog,Daylight,Urban Road,60,4,Yes,0,1,3,Serious
6755,2022-05-10,13,Tue,Clear,Daylight,Rural Road,60,1,Yes,0,0,2,Serious
6756,2022-05-21,16,Sat,Clear,Daylight,Urban Road,60,2,No,0,0,1,Serious
6757,2023-02-19,7,Sun,Cloudy,Daylight,Urban Road,100,1,No,0,0,2,Serious
6758,2023-09-18,8,Mon,Clear,Daylight,Intersection,60,2,Yes,0,0,4,Fatal
6759,2022-10-11,8,Tue,Cloudy,Daylight,Urban Road,100,1,No,0,1,3,Serious
6760,2022-08-11,8,Thu,Rain,Daylight,Highway,60,3,No,0,0,2,Fatal
6761,2024-01-14,8,Sun,Clear,Daylight,Urban Road,40,4,Yes,0,0,2,Fatal
6762,2023-04-08,11,Sat,Rain,Daylight,Intersection,40,2,Yes,0,1,4,Fatal
6763,2022-12-23,16,Fri,Clear,Daylight,Highway,100,2,Yes,0,0,1,Serious
6764,2024-11-12,12,Tue,Rain,Daylight,Urban Road,30,2,No,1,0,0,Fatal
6765,2024-05-08,18,Wed,Cloudy,Daylight,Highway,40,2,Yes,0,0,1,Minor
6766,2023-10-27,17,Fri,Clear,Daylight,Urban Road,30,1,Yes,0,0,1,Minor
6767,2024-10-11,7,Fri,Fog,Daylight,Highway,50,3,No,0,0,3,Fatal
6768,2022-03-26,4,Sat,Clear,Dark,Urban Road,60,1,No,0,0,0,Serious
6769,2023-09-13,19,Wed,Rain,Dusk/Dawn,Urban Road,30,1,Yes,0,0,0,Fatal
6770,2024-11-20,6,Wed,Clear,Daylight,Intersection,60,2,No,0,0,3,Minor
6771,2022-08-28,7,Sun,Clear,Daylight,Rural Road,50,1,Yes,0,0,1,Minor
6772,2022-12-29,2,Thu,Cloudy,Dark,Intersection,80,2,No,0,1,2,Fatal
6773,2024-04-01,16,Mon,Clear,Daylight,Rural Road,100,1,Yes,0,0,1,Serious
6774,2023-10-30,15,Mon,Rain,Daylight,Highway,70,3,No,0,0,3,Fatal
6775,2022-04-09,22,Sat,Rain,Dark,Highway,60,2,No,0,1,3,Fatal
6776,2022-02-16,19,Wed,Rain,Dusk/Dawn,Intersection,40,2,Yes,0,0,5,Fatal
6777,2024-04-18,12,Thu,Rain,Daylight,Urban Road,100,1,Yes,0,0,4,Serious
6778,2023-02-26,11,Sun,Rain,Daylight,Intersection,50,1,Yes,0,0,4,Minor
6779,2022-03-03,9,Thu,Clear,Daylight,Highway,50,2,Yes,0,0,1,Serious
6780,2024-10-06,7,Sun,Cloudy,Daylight,Highway,120,2,Yes,0,0,1,Serious
6781,2023-08-21,7,Mon,Cloudy,Daylight,Urban Road,120,2,Yes,0,0,4,Serious
6782,2023-01-27,7,Fri,Clear,Daylight,Urban Road,100,2,Yes,0,0,0,Serious
6783,2024-09-03,7,Tue,Clear,Daylight,Highway,120,1,Yes,0,0,4,Fatal
6784,2024-12-11,8,Wed,Snow,Daylight,Urban Road,100,3,No,0,0,4,Fatal
6785,2023-08-26,9,Sat,Cloudy,Daylight,Urban Road,80,4,No,0,0,3,Serious
6786,2022-12-03,21,Sat,Cloudy,Dark,Urban Road,50,2,Yes,0,0,3,Serious
6787,2024-03-20,15,Wed,Cloudy,Daylight,Highway,120,4,No,1,0,4,Fatal
6788,2024-01-22,22,Mon,Clear,Dark,Rural Road,100,4,No,0,0,3,Fatal
6789,2024-05-30,11,Thu,Cloudy,Daylight,Urban Road,40,1,No,0,0,3,Minor
6790,2023-09-27,12,Wed,Cloudy,Daylight,Urban Road,60,1,No,0,0,1,Minor
6791,2022-09-11,9,Sun,Clear,Daylight,Urban Road,30,2,No,0,0,1,Minor
6792,2022-01-20,7,Thu,Clear,Daylight,Intersection,120,2,No,0,0,3,Serious
6793,2023-06-12,7,Mon,Clear,Daylight,Urban Road,60,2,Yes,1,0,6,Serious
6794,2023-01-11,21,Wed,Rain,Dark,Intersection,40,2,Yes,0,1,3,Fatal
6795,2022-06-15,22,Wed,Clear,Dark,Urban Road,50,2,Yes,0,0,3,Serious
6796,2024-05-10,4,Fri,Clear,Dark,Highway,120,2,No,0,0,3,Fatal
6797,2023-09-09,7,Sat,Clear,Daylight,Urban Road,70,1,No,0,0,2,Minor
6798,2023-09-04,12,Mon,Clear,Daylight,Urban Road,50,3,Yes,0,0,3,Fatal
6799,2023-05-18,8,Thu,Clear,Daylight,Urban Road,60,4,Yes,0,0,5,Fatal
6800,2024-07-01,10,Mon,Snow,Daylight,Rural Road,30,3,No,1,0,0,Fatal
6801,2022-03-20,7,Sun,Clear,Daylight,Highway,30,1,Yes,0,0,2,Fatal
6802,2023-08-08,12,Tue,Cloudy,Daylight,Rural Road,60,1,No,0,0,3,Serious
6803,2023-11-19,9,Sun,Cloudy,Daylight,Rural Road,60,2,No,0,0,1,Minor
6804,2023-01-31,10,Tue,Cloudy,Daylight,Rural Road,50,4,No,0,0,4,Fatal
6805,2023-02-06,6,Mon,Fog,Daylight,Urban Road,60,3,Yes,0,0,4,Fatal
6806,2024-09-01,12,Sun,Clear,Daylight,Intersection,30,2,No,0,0,3,Serious
6807,2022-08-12,22,Fri,Clear,Dark,Urban Road,120,1,Yes,0,0,1,Fatal
6808,2023-06-02,10,Fri,Clear,Daylight,Highway,50,3,No,0,0,0,Serious
6809,2023-09-26,19,Tue,Cloudy,Dusk/Dawn,Intersection,30,3,No,0,0,0,Fatal
6810,2022-08-24,18,Wed,Clear,Daylight,Highway,40,4,No,0,0,4,Serious
6811,2022-04-26,21,Tue,Rain,Dark,Rural Road,30,2,No,0,1,1,Fatal
6812,2022-08-14,18,Sun,Snow,Daylight,Highway,40,2,Yes,0,0,0,Fatal
6813,2022-08-18,16,Thu,Cloudy,Daylight,Highway,50,2,No,0,0,0,Minor
6814,2022-07-01,19,Fri,Snow,Dusk/Dawn,Highway,80,4,Yes,0,0,1,Fatal
6815,2022-07-29,6,Fri,Rain,Daylight,Urban Road,50,2,No,0,0,1,Minor
6816,2022-04-06,13,Wed,Clear,Daylight,Highway,50,2,Yes,0,0,3,Serious
6817,2024-06-12,22,Wed,Rain,Dark,Highway,120,2,No,1,0,3,Fatal
6818,2024-01-26,17,Fri,Clear,Daylight,Rural Road,50,3,No,0,0,5,Serious
6819,2023-02-19,21,Sun,Cloudy,Dark,Rural Road,80,2,No,0,0,3,Serious
6820,2023-01-29,18,Sun,Rain,Daylight,Intersection,40,2,No,0,0,1,Minor
6821,2023-11-27,19,Mon,Clear,Dusk/Dawn,Intersection,40,3,Yes,0,0,1,Serious
6822,2024-04-23,17,Tue,Cloudy,Daylight,Urban Road,60,2,No,0,0,1,Serious
6823,2023-08-27,17,Sun,Clear,Daylight,Intersection,40,1,No,0,0,0,Minor
6824,2023-08-05,14,Sat,Cloudy,Daylight,Urban Road,120,3,No,0,0,2,Fatal
6825,2022-05-13,20,Fri,Cloudy,Dark,Urban Road,30,2,No,0,0,0,Serious
6826,2024-03-01,18,Fri,Cloudy,Daylight,Rural Road,60,4,No,0,0,4,Fatal
6827,2023-10-11,18,Wed,Clear,Daylight,Highway,70,5,Yes,0,0,3,Minor
6828,2022-08-09,16,Tue,Clear,Daylight,Rural Road,30,2,No,0,0,0,Serious
6829,2024-09-02,9,Mon,Cloudy,Daylight,Urban Road,80,5,No,0,0,2,Serious
6830,2024-12-05,3,Thu,Cloudy,Dark,Highway,60,2,Yes,0,0,2,Serious
6831,2024-02-27,20,Tue,Clear,Dark,Highway,80,2,No,0,0,2,Serious
6832,2023-11-22,15,Wed,Clear,Daylight,Highway,100,1,No,0,0,2,Serious
6833,2022-02-08,9,Tue,Clear,Daylight,Intersection,50,1,No,0,0,1,Minor
6834,2023-11-21,7,Tue,Cloudy,Daylight,Intersection,60,3,No,1,0,2,Fatal
6835,2022-06-11,18,Sat,Clear,Daylight,Urban Road,50,4,No,0,0,5,Fatal
6836,2022-06-10,18,Fri,Clear,Daylight,Highway,40,2,No,0,0,1,Serious
6837,2024-12-13,18,Fri,Rain,Daylight,Highway,30,2,No,0,0,1,Serious
6838,2024-11-23,16,Sat,Clear,Daylight,Intersection,120,2,Yes,0,0,1,Serious
6839,2022-08-30,10,Tue,Cloudy,Daylight,Highway,50,3,No,0,0,1,Minor
6840,2024-08-24,9,Sat,Clear,Daylight,Intersection,30,1,No,0,0,5,Minor
6841,2024-06-08,0,Sat,Clear,Dark,Rural Road,30,2,No,0,0,0,Minor
6842,2022-04-23,18,Sat,Rain,Daylight,Intersection,50,3,No,0,0,2,Fatal
6843,2024-10-10,6,Thu,Clear,Daylight,Urban Road,30,4,No,0,0,0,Minor
6844,2022-11-14,16,Mon,Clear,Daylight,Rural Road,50,1,Yes,0,0,0,Minor
6845,2022-01-23,13,Sun,Clear,Daylight,Urban Road,30,3,Yes,0,0,3,Fatal
6846,2024-04-03,14,Wed,Clear,Daylight,Intersection,30,2,Yes,0,0,5,Serious
6847,2023-12-02,20,Sat,Cloudy,Dark,Intersection,70,1,No,0,0,2,Minor
6848,2024-10-15,3,Tue,Clear,Dark,Urban Road,120,3,Yes,0,0,2,Fatal
6849,2024-12-03,17,Tue,Cloudy,Daylight,Urban Road,50,3,No,0,0,1,Serious
6850,2022-05-08,5,Sun,Rain,Dark,Intersection,100,1,Yes,0,1,2,Fatal
6851,2024-05-25,3,Sat,Clear,Dark,Intersection,30,2,Yes,0,0,1,Serious
6852,2022-06-07,12,Tue,Clear,Daylight,Rural Road,80,3,No,0,0,3,Fatal
6853,2024-04-06,5,Sat,Rain,Dark,Highway,30,1,No,0,0,0,Fatal
6854,2024-05-01,18,Wed,Clear,Daylight,Highway,100,2,Yes,0,0,0,Serious
6855,2023-05-27,14,Sat,Clear,Daylight,Intersection,100,1,No,0,0,1,Serious
6856,2022-02-14,2,Mon,Clear,Dark,Highway,80,2,No,1,0,3,Fatal
6857,2022-08-07,3,Sun,Rain,Dark,Highway,100,1,No,0,1,3,Fatal
6858,2023-03-19,15,Sun,Rain,Daylight,Highway,60,2,No,0,0,0,Serious
6859,2022-11-11,18,Fri,Clear,Daylight,Urban Road,50,1,Yes,0,0,1,Minor
6860,2022-06-26,12,Sun,Rain,Daylight,Urban Road,70,2,Yes,0,0,1,Fatal
6861,2022-08-16,14,Tue,Snow,Daylight,Highway,50,2,No,0,0,1,Fatal
6862,2022-09-24,18,Sat,Clear,Daylight,Highway,30,3,Yes,0,0,0,Serious
6863,2024-05-19,15,Sun,Cloudy,Daylight,Rural Road,60,2,No,0,0,3,Serious
6864,2024-04-17,8,Wed,Rain,Daylight,Intersection,70,1,Yes,0,0,0,Fatal
6865,2023-05-04,15,Thu,Cloudy,Daylight,Highway,30,4,Yes,0,0,0,Minor
6866,2023-12-03,16,Sun,Clear,Daylight,Highway,70,3,No,0,0,2,Minor
6867,2023-11-18,17,Sat,Cloudy,Daylight,Urban Road,70,2,No,0,0,2,Serious
6868,2024-09-22,15,Sun,Rain,Daylight,Intersection,40,2,Yes,0,0,1,Serious
6869,2022-12-23,21,Fri,Rain,Dark,Rural Road,50,1,Yes,0,0,3,Serious
6870,2024-05-21,8,Tue,Rain,Daylight,Rural Road,120,5,No,0,0,2,Fatal
6871,2022-07-23,21,Sat,Clear,Dark,Intersection,100,1,No,0,1,1,Fatal
6872,2023-07-06,14,Thu,Cloudy,Daylight,Highway,50,2,Yes,0,0,4,Fatal
6873,2022-11-19,16,Sat,Rain,Daylight,Highway,50,2,No,0,0,2,Serious
6874,2023-08-17,6,Thu,Clear,Daylight,Urban Road,40,4,No,1,0,2,Fatal
6875,2022-06-30,11,Thu,Clear,Daylight,Intersection,30,2,No,0,0,0,Minor
6876,2023-05-14,17,Sun,Clear,Daylight,Urban Road,50,2,No,0,0,2,Serious
6877,2022-03-24,17,Thu,Rain,Daylight,Intersection,120,3,No,0,0,5,Fatal
6878,2022-10-30,3,Sun,Rain,Dark,Rural Road,120,1,No,1,0,2,Fatal
6879,2022-09-19,14,Mon,Clear,Daylight,Rural Road,100,1,No,1,0,2,Fatal
6880,2024-02-23,6,Fri,Clear,Daylight,Highway,50,1,Yes,0,0,2,Minor
6881,2024-07-02,23,Tue,Rain,Dark,Highway,40,1,No,1,0,0,Fatal
6882,2023-11-23,19,Thu,Rain,Dusk/Dawn,Rural Road,60,1,No,0,0,7,Serious
6883,2024-08-01,2,Thu,Clear,Dark,Highway,70,2,No,0,0,0,Serious
6884,2023-11-14,19,Tue,Clear,Dusk/Dawn,Highway,50,3,No,0,0,0,Serious
6885,2023-11-20,20,Mon,Clear,Dark,Intersection,70,4,No,0,0,1,Serious
6886,2023-01-31,10,Tue,Cloudy,Daylight,Intersection,80,2,Yes,0,0,0,Minor
6887,2024-04-18,17,Thu,Fog,Daylight,Highway,80,2,No,0,0,0,Serious
6888,2024-05-27,12,Mon,Cloudy,Daylight,Rural Road,60,3,No,0,0,0,Minor
6889,2024-04-02,16,Tue,Clear,Daylight,Highway,80,3,Yes,0,0,2,Fatal
6890,2022-02-18,10,Fri,Cloudy,Daylight,Highway,30,2,No,0,0,1,Minor
6891,2024-02-28,9,Wed,Rain,Daylight,Urban Road,70,2,Yes,0,0,1,Serious
6892,2022-10-20,12,Thu,Clear,Daylight,Rural Road,40,4,No,0,0,2,Serious
6893,2023-06-20,7,Tue,Clear,Daylight,Highway,50,1,No,0,0,2,Serious
6894,2022-11-07,18,Mon,Fog,Daylight,Urban Road,30,1,Yes,0,0,2,Serious
6895,2023-06-21,10,Wed,Cloudy,Daylight,Highway,40,3,No,0,0,3,Fatal
6896,2023-10-01,11,Sun,Clear,Daylight,Intersection,120,2,No,0,0,4,Serious
6897,2022-08-22,19,Mon,Clear,Dusk/Dawn,Rural Road,50,1,No,0,0,1,Fatal
6898,2023-08-28,13,Mon,Fog,Daylight,Urban Road,120,2,No,0,0,1,Serious
6899,2022-04-04,14,Mon,Cloudy,Daylight,Highway,40,3,Yes,0,0,1,Minor
6900,2022-11-23,21,Wed,Fog,Dark,Urban Road,40,3,Yes,0,0,6,Fatal
6901,2022-08-13,19,Sat,Clear,Dusk/Dawn,Urban Road,60,2,Yes,0,0,0,Minor
6902,2024-08-24,7,Sat,Clear,Daylight,Intersection,50,1,No,0,0,0,Minor
6903,2024-06-08,13,Sat,Clear,Daylight,Highway,70,2,No,0,0,1,Serious
6904,2022-01-11,22,Tue,Cloudy,Dark,Intersection,50,3,No,0,0,0,Serious
6905,2024-11-01,11,Fri,Snow,Daylight,Urban Road,100,1,No,0,0,3,Fatal
6906,2022-02-04,11,Fri,Rain,Daylight,Highway,50,2,No,0,0,0,Serious
6907,2023-03-23,8,Thu,Clear,Daylight,Urban Road,60,2,No,0,0,0,Minor
6908,2023-03-17,7,Fri,Cloudy,Daylight,Urban Road,50,1,No,0,0,0,Minor
6909,2023-10-15,17,Sun,Rain,Daylight,Intersection,80,4,Yes,0,0,0,Serious
6910,2023-08-18,17,Fri,Cloudy,Daylight,Rural Road,70,1,Yes,0,0,0,Serious
6911,2022-08-17,21,Wed,Rain,Dark,Urban Road,50,3,Yes,0,0,3,Serious
6912,2022-12-10,17,Sat,Cloudy,Daylight,Highway,50,2,No,0,0,3,Serious
6913,2024-09-15,8,Sun,Cloudy,Daylight,Highway,70,2,No,0,0,1,Serious
6914,2024-06-27,3,Thu,Clear,Dark,Urban Road,120,4,Yes,0,0,0,Fatal
6915,2023-06-11,22,Sun,Cloudy,Dark,Rural Road,40,2,Yes,0,0,3,Serious
6916,2022-03-16,10,Wed,Clear,Daylight,Rural Road,80,2,No,0,0,4,Fatal
6917,2022-07-15,9,Fri,Snow,Daylight,Highway,60,3,No,0,0,1,Fatal
6918,2022-01-29,20,Sat,Cloudy,Dark,Highway,60,2,No,0,0,1,Minor
6919,2023-12-07,15,Thu,Clear,Daylight,Urban Road,120,2,No,0,0,1,Serious
6920,2024-10-17,8,Thu,Rain,Daylight,Intersection,70,2,No,0,0,2,Serious
6921,2022-01-16,19,Sun,Rain,Dusk/Dawn,Urban Road,100,3,Yes,0,0,3,Fatal
6922,2024-03-15,23,Fri,Snow,Dark,Urban Road,60,2,Yes,0,0,3,Serious
6923,2024-07-28,6,Sun,Cloudy,Daylight,Urban Road,40,1,Yes,0,0,4,Minor
6924,2024-08-24,19,Sat,Rain,Dusk/Dawn,Highway,70,4,Yes,0,0,2,Fatal
6925,2022-08-17,11,Wed,Cloudy,Daylight,Urban Road,120,2,No,0,0,2,Fatal
6926,2024-08-19,14,Mon,Clear,Daylight,Rural Road,100,2,Yes,0,0,3,Serious
6927,2023-12-16,20,Sat,Clear,Dark,Intersection,40,1,No,0,0,0,Minor
6928,2024-09-10,22,Tue,Clear,Dark,Urban Road,50,4,No,0,0,4,Serious
6929,2023-07-27,8,Thu,Rain,Daylight,Highway,60,4,Yes,0,0,2,Fatal
6930,2023-09-07,8,Thu,Clear,Daylight,Rural Road,60,2,Yes,0,0,1,Serious
6931,2022-11-22,6,Tue,Fog,Daylight,Rural Road,40,2,No,0,0,3,Serious
6932,2024-05-24,15,Fri,Clear,Daylight,Highway,40,2,No,0,0,1,Serious
6933,2022-12-25,1,Sun,Snow,Dark,Intersection,80,2,Yes,0,0,3,Fatal
6934,2022-11-20,12,Sun,Clear,Daylight,Intersection,80,2,No,0,0,1,Serious
6935,2022-06-14,6,Tue,Rain,Daylight,Urban Road,100,1,No,0,0,2,Serious
6936,2024-03-08,11,Fri,Rain,Daylight,Urban Road,120,4,No,0,0,3,Fatal
6937,2023-03-31,3,Fri,Cloudy,Dark,Rural Road,50,1,No,0,0,2,Serious
6938,2022-07-12,18,Tue,Fog,Daylight,Rural Road,100,3,No,0,0,2,Fatal
6939,2023-09-19,8,Tue,Snow,Daylight,Highway,70,2,Yes,0,0,5,Fatal
6940,2023-06-14,10,Wed,Cloudy,Daylight,Highway,120,1,Yes,0,0,1,Serious
6941,2024-10-30,19,Wed,Rain,Dusk/Dawn,Highway,50,2,No,0,1,1,Serious
6942,2022-04-02,17,Sat,Clear,Daylight,Rural Road,50,3,No,0,0,1,Serious
6943,2022-05-19,8,Thu,Cloudy,Daylight,Urban Road,80,3,Yes,0,0,2,Serious
6944,2023-04-26,6,Wed,Fog,Daylight,Urban Road,120,1,No,0,0,3,Fatal
6945,2023-03-25,17,Sat,Clear,Daylight,Rural Road,100,2,Yes,0,0,3,Serious
6946,2024-05-18,11,Sat,Fog,Daylight,Urban Road,80,3,No,0,0,1,Fatal
6947,2022-12-06,17,Tue,Cloudy,Daylight,Rural Road,50,3,No,0,0,2,Fatal
6948,2024-12-11,12,Wed,Cloudy,Daylight,Urban Road,80,3,Yes,0,0,0,Minor
6949,2023-04-11,10,Tue,Cloudy,Daylight,Urban Road,100,2,No,0,0,1,Serious
6950,2023-12-19,12,Tue,Clear,Daylight,Urban Road,80,3,No,0,0,0,Minor
6951,2024-03-09,17,Sat,Clear,Daylight,Intersection,70,2,Yes,0,0,3,Fatal
6952,2023-04-20,20,Thu,Clear,Dark,Rural Road,30,2,No,0,0,1,Serious
6953,2023-02-05,4,Sun,Clear,Dark,Highway,70,2,Yes,0,0,1,Fatal
6954,2023-08-28,14,Mon,Cloudy,Daylight,Intersection,60,1,No,0,1,3,Serious
6955,2024-07-20,3,Sat,Clear,Dark,Rural Road,120,2,No,1,0,3,Fatal
6956,2024-09-23,13,Mon,Rain,Daylight,Highway,70,1,No,0,0,2,Serious
6957,2024-07-10,19,Wed,Rain,Dusk/Dawn,Highway,70,2,Yes,0,0,5,Fatal
6958,2024-03-31,10,Sun,Snow,Daylight,Urban Road,120,3,No,0,0,3,Fatal
6959,2023-10-19,20,Thu,Clear,Dark,Urban Road,30,5,Yes,0,0,3,Serious
6960,2023-08-21,16,Mon,Clear,Daylight,Urban Road,50,1,No,0,0,2,Minor
6961,2023-05-29,20,Mon,Clear,Dark,Highway,70,2,Yes,0,0,2,Serious
6962,2024-10-26,17,Sat,Clear,Daylight,Urban Road,50,2,No,1,0,1,Fatal
6963,2023-05-15,6,Mon,Cloudy,Daylight,Highway,50,1,No,0,0,0,Serious
6964,2023-12-18,8,Mon,Cloudy,Daylight,Highway,100,1,Yes,0,0,2,Fatal
6965,2023-08-24,11,Thu,Clear,Daylight,Urban Road,60,2,Yes,0,0,2,Serious
6966,2023-10-28,7,Sat,Cloudy,Daylight,Urban Road,40,2,Yes,0,0,2,Minor
6967,2023-04-13,13,Thu,Clear,Daylight,Urban Road,50,3,No,0,0,1,Minor
6968,2022-06-10,13,Fri,Snow,Daylight,Intersection,30,5,No,0,0,2,Fatal
6969,2022-09-27,21,Tue,Clear,Dark,Highway,60,3,No,0,0,5,Fatal
6970,2024-12-15,12,Sun,Snow,Daylight,Highway,40,1,Yes,0,0,5,Fatal
6971,2022-08-16,18,Tue,Clear,Daylight,Highway,100,3,Yes,0,0,2,Fatal
6972,2024-04-28,21,Sun,Clear,Dark,Urban Road,60,2,No,0,0,1,Serious
6973,2022-05-29,19,Sun,Clear,Dusk/Dawn,Rural Road,30,2,No,0,0,0,Minor
6974,2024-12-05,8,Thu,Clear,Daylight,Urban Road,50,4,No,0,0,4,Serious
6975,2023-09-24,13,Sun,Fog,Daylight,Urban Road,70,3,No,1,0,3,Fatal
6976,2023-02-17,10,Fri,Clear,Daylight,Urban Road,50,2,No,0,0,1,Minor
6977,2023-06-04,11,Sun,Rain,Daylight,Urban Road,60,1,Yes,0,0,1,Fatal
6978,2023-01-22,10,Sun,Fog,Daylight,Urban Road,120,3,Yes,0,0,3,Fatal
6979,2022-10-02,18,Sun,Rain,Daylight,Urban Road,50,3,Yes,0,0,1,Fatal
6980,2022-12-19,12,Mon,Snow,Daylight,Highway,50,2,No,0,0,2,Serious
6981,2024-12-25,14,Wed,Clear,Daylight,Rural Road,100,2,Yes,0,0,1,Minor
6982,2023-08-21,22,Mon,Rain,Dark,Urban Road,50,1,No,0,0,1,Serious
6983,2023-07-12,5,Wed,Cloudy,Dark,Highway,30,1,No,0,0,1,Serious
6984,2022-04-23,13,Sat,Rain,Daylight,Urban Road,40,2,No,0,0,1,Minor
6985,2022-05-21,17,Sat,Rain,Daylight,Intersection,120,1,Yes,0,0,1,Fatal
6986,2023-12-31,7,Sun,Fog,Daylight,Highway,120,4,No,0,0,4,Fatal
6987,2023-08-12,15,Sat,Clear,Daylight,Highway,40,3,Yes,0,0,0,Minor
6988,2023-02-15,8,Wed,Fog,Daylight,Urban Road,60,2,No,1,0,2,Fatal
6989,2023-01-12,19,Thu,Cloudy,Dusk/Dawn,Urban Road,40,2,Yes,0,0,2,Minor
6990,2024-01-21,10,Sun,Clear,Daylight,Highway,70,2,Yes,0,0,1,Serious
6991,2023-09-19,10,Tue,Cloudy,Daylight,Intersection,40,1,No,0,0,2,Minor
6992,2024-09-21,15,Sat,Clear,Daylight,Urban Road,30,1,No,0,1,0,Serious
6993,2023-12-04,7,Mon,Clear,Daylight,Intersection,100,2,No,0,0,2,Fatal
6994,2023-04-07,9,Fri,Cloudy,Daylight,Urban Road,50,4,Yes,0,0,3,Fatal
6995,2022-01-12,12,Wed,Cloudy,Daylight,Intersection,40,4,No,0,0,1,Minor
6996,2023-04-22,10,Sat,Cloudy,Daylight,Urban Road,100,3,No,0,0,0,Serious
6997,2024-07-27,14,Sat,Cloudy,Daylight,Highway,80,2,No,0,0,1,Serious
6998,2023-02-05,15,Sun,Clear,Daylight,Intersection,70,3,No,0,0,2,Fatal
6999,2024-03-18,15,Mon,Rain,Daylight,Highway,120,2,No,0,0,4,Serious
7000,2022-06-26,16,Sun,Clear,Daylight,Intersection,60,1,Yes,0,0,2,Minor
7001,2022-02-26,9,Sat,Clear,Daylight,Urban Road,40,2,No,0,0,0,Serious
7002,2023-03-24,7,Fri,Clear,Daylight,Intersection,30,4,No,0,0,1,Minor
7003,2022-07-22,17,Fri,Fog,Daylight,Urban Road,50,1,Yes,0,0,2,Fatal
7004,2024-01-08,19,Mon,Rain,Dusk/Dawn,Rural Road,30,2,Yes,0,0,1,Serious
7005,2022-07-21,8,Thu,Cloudy,Daylight,Highway,60,2,Yes,0,0,1,Serious
7006,2022-12-29,11,Thu,Fog,Daylight,Urban Road,30,1,No,0,0,0,Serious
7007,2024-06-10,13,Mon,Clear,Daylight,Rural Road,50,1,No,0,0,1,Minor
7008,2023-03-30,14,Thu,Rain,Daylight,Rural Road,40,2,No,0,0,1,Serious
7009,2022-12-22,16,Thu,Clear,Daylight,Highway,50,4,No,0,0,2,Minor
7010,2022-08-04,4,Thu,Clear,Dark,Urban Road,70,3,Yes,0,0,3,Fatal
7011,2024-08-29,17,Thu,Cloudy,Daylight,Urban Road,50,4,No,0,0,1,Serious
7012,2023-07-09,5,Sun,Rain,Dark,Highway,50,1,Yes,0,0,1,Serious
7013,2024-06-05,13,Wed,Cloudy,Daylight,Urban Road,120,1,No,0,0,2,Serious
7014,2022-01-23,18,Sun,Fog,Daylight,Intersection,80,1,No,0,0,1,Fatal
7015,2022-06-04,12,Sat,Rain,Daylight,Urban Road,60,4,No,0,0,0,Minor
7016,2022-09-06,7,Tue,Snow,Daylight,Urban Road,60,1,No,0,0,3,Serious
7017,2024-01-19,22,Fri,Clear,Dark,Intersection,70,2,Yes,0,0,0,Serious
7018,2024-03-15,19,Fri,Clear,Dusk/Dawn,Highway,30,1,Yes,0,0,1,Serious
7019,2022-05-14,17,Sat,Clear,Daylight,Urban Road,30,1,No,0,0,0,Minor
7020,2022-11-17,12,Thu,Clear,Daylight,Rural Road,70,1,Yes,0,0,1,Serious
7021,2023-01-25,8,Wed,Clear,Daylight,Rural Road,50,3,Yes,0,0,2,Serious
7022,2023-03-10,21,Fri,Cloudy,Dark,Rural Road,30,1,Yes,0,0,3,Minor
7023,2024-11-11,14,Mon,Rain,Daylight,Rural Road,50,1,No,0,0,2,Minor
7024,2024-05-22,19,Wed,Rain,Dusk/Dawn,Highway,40,2,Yes,0,0,2,Serious
7025,2024-05-07,10,Tue,Clear,Daylight,Urban Road,120,2,No,0,0,0,Serious
7026,2022-02-20,10,Sun,Clear,Daylight,Rural Road,40,2,No,0,0,0,Minor
7027,2022-06-25,22,Sat,Clear,Dark,Highway,40,4,Yes,0,0,0,Serious
7028,2024-05-19,14,Sun,Fog,Daylight,Highway,70,2,Yes,0,0,4,Fatal
7029,2022-09-10,7,Sat,Clear,Daylight,Intersection,60,1,No,0,0,2,Minor
7030,2024-08-23,8,Fri,Rain,Daylight,Rural Road,60,2,No,0,0,0,Serious
7031,2024-01-09,13,Tue,Rain,Daylight,Urban Road,50,2,Yes,0,0,2,Serious
7032,2022-10-29,4,Sat,Snow,Dark,Intersection,60,3,No,0,0,5,Fatal
7033,2023-07-02,13,Sun,Clear,Daylight,Rural Road,80,4,Yes,0,0,6,Fatal
7034,2023-12-17,12,Sun,Snow,Daylight,Intersection,40,3,Yes,0,0,3,Fatal
7035,2024-02-18,18,Sun,Rain,Daylight,Intersection,50,2,No,0,0,1,Fatal
7036,2022-09-25,10,Sun,Rain,Daylight,Urban Road,120,1,Yes,1,0,3,Fatal
7037,2024-10-06,22,Sun,Clear,Dark,Rural Road,40,4,No,0,0,2,Serious
7038,2023-07-05,7,Wed,Clear,Daylight,Rural Road,50,2,Yes,0,0,4,Serious
7039,2022-11-10,15,Thu,Clear,Daylight,Intersection,40,3,Yes,0,0,1,Serious
7040,2022-07-03,6,Sun,Cloudy,Daylight,Rural Road,30,5,Yes,0,0,3,Serious
7041,2023-12-14,17,Thu,Clear,Daylight,Highway,50,2,Yes,1,0,1,Fatal
7042,2022-05-08,23,Sun,Cloudy,Dark,Highway,30,2,No,0,0,4,Fatal
7043,2023-12-01,18,Fri,Clear,Daylight,Highway,40,2,Yes,0,0,0,Minor
7044,2023-01-21,14,Sat,Clear,Daylight,Intersection,50,1,No,0,0,3,Serious
7045,2022-09-28,13,Wed,Rain,Daylight,Intersection,30,2,No,0,0,2,Minor
7046,2024-03-21,18,Thu,Clear,Daylight,Urban Road,80,2,No,1,0,2,Serious
7047,2023-02-19,20,Sun,Cloudy,Dark,Urban Road,80,1,No,0,0,0,Serious
7048,2022-07-17,22,Sun,Cloudy,Dark,Intersection,50,2,No,1,0,2,Fatal
7049,2024-12-15,11,Sun,Fog,Daylight,Urban Road,120,2,Yes,0,0,2,Fatal
7050,2024-04-10,23,Wed,Rain,Dark,Highway,70,3,Yes,0,0,3,Fatal
7051,2023-09-20,7,Wed,Rain,Daylight,Urban Road,80,3,Yes,0,0,1,Minor
7052,2023-08-27,8,Sun,Cloudy,Daylight,Intersection,40,1,No,0,0,2,Serious
7053,2024-12-16,6,Mon,Clear,Daylight,Rural Road,100,3,Yes,0,0,2,Serious
7054,2024-10-06,9,Sun,Snow,Daylight,Urban Road,120,2,No,0,0,1,Fatal
7055,2022-03-12,17,Sat,Rain,Daylight,Highway,40,2,No,0,0,2,Fatal
7056,2024-06-29,19,Sat,Cloudy,Dusk/Dawn,Urban Road,70,3,No,0,0,1,Serious
7057,2023-08-17,18,Thu,Cloudy,Daylight,Intersection,80,2,Yes,0,0,0,Minor
7058,2023-08-23,16,Wed,Cloudy,Daylight,Rural Road,50,2,No,0,0,2,Serious
7059,2023-05-29,14,Mon,Rain,Daylight,Urban Road,60,2,No,0,0,2,Fatal
7060,2022-03-25,17,Fri,Clear,Daylight,Highway,30,3,Yes,0,1,1,Fatal
7061,2024-09-20,11,Fri,Rain,Daylight,Intersection,40,2,No,0,0,1,Minor
7062,2024-12-02,18,Mon,Fog,Daylight,Highway,30,3,No,0,0,2,Fatal
7063,2024-04-18,16,Thu,Snow,Daylight,Highway,60,2,Yes,0,0,2,Fatal
7064,2023-08-29,17,Tue,Clear,Daylight,Intersection,70,3,No,0,0,1,Serious
7065,2024-03-20,14,Wed,Rain,Daylight,Intersection,120,2,No,0,0,2,Fatal
7066,2022-05-13,19,Fri,Clear,Dusk/Dawn,Rural Road,60,2,Yes,0,0,1,Serious
7067,2024-12-24,8,Tue,Cloudy,Daylight,Urban Road,50,2,Yes,0,0,0,Minor
7068,2022-10-17,11,Mon,Clear,Daylight,Urban Road,30,2,No,0,0,4,Minor
7069,2023-01-11,18,Wed,Rain,Daylight,Highway,100,1,No,0,0,2,Fatal
7070,2024-02-08,13,Thu,Clear,Daylight,Highway,60,1,No,0,0,0,Minor
7071,2023-04-12,19,Wed,Clear,Dusk/Dawn,Urban Road,80,1,No,0,0,1,Fatal
7072,2023-04-16,10,Sun,Cloudy,Daylight,Highway,30,3,Yes,0,0,1,Minor
7073,2022-05-29,11,Sun,Clear,Daylight,Intersection,60,3,Yes,0,0,0,Serious
7074,2022-03-29,19,Tue,Clear,Dusk/Dawn,Highway,50,3,No,0,0,1,Fatal
7075,2023-01-31,13,Tue,Clear,Daylight,Urban Road,30,3,No,0,0,1,Minor
7076,2024-02-29,14,Thu,Rain,Daylight,Urban Road,80,1,Yes,0,0,2,Fatal
7077,2024-05-14,10,Tue,Rain,Daylight,Urban Road,60,2,Yes,0,0,2,Minor
7078,2022-01-24,9,Mon,Clear,Daylight,Urban Road,50,4,No,0,0,3,Serious
7079,2024-08-13,16,Tue,Fog,Daylight,Intersection,100,3,No,0,0,7,Fatal
7080,2022-11-07,7,Mon,Clear,Daylight,Urban Road,50,1,No,0,0,0,Minor
7081,2023-10-26,19,Thu,Cloudy,Dusk/Dawn,Rural Road,30,2,Yes,1,0,1,Fatal
7082,2023-03-14,18,Tue,Cloudy,Daylight,Urban Road,120,1,No,0,0,1,Serious
7083,2023-12-07,8,Thu,Cloudy,Daylight,Highway,50,2,Yes,0,0,3,Fatal
7084,2023-02-26,17,Sun,Cloudy,Daylight,Urban Road,100,2,No,0,0,1,Serious
7085,2022-11-17,15,Thu,Clear,Daylight,Urban Road,100,4,No,0,0,4,Fatal
7086,2023-08-10,8,Thu,Clear,Daylight,Intersection,40,2,No,0,1,1,Minor
7087,2024-08-04,9,Sun,Fog,Daylight,Intersection,60,2,Yes,0,0,2,Fatal
7088,2024-04-28,12,Sun,Clear,Daylight,Highway,30,2,No,0,0,4,Minor
7089,2022-02-11,17,Fri,Clear,Daylight,Highway,50,3,No,0,1,1,Fatal
7090,2024-07-27,16,Sat,Clear,Daylight,Highway,80,2,No,0,0,4,Fatal
7091,2023-01-22,14,Sun,Clear,Daylight,Intersection,40,2,No,0,0,0,Minor
7092,2024-06-28,17,Fri,Rain,Daylight,Highway,40,2,Yes,0,0,1,Minor
7093,2023-12-17,17,Sun,Clear,Daylight,Rural Road,60,2,No,0,0,1,Serious
7094,2023-03-07,15,Tue,Clear,Daylight,Urban Road,60,1,No,0,0,1,Serious
7095,2023-07-08,18,Sat,Fog,Daylight,Urban Road,70,3,Yes,0,0,4,Fatal
7096,2024-03-10,10,Sun,Clear,Daylight,Highway,80,1,No,0,0,2,Fatal
7097,2023-03-02,19,Thu,Cloudy,Dusk/Dawn,Highway,70,1,No,0,0,0,Serious
7098,2022-01-26,15,Wed,Clear,Daylight,Urban Road,100,2,No,0,0,0,Serious
7099,2023-01-20,18,Fri,Rain,Daylight,Highway,40,2,Yes,0,0,3,Fatal
7100,2022-02-25,14,Fri,Clear,Daylight,Highway,60,3,Yes,0,0,2,Fatal
7101,2023-09-26,8,Tue,Clear,Daylight,Highway,50,1,No,0,0,0,Minor
7102,2022-04-16,14,Sat,Clear,Daylight,Urban Road,120,1,No,0,0,0,Serious
7103,2024-04-28,11,Sun,Rain,Daylight,Urban Road,50,3,Yes,0,0,3,Fatal
7104,2023-11-01,17,Wed,Cloudy,Daylight,Highway,120,3,No,0,0,5,Fatal
7105,2023-01-11,13,Wed,Fog,Daylight,Urban Road,80,3,Yes,0,0,1,Fatal
7106,2024-01-13,18,Sat,Clear,Daylight,Highway,80,2,No,0,0,1,Serious
7107,2024-08-24,16,Sat,Clear,Daylight,Urban Road,60,3,Yes,0,0,2,Serious
7108,2022-11-04,16,Fri,Clear,Daylight,Highway,50,2,No,0,0,1,Serious
7109,2022-04-01,8,Fri,Clear,Daylight,Rural Road,60,2,Yes,0,0,3,Serious
7110,2024-03-12,22,Tue,Clear,Dark,Highway,50,3,No,0,0,1,Serious
7111,2022-04-20,18,Wed,Cloudy,Daylight,Intersection,120,1,No,0,0,2,Fatal
7112,2023-08-08,18,Tue,Rain,Daylight,Highway,80,2,Yes,0,0,3,Fatal
7113,2022-12-06,10,Tue,Fog,Daylight,Intersection,100,3,Yes,0,0,1,Fatal
7114,2024-09-05,14,Thu,Fog,Daylight,Intersection,50,2,Yes,0,0,0,Serious
7115,2022-12-22,7,Thu,Cloudy,Daylight,Rural Road,30,2,No,0,0,1,Minor
7116,2022-06-17,14,Fri,Clear,Daylight,Intersection,70,2,No,0,0,2,Minor
7117,2023-07-11,7,Tue,Snow,Daylight,Highway,50,1,No,0,0,3,Serious
7118,2024-06-23,14,Sun,Cloudy,Daylight,Highway,100,1,Yes,0,0,2,Serious
7119,2022-04-15,16,Fri,Clear,Daylight,Highway,80,4,Yes,0,0,6,Fatal
7120,2022-05-30,11,Mon,Clear,Daylight,Highway,40,4,No,0,0,3,Fatal
7121,2022-05-26,13,Thu,Cloudy,Daylight,Urban Road,70,1,No,0,0,1,Minor
7122,2023-12-17,19,Sun,Snow,Dusk/Dawn,Urban Road,70,1,No,0,0,3,Serious
7123,2024-05-23,6,Thu,Clear,Daylight,Highway,60,1,No,0,0,3,Serious
7124,2022-10-26,18,Wed,Rain,Daylight,Urban Road,60,1,No,0,0,1,Serious
7125,2023-10-08,7,Sun,Clear,Daylight,Highway,40,2,Yes,0,0,4,Minor
7126,2023-12-24,3,Sun,Clear,Dark,Urban Road,40,1,No,0,1,1,Serious
7127,2024-12-07,8,Sat,Clear,Daylight,Intersection,80,3,No,0,0,1,Minor
7128,2023-09-30,17,Sat,Clear,Daylight,Urban Road,30,3,No,0,0,1,Serious
7129,2022-08-27,11,Sat,Rain,Daylight,Urban Road,80,1,No,0,0,3,Minor
7130,2024-10-27,19,Sun,Snow,Dusk/Dawn,Urban Road,60,2,No,0,0,1,Serious
7131,2023-04-09,14,Sun,Cloudy,Daylight,Rural Road,120,2,No,0,0,0,Minor
7132,2023-03-29,2,Wed,Clear,Dark,Highway,120,1,Yes,1,0,6,Fatal
7133,2024-02-23,17,Fri,Cloudy,Daylight,Intersection,70,3,No,0,0,1,Minor
7134,2024-06-15,6,Sat,Clear,Daylight,Urban Road,50,1,No,0,0,1,Fatal
7135,2023-01-06,18,Fri,Clear,Daylight,Urban Road,60,1,No,0,0,0,Minor
7136,2023-05-02,7,Tue,Cloudy,Daylight,Intersection,40,1,Yes,0,0,2,Minor
7137,2022-06-14,10,Tue,Clear,Daylight,Intersection,30,4,No,0,0,5,Minor
7138,2022-07-11,17,Mon,Clear,Daylight,Urban Road,60,2,Yes,0,0,4,Serious
7139,2023-12-31,21,Sun,Clear,Dark,Highway,100,2,Yes,1,0,4,Fatal
7140,2022-08-02,11,Tue,Clear,Daylight,Rural Road,50,3,No,0,0,3,Serious
7141,2023-07-28,18,Fri,Snow,Daylight,Urban Road,50,1,No,0,0,3,Serious
7142,2024-08-14,8,Wed,Cloudy,Daylight,Urban Road,60,4,Yes,0,0,4,Minor
7143,2023-01-16,18,Mon,Snow,Daylight,Highway,120,2,No,0,0,0,Fatal
7144,2023-11-04,16,Sat,Cloudy,Daylight,Urban Road,40,2,No,0,0,2,Serious
7145,2024-03-08,8,Fri,Fog,Daylight,Rural Road,40,3,No,0,0,4,Fatal
7146,2022-08-27,9,Sat,Cloudy,Daylight,Highway,120,2,Yes,0,0,6,Fatal
7147,2023-12-01,7,Fri,Clear,Daylight,Intersection,30,4,Yes,0,0,5,Serious
7148,2023-05-20,11,Sat,Cloudy,Daylight,Highway,70,3,Yes,0,0,1,Serious
7149,2022-07-21,8,Thu,Clear,Daylight,Highway,70,1,Yes,0,0,0,Fatal
7150,2024-07-08,16,Mon,Cloudy,Daylight,Urban Road,50,1,No,0,0,3,Serious
7151,2022-02-06,23,Sun,Clear,Dark,Intersection,60,1,No,0,1,1,Fatal
7152,2023-10-06,1,Fri,Fog,Dark,Intersection,100,1,Yes,0,0,1,Fatal
7153,2024-02-04,14,Sun,Fog,Daylight,Rural Road,40,2,Yes,0,0,1,Minor
7154,2023-12-07,15,Thu,Cloudy,Daylight,Highway,40,1,No,0,0,1,Minor
7155,2023-06-29,20,Thu,Snow,Dark,Intersection,60,2,No,0,0,3,Fatal
7156,2023-06-24,13,Sat,Clear,Daylight,Intersection,50,3,No,0,0,4,Serious
7157,2024-10-13,14,Sun,Rain,Daylight,Highway,60,3,No,0,0,3,Fatal
7158,2023-01-29,13,Sun,Clear,Daylight,Urban Road,120,1,Yes,0,0,3,Serious
7159,2024-04-12,9,Fri,Clear,Daylight,Urban Road,120,1,No,0,0,2,Fatal
7160,2024-12-01,5,Sun,Clear,Dark,Urban Road,40,1,Yes,0,0,0,Fatal
7161,2023-08-20,12,Sun,Clear,Daylight,Intersection,50,3,No,0,0,0,Minor
7162,2023-01-28,5,Sat,Rain,Dark,Highway,40,2,Yes,0,0,2,Fatal
7163,2023-12-01,14,Fri,Cloudy,Daylight,Urban Road,120,5,No,0,0,0,Minor
7164,2023-03-17,9,Fri,Cloudy,Daylight,Highway,50,4,No,0,0,1,Serious
7165,2024-07-06,14,Sat,Clear,Daylight,Urban Road,50,4,No,0,0,1,Serious
7166,2022-11-16,7,Wed,Clear,Daylight,Rural Road,100,1,Yes,0,0,1,Serious
7167,2023-07-07,20,Fri,Clear,Dark,Highway,60,2,No,0,0,6,Fatal
7168,2024-12-30,19,Mon,Clear,Dusk/Dawn,Urban Road,40,5,Yes,0,0,0,Minor
7169,2023-07-22,8,Sat,Clear,Daylight,Intersection,50,1,No,0,0,1,Minor
7170,2024-07-07,10,Sun,Clear,Daylight,Rural Road,70,2,No,0,0,3,Minor
7171,2022-08-24,15,Wed,Rain,Daylight,Urban Road,80,2,Yes,0,0,1,Fatal
7172,2024-09-13,6,Fri,Rain,Daylight,Highway,70,2,Yes,0,0,1,Fatal
7173,2024-10-29,10,Tue,Rain,Daylight,Urban Road,40,4,Yes,0,0,2,Serious
7174,2022-03-01,8,Tue,Clear,Daylight,Rural Road,50,2,No,0,0,2,Minor
7175,2024-06-11,20,Tue,Fog,Dark,Intersection,80,3,No,0,0,5,Fatal
7176,2022-08-13,19,Sat,Cloudy,Dusk/Dawn,Highway,100,2,Yes,0,0,5,Fatal
7177,2023-12-01,15,Fri,Clear,Daylight,Rural Road,30,2,No,0,0,2,Minor
7178,2023-08-05,14,Sat,Clear,Daylight,Highway,30,3,Yes,0,0,3,Serious
7179,2024-09-20,20,Fri,Clear,Dark,Highway,70,5,Yes,0,0,1,Fatal
7180,2022-06-18,20,Sat,Clear,Dark,Urban Road,60,5,Yes,0,0,2,Serious
7181,2024-12-21,21,Sat,Clear,Dark,Highway,40,3,Yes,0,0,5,Fatal
7182,2022-01-14,7,Fri,Clear,Daylight,Highway,60,2,No,0,0,3,Fatal
7183,2022-06-13,7,Mon,Clear,Daylight,Rural Road,120,1,No,0,0,2,Serious
7184,2024-01-27,16,Sat,Clear,Daylight,Urban Road,70,1,Yes,0,0,0,Serious
7185,2024-11-17,14,Sun,Fog,Daylight,Rural Road,50,1,Yes,0,0,4,Fatal
7186,2023-03-22,1,Wed,Clear,Dark,Rural Road,100,2,Yes,0,0,2,Fatal
7187,2023-12-17,5,Sun,Rain,Dark,Rural Road,40,1,Yes,0,0,3,Fatal
7188,2024-09-02,19,Mon,Clear,Dusk/Dawn,Urban Road,50,1,Yes,0,0,1,Serious
7189,2024-03-29,19,Fri,Clear,Dusk/Dawn,Highway,60,1,Yes,0,0,4,Serious
7190,2022-04-14,10,Thu,Cloudy,Daylight,Urban Road,60,2,Yes,0,0,1,Serious
7191,2024-01-12,19,Fri,Rain,Dusk/Dawn,Highway,120,1,No,0,0,1,Serious
7192,2023-03-02,15,Thu,Clear,Daylight,Intersection,50,3,Yes,0,0,1,Serious
7193,2023-10-01,18,Sun,Rain,Daylight,Urban Road,30,2,No,0,0,0,Serious
7194,2024-04-29,12,Mon,Rain,Daylight,Highway,120,2,Yes,0,0,1,Serious
7195,2024-02-08,7,Thu,Clear,Daylight,Urban Road,40,4,No,0,0,0,Serious
7196,2022-10-04,12,Tue,Clear,Daylight,Intersection,50,1,No,0,0,1,Minor
7197,2024-12-24,12,Tue,Cloudy,Daylight,Highway,60,5,No,0,0,1,Fatal
7198,2024-06-18,14,Tue,Clear,Daylight,Highway,120,2,Yes,0,0,1,Fatal
7199,2022-07-07,6,Thu,Clear,Daylight,Intersection,60,1,Yes,0,0,1,Minor
7200,2022-04-15,23,Fri,Clear,Dark,Highway,50,2,No,1,0,2,Fatal
7201,2023-06-30,8,Fri,Snow,Daylight,Highway,60,4,No,0,0,3,Fatal
7202,2023-01-15,8,Sun,Cloudy,Daylight,Urban Road,120,2,Yes,0,0,0,Fatal
7203,2022-04-20,14,Wed,Cloudy,Daylight,Urban Road,100,2,No,0,0,4,Serious
7204,2023-06-29,14,Thu,Snow,Daylight,Urban Road,40,4,No,0,0,1,Fatal
7205,2022-12-20,12,Tue,Cloudy,Daylight,Urban Road,100,3,No,0,0,5,Fatal
7206,2024-01-13,17,Sat,Fog,Daylight,Intersection,100,3,Yes,0,0,1,Fatal
7207,2022-11-13,14,Sun,Snow,Daylight,Rural Road,70,4,Yes,0,0,2,Fatal
7208,2024-12-24,15,Tue,Cloudy,Daylight,Intersection,70,3,No,0,0,2,Serious
7209,2022-11-29,17,Tue,Clear,Daylight,Urban Road,50,2,No,0,0,2,Serious
7210,2023-08-15,2,Tue,Rain,Dark,Highway,70,2,Yes,0,0,2,Fatal
7211,2024-02-22,15,Thu,Fog,Daylight,Intersection,80,3,No,0,0,1,Fatal
7212,2023-06-24,19,Sat,Cloudy,Dusk/Dawn,Highway,40,1,No,0,0,2,Minor
7213,2024-01-05,1,Fri,Cloudy,Dark,Rural Road,50,1,Yes,1,0,0,Fatal
7214,2023-09-13,11,Wed,Cloudy,Daylight,Highway,40,1,No,0,0,1,Minor
7215,2023-09-11,20,Mon,Cloudy,Dark,Rural Road,100,1,Yes,0,0,2,Serious
7216,2024-06-27,10,Thu,Rain,Daylight,Intersection,70,1,No,0,0,2,Serious
7217,2024-09-18,12,Wed,Clear,Daylight,Urban Road,60,3,Yes,0,0,0,Minor
7218,2022-04-09,22,Sat,Clear,Dark,Highway,100,3,No,0,0,3,Fatal
7219,2022-11-13,8,Sun,Rain,Daylight,Highway,80,1,Yes,0,0,0,Fatal
7220,2022-05-03,5,Tue,Clear,Dark,Urban Road,120,3,No,0,0,2,Fatal
7221,2024-03-09,19,Sat,Clear,Dusk/Dawn,Highway,30,2,No,0,0,1,Minor
7222,2023-04-02,19,Sun,Clear,Dusk/Dawn,Rural Road,60,2,No,0,0,0,Serious
7223,2023-06-06,13,Tue,Cloudy,Daylight,Urban Road,80,1,No,0,0,3,Serious
7224,2023-06-04,14,Sun,Clear,Daylight,Urban Road,40,2,Yes,0,0,3,Serious
7225,2024-07-05,18,Fri,Cloudy,Daylight,Urban Road,50,3,No,0,0,0,Minor
7226,2023-12-18,17,Mon,Cloudy,Daylight,Urban Road,50,2,Yes,0,0,2,Serious
7227,2022-11-11,8,Fri,Clear,Daylight,Highway,80,2,No,0,0,1,Serious
7228,2023-12-10,1,Sun,Clear,Dark,Rural Road,60,1,No,0,0,0,Minor
7229,2023-12-11,13,Mon,Snow,Daylight,Intersection,60,4,No,0,0,4,Serious
7230,2024-11-09,19,Sat,Fog,Dusk/Dawn,Highway,50,3,Yes,0,0,1,Minor
7231,2023-07-14,19,Fri,Clear,Dusk/Dawn,Highway,40,2,Yes,0,0,2,Minor
7232,2024-08-26,21,Mon,Clear,Dark,Rural Road,120,4,Yes,0,0,3,Serious
7233,2022-12-22,19,Thu,Clear,Dusk/Dawn,Highway,50,2,No,1,0,4,Fatal
7234,2024-12-13,15,Fri,Clear,Daylight,Highway,60,2,Yes,0,0,1,Serious
7235,2024-06-08,12,Sat,Clear,Daylight,Urban Road,40,2,Yes,0,0,1,Minor
7236,2024-03-03,17,Sun,Clear,Daylight,Highway,50,2,No,0,0,1,Serious
7237,2022-09-22,17,Thu,Rain,Daylight,Highway,120,3,No,0,0,2,Fatal
7238,2024-09-08,14,Sun,Cloudy,Daylight,Intersection,120,3,Yes,0,0,2,Serious
7239,2024-03-12,6,Tue,Fog,Daylight,Highway,50,2,No,0,0,2,Minor
7240,2022-02-12,20,Sat,Cloudy,Dark,Intersection,40,1,Yes,0,1,2,Serious
7241,2024-05-11,12,Sat,Snow,Daylight,Highway,50,2,Yes,0,0,4,Fatal
7242,2022-12-16,10,Fri,Fog,Daylight,Intersection,50,3,No,0,0,3,Fatal
7243,2024-06-30,16,Sun,Clear,Daylight,Urban Road,70,1,No,0,0,1,Minor
7244,2022-01-01,16,Sat,Clear,Daylight,Highway,60,2,No,0,0,0,Serious
7245,2023-08-07,8,Mon,Cloudy,Daylight,Rural Road,80,4,No,0,0,3,Serious
7246,2023-03-08,18,Wed,Cloudy,Daylight,Intersection,80,1,No,0,0,1,Serious
7247,2022-02-22,9,Tue,Clear,Daylight,Highway,50,3,Yes,0,0,4,Minor
7248,2024-07-28,8,Sun,Clear,Daylight,Rural Road,80,1,No,0,0,1,Minor
7249,2023-06-04,11,Sun,Snow,Daylight,Urban Road,100,2,No,0,0,2,Serious
7250,2022-05-27,17,Fri,Clear,Daylight,Rural Road,60,3,Yes,0,0,0,Serious
7251,2023-09-21,21,Thu,Clear,Dark,Rural Road,120,2,Yes,0,0,2,Fatal
7252,2022-10-26,18,Wed,Cloudy,Daylight,Highway,80,1,Yes,0,0,1,Serious
7253,2024-02-28,21,Wed,Rain,Dark,Highway,60,4,No,0,0,3,Fatal
7254,2024-04-29,7,Mon,Fog,Daylight,Urban Road,120,1,No,0,0,2,Fatal
7255,2022-06-27,5,Mon,Cloudy,Dark,Intersection,70,2,No,0,1,3,Fatal
7256,2024-04-21,14,Sun,Rain,Daylight,Urban Road,60,2,No,0,0,3,Serious
7257,2024-05-27,9,Mon,Rain,Daylight,Urban Road,50,2,No,0,0,4,Serious
7258,2024-01-29,18,Mon,Clear,Daylight,Highway,100,2,No,0,0,0,Serious
7259,2024-12-27,16,Fri,Clear,Daylight,Rural Road,40,2,No,0,0,1,Serious
7260,2023-03-21,22,Tue,Snow,Dark,Urban Road,60,1,No,0,0,1,Minor
7261,2023-12-09,8,Sat,Clear,Daylight,Rural Road,60,2,No,0,0,3,Minor
7262,2023-08-25,13,Fri,Clear,Daylight,Intersection,60,1,Yes,0,0,2,Serious
7263,2022-05-25,13,Wed,Clear,Daylight,Highway,70,1,Yes,0,0,1,Serious
7264,2022-10-02,8,Sun,Clear,Daylight,Highway,60,2,No,0,0,2,Minor
7265,2023-05-24,15,Wed,Clear,Daylight,Intersection,50,2,Yes,0,0,1,Minor
7266,2024-01-23,12,Tue,Rain,Daylight,Highway,100,2,Yes,0,0,4,Serious
7267,2023-04-22,12,Sat,Clear,Daylight,Rural Road,70,2,No,0,1,1,Fatal
7268,2023-10-28,10,Sat,Clear,Daylight,Rural Road,100,2,No,0,0,1,Fatal
7269,2023-07-22,1,Sat,Rain,Dark,Rural Road,50,2,Yes,0,0,2,Serious
7270,2023-06-15,14,Thu,Cloudy,Daylight,Highway,70,2,No,0,0,2,Serious
7271,2022-06-08,10,Wed,Clear,Daylight,Highway,80,4,No,0,0,3,Serious
7272,2023-11-12,0,Sun,Fog,Dark,Rural Road,50,2,No,1,0,2,Fatal
7273,2022-01-23,9,Sun,Rain,Daylight,Highway,100,3,No,0,0,7,Fatal
7274,2024-12-06,9,Fri,Fog,Daylight,Rural Road,30,1,No,0,0,1,Serious
7275,2023-06-09,11,Fri,Clear,Daylight,Urban Road,60,3,Yes,0,0,1,Serious
7276,2023-12-30,7,Sat,Cloudy,Daylight,Urban Road,70,2,Yes,0,0,0,Fatal
7277,2022-05-24,13,Tue,Rain,Daylight,Urban Road,60,2,Yes,0,0,3,Serious
7278,2023-10-30,16,Mon,Cloudy,Daylight,Intersection,70,4,Yes,0,0,1,Minor
7279,2023-11-12,16,Sun,Clear,Daylight,Urban Road,40,1,No,0,0,1,Serious
7280,2024-08-30,18,Fri,Fog,Daylight,Urban Road,70,2,No,0,0,1,Fatal
7281,2024-03-09,12,Sat,Snow,Daylight,Intersection,50,1,No,0,0,1,Serious
7282,2022-03-26,14,Sat,Clear,Daylight,Rural Road,60,3,Yes,0,0,2,Serious
7283,2023-02-20,18,Mon,Clear,Daylight,Intersection,50,3,Yes,0,0,1,Serious
7284,2023-11-25,12,Sat,Rain,Daylight,Highway,60,2,Yes,0,0,2,Serious
7285,2023-04-27,17,Thu,Clear,Daylight,Intersection,70,2,No,0,0,2,Minor
7286,2023-04-01,12,Sat,Fog,Daylight,Urban Road,100,2,No,0,0,4,Fatal
7287,2024-04-06,12,Sat,Clear,Daylight,Intersection,60,1,No,0,0,5,Serious
7288,2022-10-24,17,Mon,Clear,Daylight,Intersection,50,2,No,0,0,1,Serious
7289,2024-08-07,7,Wed,Rain,Daylight,Highway,60,2,No,0,0,2,Fatal
7290,2023-11-11,10,Sat,Clear,Daylight,Urban Road,70,2,No,0,0,3,Fatal
7291,2023-01-13,8,Fri,Cloudy,Daylight,Rural Road,50,2,Yes,1,0,3,Fatal
7292,2023-02-25,10,Sat,Cloudy,Daylight,Highway,50,1,No,0,0,4,Serious
7293,2022-04-15,8,Fri,Rain,Daylight,Rural Road,60,2,No,0,0,2,Serious
7294,2022-11-26,15,Sat,Cloudy,Daylight,Highway,50,4,No,0,0,4,Serious
7295,2023-03-15,18,Wed,Cloudy,Daylight,Intersection,40,1,No,0,0,1,Minor
7296,2023-01-17,18,Tue,Clear,Daylight,Highway,40,2,No,0,0,1,Serious
7297,2022-05-18,10,Wed,Cloudy,Daylight,Urban Road,50,2,Yes,0,0,2,Minor
7298,2024-07-31,22,Wed,Clear,Dark,Highway,30,4,No,1,0,2,Fatal
7299,2024-04-22,15,Mon,Clear,Daylight,Highway,60,2,Yes,0,0,0,Serious
7300,2022-09-27,11,Tue,Rain,Daylight,Urban Road,40,2,No,0,0,0,Minor
7301,2023-01-31,18,Tue,Fog,Daylight,Urban Road,50,3,Yes,0,0,2,Fatal
7302,2024-07-01,17,Mon,Clear,Daylight,Highway,50,2,No,0,0,3,Serious
7303,2023-04-09,17,Sun,Clear,Daylight,Intersection,70,2,Yes,0,0,2,Minor
7304,2023-03-26,8,Sun,Rain,Daylight,Highway,100,2,Yes,0,0,3,Fatal
7305,2022-01-20,13,Thu,Clear,Daylight,Rural Road,70,2,No,0,0,2,Serious
7306,2022-08-27,19,Sat,Snow,Dusk/Dawn,Urban Road,60,1,No,0,0,4,Fatal
7307,2023-02-22,13,Wed,Rain,Daylight,Urban Road,70,2,No,0,0,2,Serious
7308,2024-11-20,16,Wed,Clear,Daylight,Highway,30,2,Yes,0,0,1,Serious
7309,2022-07-05,15,Tue,Clear,Daylight,Urban Road,40,3,No,0,0,4,Fatal
7310,2022-09-10,18,Sat,Rain,Daylight,Urban Road,30,4,Yes,1,0,4,Fatal
7311,2022-01-19,9,Wed,Clear,Daylight,Highway,30,1,No,0,0,2,Fatal
7312,2023-12-13,15,Wed,Clear,Daylight,Highway,50,1,Yes,0,0,2,Serious
7313,2022-08-11,7,Thu,Clear,Daylight,Highway,60,5,No,0,0,3,Serious
7314,2022-01-03,16,Mon,Clear,Daylight,Highway,40,2,Yes,0,0,1,Minor
7315,2024-05-03,17,Fri,Clear,Daylight,Highway,120,4,Yes,0,0,1,Fatal
7316,2022-08-16,4,Tue,Rain,Dark,Highway,100,1,No,0,0,6,Fatal
7317,2024-07-01,16,Mon,Snow,Daylight,Rural Road,120,3,No,0,0,3,Fatal
7318,2023-05-14,12,Sun,Rain,Daylight,Urban Road,30,3,Yes,0,0,2,Fatal
7319,2023-06-05,7,Mon,Cloudy,Daylight,Urban Road,100,1,Yes,0,0,2,Serious
7320,2023-12-03,12,Sun,Clear,Daylight,Highway,100,1,No,0,1,1,Fatal
7321,2024-07-05,8,Fri,Clear,Daylight,Urban Road,120,2,No,0,0,1,Serious
7322,2022-10-18,12,Tue,Rain,Daylight,Urban Road,60,1,No,0,0,3,Serious
7323,2024-12-12,11,Thu,Rain,Daylight,Rural Road,80,5,Yes,0,0,2,Serious
7324,2023-12-16,17,Sat,Fog,Daylight,Rural Road,30,2,Yes,0,0,2,Minor
7325,2024-08-05,17,Mon,Fog,Daylight,Urban Road,30,3,Yes,0,0,4,Fatal
7326,2023-10-10,15,Tue,Rain,Daylight,Highway,40,3,No,0,0,1,Fatal
7327,2024-10-24,2,Thu,Clear,Dark,Urban Road,120,2,No,0,1,4,Fatal
7328,2023-11-15,20,Wed,Fog,Dark,Highway,30,2,No,0,0,3,Fatal
7329,2024-05-19,16,Sun,Fog,Daylight,Intersection,40,1,No,0,0,2,Fatal
7330,2024-12-06,3,Fri,Cloudy,Dark,Rural Road,120,2,Yes,1,1,0,Fatal
7331,2022-04-04,18,Mon,Fog,Daylight,Urban Road,40,5,No,0,0,3,Serious
7332,2024-07-28,8,Sun,Fog,Daylight,Intersection,100,1,No,0,0,3,Fatal
7333,2023-07-14,15,Fri,Rain,Daylight,Urban Road,80,2,No,0,0,2,Minor
7334,2022-08-01,13,Mon,Cloudy,Daylight,Urban Road,30,3,No,0,0,0,Minor
7335,2023-03-12,12,Sun,Cloudy,Daylight,Highway,30,2,No,0,0,2,Minor
7336,2024-05-01,19,Wed,Snow,Dusk/Dawn,Urban Road,60,2,No,0,0,2,Fatal
7337,2023-05-23,12,Tue,Rain,Daylight,Intersection,120,3,No,0,0,0,Serious
7338,2024-04-15,6,Mon,Clear,Daylight,Intersection,100,1,Yes,0,0,0,Fatal
7339,2023-10-13,21,Fri,Fog,Dark,Urban Road,50,3,No,0,0,2,Fatal
7340,2022-07-24,20,Sun,Fog,Dark,Urban Road,50,4,No,0,0,1,Fatal
7341,2023-01-16,16,Mon,Snow,Daylight,Rural Road,50,1,Yes,0,0,0,Serious
7342,2022-03-18,13,Fri,Clear,Daylight,Rural Road,80,2,No,0,0,2,Minor
7343,2024-03-26,6,Tue,Rain,Daylight,Urban Road,50,2,No,0,0,2,Serious
7344,2024-02-07,18,Wed,Clear,Daylight,Urban Road,40,1,No,0,0,2,Serious
7345,2023-02-14,6,Tue,Snow,Daylight,Rural Road,80,2,No,0,0,2,Fatal
7346,2022-04-16,5,Sat,Clear,Dark,Intersection,60,2,No,0,0,2,Serious
7347,2023-07-05,14,Wed,Fog,Daylight,Rural Road,30,4,No,0,0,1,Serious
7348,2024-04-05,7,Fri,Clear,Daylight,Highway,80,2,Yes,0,0,0,Serious
7349,2022-03-29,0,Tue,Clear,Dark,Highway,60,3,Yes,0,0,5,Fatal
7350,2024-05-30,12,Thu,Rain,Daylight,Intersection,60,1,Yes,0,0,1,Serious
7351,2023-06-24,7,Sat,Clear,Daylight,Intersection,70,1,Yes,0,0,1,Minor
7352,2022-09-02,7,Fri,Rain,Daylight,Urban Road,60,5,No,0,0,2,Minor
7353,2023-08-01,6,Tue,Cloudy,Daylight,Urban Road,70,4,No,0,0,0,Serious
7354,2024-09-08,8,Sun,Cloudy,Daylight,Intersection,100,1,Yes,1,0,4,Fatal
7355,2023-12-18,17,Mon,Clear,Daylight,Intersection,70,2,No,0,0,0,Serious
7356,2022-05-22,18,Sun,Cloudy,Daylight,Rural Road,70,2,No,0,0,1,Minor
7357,2024-06-11,12,Tue,Clear,Daylight,Highway,70,2,Yes,0,0,3,Fatal
7358,2022-12-18,13,Sun,Cloudy,Daylight,Rural Road,60,3,Yes,0,0,6,Fatal
7359,2023-06-29,3,Thu,Snow,Dark,Highway,40,3,No,0,1,2,Fatal
7360,2024-07-01,5,Mon,Clear,Dark,Intersection,50,1,No,0,0,0,Serious
7361,2022-06-01,8,Wed,Clear,Daylight,Highway,70,2,Yes,0,0,0,Serious
7362,2023-10-15,14,Sun,Clear,Daylight,Rural Road,50,2,Yes,0,0,2,Serious
7363,2024-08-15,17,Thu,Snow,Daylight,Urban Road,50,3,No,0,0,1,Serious
7364,2024-02-02,15,Fri,Clear,Daylight,Rural Road,80,2,Yes,0,0,1,Minor
7365,2023-09-16,11,Sat,Fog,Daylight,Urban Road,30,4,No,0,0,3,Serious
7366,2023-10-18,7,Wed,Rain,Daylight,Highway,70,3,Yes,0,0,4,Fatal
7367,2023-03-26,18,Sun,Cloudy,Daylight,Rural Road,60,1,No,0,0,0,Serious
7368,2023-12-22,10,Fri,Cloudy,Daylight,Urban Road,50,3,No,0,0,1,Minor
7369,2022-02-12,17,Sat,Clear,Daylight,Urban Road,50,2,No,0,0,1,Minor
7370,2022-09-21,14,Wed,Fog,Daylight,Intersection,40,2,Yes,0,0,1,Minor
7371,2024-10-23,17,Wed,Cloudy,Daylight,Urban Road,50,2,Yes,0,0,1,Minor
7372,2023-08-19,20,Sat,Cloudy,Dark,Rural Road,50,5,No,0,0,2,Fatal
7373,2024-11-05,20,Tue,Clear,Dark,Urban Road,50,2,Yes,0,0,1,Serious
7374,2024-12-18,14,Wed,Clear,Daylight,Rural Road,70,3,No,0,0,4,Serious
7375,2024-10-09,14,Wed,Clear,Daylight,Rural Road,60,2,No,0,0,1,Minor
7376,2022-06-26,9,Sun,Clear,Daylight,Rural Road,80,2,No,0,0,1,Serious
7377,2022-03-04,20,Fri,Clear,Dark,Intersection,70,3,Yes,0,0,2,Fatal
7378,2024-08-15,12,Thu,Clear,Daylight,Urban Road,40,3,No,0,0,2,Serious
7379,2024-09-29,7,Sun,Rain,Daylight,Rural Road,50,1,No,0,0,2,Serious
7380,2023-07-15,12,Sat,Clear,Daylight,Rural Road,30,2,Yes,0,0,1,Serious
7381,2024-08-12,7,Mon,Rain,Daylight,Urban Road,120,2,Yes,0,0,4,Fatal
7382,2024-04-29,13,Mon,Clear,Daylight,Urban Road,100,2,Yes,0,0,2,Serious
7383,2023-08-27,15,Sun,Cloudy,Daylight,Intersection,30,3,No,0,0,5,Serious
7384,2023-08-29,10,Tue,Cloudy,Daylight,Highway,60,1,No,0,0,0,Serious
7385,2024-04-09,6,Tue,Rain,Daylight,Urban Road,120,3,No,0,0,2,Fatal
7386,2024-01-16,21,Tue,Cloudy,Dark,Urban Road,80,2,No,0,0,0,Serious
7387,2023-07-12,17,Wed,Clear,Daylight,Highway,60,2,No,0,0,0,Minor
7388,2022-03-05,18,Sat,Snow,Daylight,Intersection,40,2,No,0,1,0,Fatal
7389,2024-07-30,10,Tue,Clear,Daylight,Highway,50,1,No,1,0,2,Serious
7390,2022-09-06,17,Tue,Clear,Daylight,Highway,80,2,No,0,0,1,Serious
7391,2024-07-28,13,Sun,Clear,Daylight,Intersection,80,3,No,0,0,1,Fatal
7392,2022-06-06,8,Mon,Rain,Daylight,Highway,60,2,Yes,0,0,0,Minor
7393,2024-01-05,7,Fri,Clear,Daylight,Rural Road,40,2,Yes,0,0,3,Serious
7394,2024-09-11,10,Wed,Rain,Daylight,Intersection,120,2,No,0,0,2,Fatal
7395,2024-12-25,7,Wed,Clear,Daylight,Rural Road,100,1,No,0,0,3,Fatal
7396,2023-10-24,23,Tue,Cloudy,Dark,Rural Road,40,2,Yes,0,0,2,Serious
7397,2024-11-09,4,Sat,Rain,Dark,Highway,30,3,No,0,1,1,Fatal
7398,2022-02-02,12,Wed,Clear,Daylight,Highway,60,2,No,0,0,0,Minor
7399,2023-07-12,12,Wed,Clear,Daylight,Urban Road,50,2,No,0,0,1,Minor
7400,2022-03-14,9,Mon,Cloudy,Daylight,Highway,50,1,Yes,0,0,2,Serious
7401,2024-04-04,15,Thu,Clear,Daylight,Urban Road,30,1,No,0,0,1,Minor
7402,2024-12-14,7,Sat,Rain,Daylight,Urban Road,120,2,No,0,0,4,Serious
7403,2022-03-02,18,Wed,Rain,Daylight,Urban Road,100,2,No,0,0,2,Fatal
7404,2022-09-29,10,Thu,Clear,Daylight,Highway,40,3,No,0,0,1,Serious
7405,2022-09-03,15,Sat,Clear,Daylight,Urban Road,100,2,No,0,0,2,Serious
7406,2023-09-20,17,Wed,Clear,Daylight,Urban Road,70,1,No,0,0,1,Minor
7407,2023-12-06,19,Wed,Clear,Dusk/Dawn,Highway,50,2,No,0,0,1,Serious
7408,2023-10-24,18,Tue,Clear,Daylight,Urban Road,100,2,No,1,0,3,Fatal
7409,2022-11-06,15,Sun,Clear,Daylight,Rural Road,60,2,Yes,0,0,0,Serious
7410,2023-05-10,11,Wed,Clear,Daylight,Intersection,100,3,Yes,0,0,2,Fatal
7411,2022-12-04,13,Sun,Clear,Daylight,Intersection,60,1,Yes,0,0,1,Fatal
7412,2023-08-02,17,Wed,Cloudy,Daylight,Rural Road,60,4,No,0,0,1,Minor
7413,2022-01-10,19,Mon,Rain,Dusk/Dawn,Rural Road,50,2,Yes,1,0,6,Fatal
7414,2022-02-18,6,Fri,Snow,Daylight,Highway,50,2,Yes,0,0,3,Serious
7415,2023-09-15,11,Fri,Clear,Daylight,Highway,60,4,No,0,0,1,Serious
7416,2024-01-01,18,Mon,Clear,Daylight,Intersection,120,3,No,0,0,3,Fatal
7417,2024-03-05,12,Tue,Cloudy,Daylight,Highway,70,1,No,0,0,1,Minor
7418,2024-08-28,10,Wed,Rain,Daylight,Urban Road,40,2,No,0,0,2,Serious
7419,2022-05-13,12,Fri,Clear,Daylight,Highway,30,2,Yes,0,0,1,Minor
7420,2022-03-24,15,Thu,Clear,Daylight,Highway,100,2,No,0,0,3,Serious
7421,2022-02-26,23,Sat,Rain,Dark,Rural Road,50,3,Yes,0,0,4,Fatal
7422,2023-01-11,13,Wed,Cloudy,Daylight,Highway,50,2,No,0,0,2,Serious
7423,2022-12-15,8,Thu,Clear,Daylight,Urban Road,100,1,Yes,0,0,1,Serious
7424,2022-09-28,7,Wed,Rain,Daylight,Highway,120,2,Yes,0,0,7,Fatal
7425,2022-04-21,4,Thu,Fog,Dark,Rural Road,80,1,Yes,0,0,2,Serious
7426,2024-05-18,14,Sat,Cloudy,Daylight,Rural Road,40,2,No,0,0,1,Fatal
7427,2024-06-05,14,Wed,Cloudy,Daylight,Urban Road,50,2,No,0,0,1,Minor
7428,2022-03-17,8,Thu,Clear,Daylight,Rural Road,80,2,Yes,0,0,1,Serious
7429,2022-11-25,17,Fri,Fog,Daylight,Highway,120,2,No,0,0,0,Fatal
7430,2022-05-02,17,Mon,Snow,Daylight,Rural Road,120,1,No,0,0,2,Fatal
7431,2022-02-10,8,Thu,Fog,Daylight,Rural Road,60,4,No,0,0,2,Fatal
7432,2024-07-10,10,Wed,Cloudy,Daylight,Intersection,100,2,No,1,1,7,Fatal
7433,2023-10-04,23,Wed,Cloudy,Dark,Highway,30,2,Yes,1,0,4,Serious
7434,2024-11-12,11,Tue,Clear,Daylight,Highway,50,5,Yes,1,0,1,Fatal
7435,2022-10-06,17,Thu,Clear,Daylight,Highway,50,4,Yes,1,0,3,Fatal
7436,2024-02-02,12,Fri,Snow,Daylight,Highway,120,1,No,0,0,1,Fatal
7437,2023-04-14,18,Fri,Clear,Daylight,Highway,30,2,Yes,0,0,3,Fatal
7438,2022-01-09,17,Sun,Clear,Daylight,Urban Road,50,2,Yes,0,0,5,Fatal
7439,2022-01-13,16,Thu,Clear,Daylight,Urban Road,120,1,No,0,0,1,Minor
7440,2024-07-12,19,Fri,Cloudy,Dusk/Dawn,Intersection,50,1,Yes,0,0,2,Minor
7441,2024-07-11,21,Thu,Clear,Dark,Highway,40,2,No,0,0,3,Minor
7442,2024-12-11,15,Wed,Rain,Daylight,Intersection,80,2,No,0,0,3,Fatal
7443,2024-12-10,8,Tue,Clear,Daylight,Intersection,80,3,No,0,0,5,Serious
7444,2023-10-15,11,Sun,Clear,Daylight,Intersection,60,1,No,0,0,1,Minor
7445,2023-09-13,17,Wed,Clear,Daylight,Intersection,120,4,Yes,0,0,0,Serious
7446,2022-07-15,16,Fri,Clear,Daylight,Rural Road,40,3,No,0,0,0,Serious
7447,2023-02-21,7,Tue,Cloudy,Daylight,Rural Road,120,3,No,0,0,2,Serious
7448,2023-10-26,5,Thu,Cloudy,Dark,Urban Road,80,2,No,0,0,1,Fatal
7449,2022-05-28,16,Sat,Snow,Daylight,Urban Road,50,3,No,0,0,3,Fatal
7450,2024-09-27,8,Fri,Clear,Daylight,Intersection,100,2,No,0,0,1,Serious
7451,2022-12-30,13,Fri,Rain,Daylight,Urban Road,40,2,Yes,0,0,3,Minor
7452,2023-02-06,17,Mon,Clear,Daylight,Highway,40,2,Yes,0,0,1,Minor
7453,2023-08-29,15,Tue,Clear,Daylight,Rural Road,120,3,No,0,1,2,Fatal
7454,2022-08-17,6,Wed,Rain,Daylight,Urban Road,30,1,Yes,0,0,1,Serious
7455,2023-06-21,8,Wed,Fog,Daylight,Intersection,30,2,No,0,0,0,Minor
7456,2022-09-25,8,Sun,Clear,Daylight,Highway,50,3,No,0,0,0,Serious
7457,2024-10-31,8,Thu,Clear,Daylight,Urban Road,40,2,No,0,0,1,Minor
7458,2022-05-06,15,Fri,Cloudy,Daylight,Highway,100,1,No,0,0,0,Fatal
7459,2022-11-02,13,Wed,Clear,Daylight,Intersection,120,2,No,0,0,3,Fatal
7460,2023-09-20,8,Wed,Cloudy,Daylight,Highway,60,2,No,0,0,1,Minor
7461,2023-11-20,5,Mon,Cloudy,Dark,Intersection,50,2,No,0,0,2,Serious
7462,2024-11-03,7,Sun,Rain,Daylight,Highway,60,1,No,0,0,2,Serious
7463,2022-10-08,22,Sat,Clear,Dark,Highway,40,1,No,0,0,4,Serious
7464,2023-03-19,13,Sun,Snow,Daylight,Highway,50,3,No,0,0,1,Fatal
7465,2024-04-16,19,Tue,Clear,Dusk/Dawn,Urban Road,40,1,Yes,0,0,1,Serious
7466,2023-01-24,19,Tue,Clear,Dusk/Dawn,Urban Road,50,4,No,0,0,1,Minor
7467,2023-09-09,14,Sat,Snow,Daylight,Highway,70,2,No,0,0,3,Fatal
7468,2022-05-27,17,Fri,Clear,Daylight,Urban Road,120,3,No,0,1,0,Fatal
7469,2023-06-05,8,Mon,Clear,Daylight,Highway,80,1,No,0,0,2,Fatal
7470,2023-09-22,16,Fri,Rain,Daylight,Intersection,80,4,No,0,0,3,Fatal
7471,2023-03-10,9,Fri,Fog,Daylight,Highway,50,1,Yes,0,0,1,Fatal
7472,2022-05-24,18,Tue,Clear,Daylight,Urban Road,100,1,Yes,0,0,2,Fatal
7473,2022-10-16,6,Sun,Clear,Daylight,Urban Road,120,1,No,0,0,3,Fatal
7474,2022-01-14,17,Fri,Clear,Daylight,Intersection,120,1,No,0,0,4,Fatal
7475,2022-09-14,6,Wed,Clear,Daylight,Intersection,30,2,Yes,0,1,1,Fatal
7476,2024-05-07,19,Tue,Snow,Dusk/Dawn,Intersection,70,3,No,0,0,4,Serious
7477,2024-07-31,9,Wed,Fog,Daylight,Highway,70,2,Yes,0,0,4,Fatal
7478,2023-04-09,16,Sun,Rain,Daylight,Intersection,50,3,No,0,0,0,Minor
7479,2022-09-27,13,Tue,Clear,Daylight,Rural Road,120,3,No,0,0,1,Serious
7480,2023-09-15,10,Fri,Clear,Daylight,Intersection,50,4,No,0,0,1,Minor
7481,2022-03-13,16,Sun,Clear,Daylight,Urban Road,40,1,Yes,0,0,4,Serious
7482,2022-03-15,21,Tue,Clear,Dark,Intersection,60,1,No,0,0,0,Serious
7483,2022-12-21,4,Wed,Clear,Dark,Urban Road,50,1,No,0,0,2,Serious
7484,2023-05-12,20,Fri,Clear,Dark,Urban Road,120,2,No,0,0,4,Fatal
7485,2024-09-14,15,Sat,Clear,Daylight,Urban Road,50,2,No,0,0,1,Serious
7486,2023-08-03,18,Thu,Snow,Daylight,Urban Road,50,2,No,0,0,1,Serious
7487,2024-06-28,11,Fri,Snow,Daylight,Urban Road,70,2,Yes,0,0,4,Fatal
7488,2023-01-08,13,Sun,Rain,Daylight,Urban Road,30,2,Yes,0,0,1,Serious
7489,2022-12-28,19,Wed,Clear,Dusk/Dawn,Rural Road,80,2,No,0,0,1,Fatal
7490,2022-04-03,12,Sun,Cloudy,Daylight,Urban Road,80,2,Yes,0,0,1,Serious
7491,2022-11-20,14,Sun,Cloudy,Daylight,Rural Road,60,1,Yes,0,0,0,Minor
7492,2023-01-19,1,Thu,Clear,Dark,Highway,120,2,No,0,0,1,Fatal
7493,2023-07-29,7,Sat,Fog,Daylight,Intersection,60,2,No,0,0,2,Serious
7494,2024-01-06,16,Sat,Cloudy,Daylight,Rural Road,70,3,No,0,0,2,Serious
7495,2024-01-07,17,Sun,Rain,Daylight,Highway,120,4,Yes,0,0,3,Fatal
7496,2022-12-12,15,Mon,Clear,Daylight,Rural Road,70,3,No,0,0,2,Serious
7497,2023-12-20,7,Wed,Clear,Daylight,Highway,50,1,Yes,0,0,2,Serious
7498,2024-02-20,12,Tue,Rain,Daylight,Highway,30,1,No,0,0,0,Serious
7499,2024-10-16,10,Wed,Clear,Daylight,Urban Road,80,4,Yes,0,0,0,Serious
7500,2023-10-26,13,Thu,Cloudy,Daylight,Urban Road,120,3,No,0,0,1,Serious
7501,2023-08-23,19,Wed,Fog,Dusk/Dawn,Highway,60,3,No,0,0,3,Fatal
7502,2022-01-11,18,Tue,Clear,Daylight,Urban Road,50,3,No,0,0,2,Fatal
7503,2022-07-06,6,Wed,Rain,Daylight,Intersection,60,2,Yes,0,0,1,Fatal
7504,2023-12-27,19,Wed,Fog,Dusk/Dawn,Highway,80,3,No,0,0,6,Fatal
7505,2024-11-04,13,Mon,Clear,Daylight,Highway,30,1,No,0,0,2,Minor
7506,2024-02-17,17,Sat,Clear,Daylight,Intersection,100,2,Yes,0,0,1,Serious
7507,2023-02-15,7,Wed,Cloudy,Daylight,Urban Road,100,2,No,0,0,1,Minor
7508,2024-08-13,16,Tue,Rain,Daylight,Rural Road,60,2,Yes,0,0,3,Serious
7509,2023-08-08,8,Tue,Clear,Daylight,Highway,40,2,No,0,0,1,Minor
7510,2024-12-11,12,Wed,Clear,Daylight,Urban Road,70,2,Yes,0,0,3,Minor
7511,2024-11-17,1,Sun,Rain,Dark,Urban Road,40,2,Yes,0,0,4,Fatal
7512,2023-07-31,7,Mon,Rain,Daylight,Intersection,60,2,No,1,0,4,Fatal
7513,2024-11-06,6,Wed,Clear,Daylight,Urban Road,30,1,Yes,0,0,1,Minor
7514,2024-09-15,8,Sun,Rain,Daylight,Urban Road,60,2,Yes,0,0,5,Serious
7515,2024-01-13,6,Sat,Clear,Daylight,Intersection,50,3,No,0,1,7,Fatal
7516,2022-07-23,16,Sat,Clear,Daylight,Intersection,100,2,Yes,0,0,2,Fatal
7517,2024-12-12,2,Thu,Rain,Dark,Highway,80,2,No,1,0,3,Fatal
7518,2024-08-31,15,Sat,Clear,Daylight,Intersection,120,2,No,0,0,1,Serious
7519,2024-07-28,7,Sun,Cloudy,Daylight,Urban Road,50,1,No,0,0,3,Minor
7520,2024-12-13,21,Fri,Clear,Dark,Urban Road,30,2,No,0,0,5,Serious
7521,2024-11-20,20,Wed,Rain,Dark,Urban Road,50,1,No,0,0,2,Fatal
7522,2024-12-17,8,Tue,Clear,Daylight,Urban Road,30,2,No,0,0,4,Minor
7523,2022-04-15,15,Fri,Clear,Daylight,Highway,40,2,Yes,0,0,4,Serious
7524,2022-09-10,2,Sat,Snow,Dark,Urban Road,60,1,Yes,1,0,2,Fatal
7525,2022-10-22,20,Sat,Clear,Dark,Urban Road,60,2,No,0,0,2,Serious
7526,2023-10-30,14,Mon,Fog,Daylight,Highway,30,4,No,0,0,1,Serious
7527,2023-07-03,4,Mon,Rain,Dark,Urban Road,50,2,Yes,0,0,1,Fatal
7528,2023-09-23,10,Sat,Rain,Daylight,Intersection,60,5,No,0,0,0,Serious
7529,2024-12-26,6,Thu,Snow,Daylight,Rural Road,50,4,Yes,0,0,2,Serious
7530,2022-10-26,11,Wed,Rain,Daylight,Urban Road,100,3,No,0,0,1,Serious
7531,2022-04-11,16,Mon,Rain,Daylight,Intersection,40,3,No,1,1,3,Fatal
7532,2024-12-15,13,Sun,Snow,Daylight,Urban Road,50,2,No,0,0,0,Serious
7533,2022-11-28,11,Mon,Cloudy,Daylight,Highway,40,2,Yes,0,0,3,Fatal
7534,2024-04-15,7,Mon,Clear,Daylight,Urban Road,40,4,No,0,0,2,Serious
7535,2023-01-28,8,Sat,Rain,Daylight,Highway,100,2,Yes,0,0,2,Fatal
7536,2024-05-23,6,Thu,Clear,Daylight,Rural Road,50,1,No,0,0,1,Serious
7537,2023-01-16,18,Mon,Clear,Daylight,Intersection,80,1,No,0,0,1,Fatal
7538,2022-04-02,7,Sat,Clear,Daylight,Urban Road,50,3,No,0,0,0,Minor
7539,2023-03-23,15,Thu,Cloudy,Daylight,Urban Road,70,2,Yes,0,1,2,Serious
7540,2022-04-19,10,Tue,Rain,Daylight,Urban Road,120,1,No,0,0,2,Fatal
7541,2022-11-13,8,Sun,Fog,Daylight,Highway,100,3,No,0,0,2,Fatal
7542,2023-03-18,16,Sat,Clear,Daylight,Rural Road,30,2,No,0,0,3,Minor
7543,2022-08-06,12,Sat,Clear,Daylight,Urban Road,100,2,Yes,0,0,0,Fatal
7544,2023-11-04,11,Sat,Cloudy,Daylight,Highway,60,1,Yes,0,0,0,Serious
7545,2022-10-05,15,Wed,Clear,Daylight,Intersection,50,1,No,0,0,4,Serious
7546,2024-10-05,13,Sat,Clear,Daylight,Highway,70,1,No,0,0,1,Serious
7547,2023-07-23,9,Sun,Clear,Daylight,Intersection,120,2,No,0,0,4,Fatal
7548,2024-10-06,14,Sun,Fog,Daylight,Urban Road,30,3,No,0,0,0,Serious
7549,2024-05-24,16,Fri,Clear,Daylight,Urban Road,80,3,No,0,0,2,Minor
7550,2023-04-11,2,Tue,Clear,Dark,Highway,40,2,No,1,0,2,Fatal
7551,2024-04-18,13,Thu,Rain,Daylight,Urban Road,50,3,Yes,0,0,1,Fatal
7552,2024-01-24,5,Wed,Clear,Dark,Intersection,100,1,No,0,0,1,Fatal
7553,2024-04-17,8,Wed,Snow,Daylight,Urban Road,60,1,No,0,0,3,Serious
7554,2022-01-30,14,Sun,Clear,Daylight,Intersection,30,3,No,1,0,4,Serious
7555,2022-12-25,19,Sun,Clear,Dusk/Dawn,Urban Road,60,1,No,0,0,1,Minor
7556,2022-03-27,19,Sun,Rain,Dusk/Dawn,Intersection,80,3,Yes,0,0,0,Fatal
7557,2024-01-17,5,Wed,Cloudy,Dark,Intersection,60,1,No,0,0,3,Serious
7558,2022-11-09,12,Wed,Snow,Daylight,Urban Road,40,1,Yes,0,0,1,Serious
7559,2022-12-31,15,Sat,Fog,Daylight,Urban Road,50,2,Yes,0,0,0,Minor
7560,2024-06-23,7,Sun,Clear,Daylight,Intersection,120,1,Yes,0,0,3,Serious
7561,2023-11-29,17,Wed,Clear,Daylight,Highway,70,1,Yes,0,0,1,Serious
7562,2022-05-11,17,Wed,Clear,Daylight,Intersection,80,2,No,0,0,1,Serious
7563,2024-03-13,20,Wed,Cloudy,Dark,Urban Road,80,2,No,0,0,1,Serious
7564,2024-02-28,0,Wed,Cloudy,Dark,Rural Road,30,3,Yes,0,0,4,Fatal
7565,2022-12-17,8,Sat,Cloudy,Daylight,Highway,60,3,No,0,0,1,Serious
7566,2022-06-29,18,Wed,Clear,Daylight,Rural Road,50,2,Yes,0,0,2,Serious
7567,2024-02-13,16,Tue,Rain,Daylight,Urban Road,40,2,Yes,0,0,3,Serious
7568,2023-05-25,19,Thu,Rain,Dusk/Dawn,Intersection,40,2,No,0,0,3,Serious
7569,2022-12-31,5,Sat,Fog,Dark,Urban Road,80,3,Yes,0,0,6,Fatal
7570,2024-09-07,15,Sat,Rain,Daylight,Highway,40,1,No,0,0,0,Serious
7571,2022-12-19,15,Mon,Snow,Daylight,Intersection,50,2,Yes,0,0,2,Serious
7572,2024-03-10,3,Sun,Clear,Dark,Rural Road,50,3,No,1,0,2,Serious
7573,2023-02-16,14,Thu,Clear,Daylight,Intersection,30,2,Yes,0,1,1,Minor
7574,2024-01-05,15,Fri,Clear,Daylight,Urban Road,60,2,Yes,0,0,0,Minor
7575,2024-09-07,8,Sat,Clear,Daylight,Urban Road,80,1,Yes,0,0,2,Serious
7576,2022-04-28,9,Thu,Clear,Daylight,Urban Road,30,3,No,0,0,1,Serious
7577,2023-04-27,16,Thu,Clear,Daylight,Rural Road,40,1,Yes,0,0,0,Minor
7578,2022-07-11,13,Mon,Clear,Daylight,Highway,80,3,Yes,0,0,1,Serious
7579,2023-08-14,19,Mon,Rain,Dusk/Dawn,Highway,60,1,Yes,0,0,3,Serious
7580,2023-08-13,10,Sun,Cloudy,Daylight,Intersection,80,4,No,0,0,1,Fatal
7581,2023-10-21,9,Sat,Cloudy,Daylight,Urban Road,40,2,Yes,0,0,1,Serious
7582,2022-04-17,22,Sun,Clear,Dark,Intersection,100,2,Yes,0,1,7,Fatal
7583,2023-01-17,20,Tue,Clear,Dark,Highway,60,3,No,0,0,2,Fatal
7584,2024-02-22,2,Thu,Clear,Dark,Intersection,70,1,Yes,0,1,3,Fatal
7585,2023-01-25,17,Wed,Cloudy,Daylight,Rural Road,30,2,No,0,0,0,Minor
7586,2022-09-01,6,Thu,Rain,Daylight,Rural Road,40,4,No,0,0,1,Serious
7587,2023-08-08,2,Tue,Clear,Dark,Urban Road,80,2,Yes,0,0,4,Fatal
7588,2024-05-18,9,Sat,Cloudy,Daylight,Intersection,40,3,No,0,0,1,Minor
7589,2023-04-13,9,Thu,Clear,Daylight,Urban Road,30,1,Yes,0,0,0,Minor
7590,2024-05-15,18,Wed,Cloudy,Daylight,Rural Road,60,2,No,0,0,1,Serious
7591,2024-07-22,17,Mon,Clear,Daylight,Highway,60,1,No,0,0,2,Serious
7592,2023-08-27,22,Sun,Clear,Dark,Urban Road,70,3,Yes,0,0,2,Fatal
7593,2024-10-11,17,Fri,Rain,Daylight,Intersection,70,2,Yes,0,0,0,Minor
7594,2024-05-09,12,Thu,Cloudy,Daylight,Highway,60,2,No,0,0,1,Serious
7595,2022-01-13,17,Thu,Cloudy,Daylight,Rural Road,60,1,No,0,0,2,Minor
7596,2022-10-26,23,Wed,Rain,Dark,Highway,120,2,Yes,0,0,1,Fatal
7597,2024-12-10,17,Tue,Clear,Daylight,Intersection,60,2,No,0,0,1,Minor
7598,2024-02-26,17,Mon,Clear,Daylight,Intersection,70,2,No,0,0,3,Fatal
7599,2022-05-29,20,Sun,Cloudy,Dark,Urban Road,50,2,Yes,0,0,4,Serious
7600,2022-05-02,7,Mon,Rain,Daylight,Highway,100,1,No,0,0,4,Fatal
7601,2023-06-22,17,Thu,Snow,Daylight,Rural Road,30,3,Yes,0,0,5,Fatal
7602,2023-01-11,19,Wed,Clear,Dusk/Dawn,Highway,60,3,No,0,0,0,Serious
7603,2022-03-23,21,Wed,Rain,Dark,Urban Road,50,2,Yes,0,0,0,Fatal
7604,2023-05-07,8,Sun,Clear,Daylight,Highway,70,1,No,0,0,0,Minor
7605,2022-12-22,13,Thu,Fog,Daylight,Urban Road,50,2,No,0,0,0,Serious
7606,2024-07-13,16,Sat,Cloudy,Daylight,Highway,80,1,No,0,0,3,Serious
7607,2024-12-03,8,Tue,Rain,Daylight,Highway,30,3,No,0,1,2,Fatal
7608,2024-10-01,15,Tue,Clear,Daylight,Highway,50,2,No,0,0,5,Fatal
7609,2022-05-03,8,Tue,Clear,Daylight,Urban Road,100,1,No,1,0,4,Fatal
7610,2023-12-09,10,Sat,Clear,Daylight,Urban Road,50,1,No,0,0,1,Minor
7611,2022-11-26,12,Sat,Cloudy,Daylight,Highway,30,5,No,0,0,3,Minor
7612,2024-09-17,14,Tue,Clear,Daylight,Urban Road,60,3,Yes,0,0,6,Serious
7613,2022-11-19,12,Sat,Cloudy,Daylight,Intersection,120,1,Yes,0,0,3,Fatal
7614,2024-02-09,13,Fri,Fog,Daylight,Highway,30,5,Yes,0,0,1,Serious
7615,2023-03-09,9,Thu,Snow,Daylight,Intersection,30,1,No,0,1,0,Fatal
7616,2023-12-11,7,Mon,Cloudy,Daylight,Rural Road,60,3,No,0,1,0,Fatal
7617,2024-03-04,4,Mon,Rain,Dark,Highway,50,2,No,0,0,1,Serious
7618,2023-12-13,8,Wed,Cloudy,Daylight,Urban Road,50,3,No,0,0,1,Minor
7619,2023-06-23,15,Fri,Clear,Daylight,Urban Road,100,2,Yes,0,0,3,Serious
7620,2023-08-24,18,Thu,Rain,Daylight,Rural Road,40,2,No,0,0,0,Minor
7621,2022-09-14,7,Wed,Snow,Daylight,Highway,80,2,No,0,0,0,Serious
7622,2024-05-20,6,Mon,Clear,Daylight,Intersection,60,2,No,0,0,2,Minor
7623,2024-06-17,17,Mon,Fog,Daylight,Rural Road,120,1,No,0,0,2,Fatal
7624,2024-03-19,9,Tue,Snow,Daylight,Urban Road,120,3,No,0,0,1,Fatal
7625,2023-11-08,21,Wed,Cloudy,Dark,Highway,60,2,No,0,0,1,Fatal
7626,2022-09-28,17,Wed,Clear,Daylight,Highway,60,2,No,0,0,0,Serious
7627,2023-07-04,10,Tue,Fog,Daylight,Urban Road,80,2,No,0,0,5,Fatal
7628,2023-07-22,9,Sat,Clear,Daylight,Urban Road,50,2,No,0,0,1,Minor
7629,2024-09-12,14,Thu,Fog,Daylight,Rural Road,40,3,Yes,0,0,3,Fatal
7630,2022-12-25,6,Sun,Clear,Daylight,Rural Road,120,3,No,0,0,4,Serious
7631,2024-03-08,7,Fri,Rain,Daylight,Highway,50,3,No,0,0,2,Serious
7632,2024-06-05,7,Wed,Clear,Daylight,Urban Road,30,3,Yes,0,0,2,Serious
7633,2022-07-30,17,Sat,Clear,Daylight,Highway,100,3,No,0,0,7,Fatal
7634,2022-10-14,14,Fri,Clear,Daylight,Urban Road,60,2,No,0,0,2,Minor
7635,2024-01-13,1,Sat,Clear,Dark,Rural Road,40,1,No,0,1,1,Minor
7636,2024-11-12,16,Tue,Rain,Daylight,Urban Road,30,3,Yes,0,0,3,Serious
7637,2022-10-23,12,Sun,Cloudy,Daylight,Intersection,50,1,No,0,0,2,Serious
7638,2022-01-06,14,Thu,Clear,Daylight,Intersection,120,5,No,0,0,3,Serious
7639,2023-07-04,8,Tue,Clear,Daylight,Urban Road,120,3,No,0,0,4,Serious
7640,2023-11-12,14,Sun,Clear,Daylight,Highway,50,2,No,0,0,1,Minor
7641,2024-03-05,22,Tue,Fog,Dark,Urban Road,100,2,No,0,0,1,Fatal
7642,2022-07-22,6,Fri,Clear,Daylight,Highway,50,2,Yes,0,0,1,Fatal
7643,2022-11-21,9,Mon,Clear,Daylight,Urban Road,70,3,Yes,0,0,4,Fatal
7644,2024-04-04,8,Thu,Clear,Daylight,Intersection,50,3,Yes,0,0,1,Serious
7645,2022-09-01,8,Thu,Clear,Daylight,Urban Road,60,1,No,0,1,2,Serious
7646,2022-11-23,11,Wed,Clear,Daylight,Rural Road,50,3,No,0,0,0,Serious
7647,2024-09-13,18,Fri,Clear,Daylight,Rural Road,30,2,No,0,0,0,Minor
7648,2024-12-06,20,Fri,Fog,Dark,Intersection,40,1,Yes,0,0,0,Serious
7649,2024-01-31,8,Wed,Rain,Daylight,Highway,50,2,Yes,0,0,1,Serious
7650,2024-11-02,14,Sat,Clear,Daylight,Intersection,120,2,Yes,0,0,4,Fatal
7651,2024-06-25,16,Tue,Rain,Daylight,Rural Road,120,1,No,0,0,2,Fatal
7652,2022-12-31,14,Sat,Clear,Daylight,Highway,100,1,No,0,0,3,Serious
7653,2022-03-14,12,Mon,Cloudy,Daylight,Intersection,40,1,Yes,0,0,2,Minor
7654,2024-12-05,8,Thu,Clear,Daylight,Intersection,50,4,Yes,0,0,3,Serious
7655,2022-10-01,13,Sat,Fog,Daylight,Urban Road,50,1,No,0,0,2,Fatal
7656,2022-07-27,11,Wed,Fog,Daylight,Intersection,50,2,No,0,1,1,Serious
7657,2022-05-04,18,Wed,Clear,Daylight,Highway,30,1,Yes,0,0,2,Serious
7658,2024-10-30,17,Wed,Cloudy,Daylight,Urban Road,60,3,No,0,0,3,Fatal
7659,2023-06-27,7,Tue,Clear,Daylight,Highway,30,3,Yes,0,0,2,Serious
7660,2022-03-01,6,Tue,Rain,Daylight,Urban Road,100,3,Yes,0,0,1,Fatal
7661,2024-06-17,20,Mon,Clear,Dark,Urban Road,70,2,No,0,0,2,Fatal
7662,2024-06-04,14,Tue,Clear,Daylight,Highway,50,2,Yes,0,0,3,Fatal
7663,2024-02-21,19,Wed,Rain,Dusk/Dawn,Rural Road,70,2,No,0,0,1,Serious
7664,2023-03-18,5,Sat,Clear,Dark,Highway,40,2,No,0,0,2,Fatal
7665,2024-06-29,14,Sat,Clear,Daylight,Highway,50,1,No,0,0,2,Serious
7666,2024-10-22,14,Tue,Clear,Daylight,Urban Road,50,2,No,0,0,0,Serious
7667,2024-04-11,19,Thu,Rain,Dusk/Dawn,Urban Road,80,1,Yes,0,0,3,Fatal
7668,2024-10-04,6,Fri,Clear,Daylight,Urban Road,40,3,Yes,0,0,3,Fatal
7669,2023-09-18,8,Mon,Clear,Daylight,Highway,60,2,No,0,1,3,Serious
7670,2024-09-24,11,Tue,Rain,Daylight,Urban Road,40,2,Yes,0,0,0,Serious
7671,2024-01-04,19,Thu,Clear,Dusk/Dawn,Highway,50,2,Yes,1,0,4,Serious
7672,2022-04-01,21,Fri,Clear,Dark,Urban Road,40,3,Yes,0,0,2,Serious
7673,2022-06-16,23,Thu,Clear,Dark,Intersection,70,2,Yes,1,0,2,Fatal
7674,2024-08-16,21,Fri,Clear,Dark,Highway,60,2,No,0,0,4,Fatal
7675,2022-07-26,0,Tue,Clear,Dark,Rural Road,80,2,No,0,0,1,Fatal
7676,2024-12-24,4,Tue,Cloudy,Dark,Highway,40,1,No,0,0,1,Serious
7677,2023-05-31,7,Wed,Clear,Daylight,Urban Road,30,1,No,0,0,1,Serious
7678,2024-01-17,10,Wed,Clear,Daylight,Urban Road,70,1,Yes,0,0,3,Serious
7679,2022-11-02,18,Wed,Clear,Daylight,Intersection,40,3,Yes,0,0,3,Serious
7680,2023-01-30,19,Mon,Clear,Dusk/Dawn,Urban Road,40,3,Yes,0,0,1,Minor
7681,2022-07-06,8,Wed,Rain,Daylight,Rural Road,50,1,Yes,0,0,1,Minor
7682,2023-09-15,15,Fri,Clear,Daylight,Urban Road,80,1,No,0,0,1,Minor
7683,2023-12-31,20,Sun,Clear,Dark,Highway,70,2,No,0,0,2,Serious
7684,2022-08-28,13,Sun,Clear,Daylight,Intersection,40,2,No,1,0,3,Fatal
7685,2023-06-17,6,Sat,Cloudy,Daylight,Urban Road,60,3,No,0,0,1,Minor
7686,2022-05-21,12,Sat,Clear,Daylight,Highway,80,2,No,0,0,2,Minor
7687,2022-05-19,11,Thu,Clear,Daylight,Urban Road,50,3,No,0,0,2,Minor
7688,2023-04-04,15,Tue,Fog,Daylight,Urban Road,40,1,No,0,0,3,Fatal
7689,2022-03-11,12,Fri,Clear,Daylight,Highway,70,2,No,0,0,2,Serious
7690,2023-01-20,1,Fri,Snow,Dark,Urban Road,70,4,No,0,0,3,Fatal
7691,2023-09-22,23,Fri,Rain,Dark,Urban Road,30,1,Yes,1,0,1,Fatal
7692,2022-07-17,14,Sun,Clear,Daylight,Urban Road,70,2,Yes,0,0,3,Fatal
7693,2022-07-24,13,Sun,Rain,Daylight,Highway,60,2,No,0,0,5,Serious
7694,2023-07-22,21,Sat,Cloudy,Dark,Intersection,80,2,Yes,0,0,2,Minor
7695,2024-09-08,7,Sun,Rain,Daylight,Highway,40,2,No,0,0,2,Serious
7696,2024-03-15,8,Fri,Cloudy,Daylight,Rural Road,50,3,No,0,0,3,Fatal
7697,2024-05-08,18,Wed,Clear,Daylight,Rural Road,60,4,No,0,0,2,Serious
7698,2024-05-31,8,Fri,Clear,Daylight,Highway,60,3,Yes,1,0,1,Fatal
7699,2024-08-31,18,Sat,Cloudy,Daylight,Highway,50,2,Yes,0,0,0,Serious
7700,2023-10-02,9,Mon,Clear,Daylight,Highway,80,5,No,0,0,0,Minor
7701,2022-11-21,3,Mon,Cloudy,Dark,Highway,60,3,No,0,0,2,Minor
7702,2023-03-18,14,Sat,Clear,Daylight,Highway,80,2,Yes,0,0,2,Fatal
7703,2024-03-14,8,Thu,Cloudy,Daylight,Rural Road,40,1,No,0,0,2,Serious
7704,2022-10-15,17,Sat,Clear,Daylight,Urban Road,80,2,No,0,0,1,Minor
7705,2022-08-14,16,Sun,Clear,Daylight,Urban Road,60,3,No,0,0,3,Serious
7706,2024-12-23,20,Mon,Cloudy,Dark,Highway,30,1,No,0,0,4,Serious
7707,2024-08-24,18,Sat,Clear,Daylight,Intersection,40,2,Yes,0,0,2,Fatal
7708,2024-07-26,7,Fri,Clear,Daylight,Highway,30,5,No,0,0,3,Serious
7709,2023-07-14,18,Fri,Clear,Daylight,Urban Road,60,2,No,0,0,0,Serious
7710,2023-12-15,16,Fri,Rain,Daylight,Highway,50,2,No,0,0,1,Fatal
7711,2023-05-13,16,Sat,Cloudy,Daylight,Highway,120,4,No,0,0,0,Fatal
7712,2024-04-28,18,Sun,Clear,Daylight,Rural Road,100,1,No,0,0,2,Serious
7713,2024-07-14,15,Sun,Clear,Daylight,Rural Road,100,4,No,0,0,2,Serious
7714,2022-03-01,13,Tue,Clear,Daylight,Rural Road,60,3,No,0,0,0,Minor
7715,2022-09-14,16,Wed,Fog,Daylight,Urban Road,100,2,No,0,0,3,Fatal
7716,2023-07-31,9,Mon,Clear,Daylight,Intersection,50,1,Yes,0,0,1,Serious
7717,2022-08-27,7,Sat,Clear,Daylight,Urban Road,60,1,No,0,0,0,Serious
7718,2022-02-07,15,Mon,Clear,Daylight,Urban Road,50,2,No,0,0,1,Minor
7719,2022-01-25,8,Tue,Rain,Daylight,Highway,40,3,Yes,0,0,5,Fatal
7720,2023-02-14,6,Tue,Cloudy,Daylight,Highway,30,2,No,0,0,2,Serious
7721,2023-04-06,0,Thu,Rain,Dark,Urban Road,60,3,No,0,0,2,Minor
7722,2024-09-14,15,Sat,Clear,Daylight,Urban Road,30,2,No,0,0,1,Minor
7723,2022-12-23,10,Fri,Rain,Daylight,Urban Road,80,2,Yes,0,0,4,Fatal
7724,2023-01-18,17,Wed,Snow,Daylight,Highway,120,5,No,0,0,3,Fatal
7725,2023-07-23,11,Sun,Clear,Daylight,Intersection,40,3,No,0,0,0,Minor
7726,2024-12-07,13,Sat,Clear,Daylight,Intersection,60,4,No,0,0,2,Serious
7727,2023-03-09,11,Thu,Clear,Daylight,Urban Road,80,1,No,1,0,2,Fatal
7728,2022-02-25,16,Fri,Fog,Daylight,Intersection,50,3,No,0,0,2,Fatal
7729,2023-07-31,10,Mon,Rain,Daylight,Intersection,120,2,Yes,0,0,1,Fatal
7730,2022-09-25,21,Sun,Rain,Dark,Intersection,100,4,Yes,0,0,2,Fatal
7731,2022-03-10,20,Thu,Clear,Dark,Urban Road,40,2,Yes,0,1,5,Minor
7732,2024-06-20,19,Thu,Clear,Dusk/Dawn,Rural Road,30,2,No,0,0,3,Minor
7733,2024-03-03,20,Sun,Cloudy,Dark,Highway,120,2,No,0,0,4,Fatal
7734,2022-09-14,12,Wed,Clear,Daylight,Urban Road,120,1,No,0,0,3,Serious
7735,2023-11-03,14,Fri,Cloudy,Daylight,Rural Road,50,1,Yes,0,0,4,Serious
7736,2023-05-05,17,Fri,Rain,Daylight,Rural Road,30,2,Yes,0,0,1,Minor
7737,2024-01-16,17,Tue,Clear,Daylight,Highway,70,4,Yes,0,0,1,Minor
7738,2022-02-18,19,Fri,Clear,Dusk/Dawn,Intersection,50,1,Yes,0,0,3,Serious
7739,2022-11-12,17,Sat,Cloudy,Daylight,Urban Road,120,2,No,0,0,2,Serious
7740,2023-02-17,23,Fri,Clear,Dark,Highway,80,3,Yes,1,0,5,Fatal
7741,2023-03-10,10,Fri,Cloudy,Daylight,Urban Road,70,2,No,0,0,2,Minor
7742,2024-10-22,18,Tue,Clear,Daylight,Intersection,50,5,No,0,0,2,Fatal
7743,2023-02-24,17,Fri,Rain,Daylight,Intersection,80,2,Yes,0,0,0,Serious
7744,2024-04-23,16,Tue,Cloudy,Daylight,Rural Road,50,2,No,0,0,3,Minor
7745,2024-07-04,9,Thu,Cloudy,Daylight,Highway,30,1,No,0,0,0,Minor
7746,2023-03-10,18,Fri,Clear,Daylight,Highway,60,5,No,0,0,2,Serious
7747,2023-10-05,20,Thu,Rain,Dark,Highway,60,4,Yes,0,0,2,Fatal
7748,2022-02-26,8,Sat,Clear,Daylight,Highway,80,3,No,0,0,1,Fatal
7749,2024-08-21,16,Wed,Clear,Daylight,Urban Road,100,1,No,0,0,2,Minor
7750,2024-09-03,11,Tue,Clear,Daylight,Urban Road,50,5,No,0,0,4,Serious
7751,2022-02-15,22,Tue,Clear,Dark,Highway,50,4,No,1,0,0,Fatal
7752,2023-02-21,13,Tue,Clear,Daylight,Intersection,60,2,Yes,0,0,1,Fatal
7753,2024-04-27,8,Sat,Clear,Daylight,Urban Road,50,2,Yes,0,0,2,Minor
7754,2022-05-19,11,Thu,Cloudy,Daylight,Rural Road,80,5,No,0,0,1,Serious
7755,2022-09-04,16,Sun,Rain,Daylight,Urban Road,60,2,Yes,0,0,1,Minor
7756,2022-08-18,6,Thu,Clear,Daylight,Urban Road,120,1,Yes,0,0,1,Minor
7757,2024-03-02,15,Sat,Cloudy,Daylight,Urban Road,70,3,Yes,0,0,3,Serious
7758,2023-09-29,20,Fri,Clear,Dark,Urban Road,40,2,No,0,0,2,Minor
7759,2023-01-09,19,Mon,Clear,Dusk/Dawn,Urban Road,40,5,No,0,0,3,Fatal
7760,2024-01-08,5,Mon,Rain,Dark,Urban Road,50,2,No,0,0,4,Fatal
7761,2024-12-24,23,Tue,Clear,Dark,Intersection,50,1,No,0,0,0,Serious
7762,2022-03-29,17,Tue,Fog,Daylight,Intersection,50,2,No,0,0,1,Fatal
7763,2023-12-14,7,Thu,Clear,Daylight,Urban Road,40,3,No,0,0,3,Serious
7764,2023-08-24,1,Thu,Clear,Dark,Highway,120,1,No,1,0,3,Fatal
7765,2023-06-23,7,Fri,Clear,Daylight,Intersection,40,2,Yes,0,0,0,Serious
7766,2022-08-02,18,Tue,Cloudy,Daylight,Rural Road,70,1,No,0,0,1,Serious
7767,2022-03-15,2,Tue,Fog,Dark,Urban Road,30,2,No,0,0,0,Fatal
7768,2022-03-02,8,Wed,Rain,Daylight,Rural Road,50,4,No,0,0,2,Serious
7769,2023-11-29,17,Wed,Rain,Daylight,Highway,50,2,Yes,0,0,1,Serious
7770,2022-01-12,15,Wed,Clear,Daylight,Highway,50,2,No,0,0,2,Serious
7771,2024-03-24,18,Sun,Rain,Daylight,Highway,60,2,Yes,0,1,4,Fatal
7772,2022-02-01,17,Tue,Clear,Daylight,Highway,70,2,Yes,0,0,1,Minor
7773,2024-09-27,4,Fri,Clear,Dark,Urban Road,60,2,No,0,0,2,Serious
7774,2022-08-25,19,Thu,Fog,Dusk/Dawn,Highway,70,3,Yes,0,0,0,Fatal
7775,2023-07-12,8,Wed,Clear,Daylight,Intersection,100,3,No,0,0,1,Minor
7776,2023-10-09,14,Mon,Clear,Daylight,Urban Road,100,2,No,0,0,3,Serious
7777,2024-09-13,16,Fri,Cloudy,Daylight,Urban Road,80,5,No,0,0,2,Serious
7778,2024-03-30,7,Sat,Rain,Daylight,Highway,30,3,No,0,0,1,Fatal
7779,2023-04-18,22,Tue,Rain,Dark,Urban Road,120,1,No,1,0,4,Fatal
7780,2022-04-22,13,Fri,Clear,Daylight,Highway,120,2,Yes,0,0,4,Fatal
7781,2023-01-18,5,Wed,Clear,Dark,Rural Road,80,4,No,0,0,2,Fatal
7782,2022-01-17,20,Mon,Fog,Dark,Intersection,60,4,Yes,0,0,4,Fatal
7783,2023-05-08,15,Mon,Fog,Daylight,Urban Road,50,2,Yes,0,0,1,Serious
7784,2024-07-14,17,Sun,Rain,Daylight,Highway,80,3,Yes,0,0,3,Fatal
7785,2022-04-27,14,Wed,Cloudy,Daylight,Rural Road,100,2,No,0,0,1,Serious
7786,2024-05-29,18,Wed,Cloudy,Daylight,Urban Road,70,1,No,0,0,3,Minor
7787,2022-04-25,3,Mon,Clear,Dark,Highway,70,4,Yes,0,0,5,Fatal
7788,2024-03-24,9,Sun,Cloudy,Daylight,Urban Road,40,4,Yes,0,0,1,Minor
7789,2023-10-06,13,Fri,Rain,Daylight,Intersection,50,2,Yes,0,0,1,Serious
7790,2022-12-02,6,Fri,Rain,Daylight,Highway,80,1,No,0,0,1,Serious
7791,2024-07-10,17,Wed,Clear,Daylight,Intersection,30,3,Yes,0,0,2,Serious
7792,2022-05-27,11,Fri,Rain,Daylight,Highway,70,2,No,0,0,2,Fatal
7793,2022-05-02,9,Mon,Cloudy,Daylight,Highway,80,1,No,0,0,0,Fatal
7794,2022-03-22,0,Tue,Snow,Dark,Rural Road,50,1,No,0,0,2,Fatal
7795,2023-11-16,17,Thu,Snow,Daylight,Highway,30,1,No,0,0,5,Serious
7796,2023-10-24,18,Tue,Clear,Daylight,Urban Road,100,2,Yes,0,0,1,Serious
7797,2023-01-10,11,Tue,Clear,Daylight,Highway,40,2,Yes,0,0,3,Serious
7798,2022-03-04,15,Fri,Clear,Daylight,Urban Road,50,1,No,0,1,3,Serious
7799,2023-05-19,8,Fri,Clear,Daylight,Highway,80,4,No,0,0,4,Serious
7800,2023-10-30,15,Mon,Rain,Daylight,Rural Road,100,4,No,0,0,1,Fatal
7801,2023-03-25,1,Sat,Clear,Dark,Rural Road,100,1,No,0,0,1,Minor
7802,2024-05-17,13,Fri,Rain,Daylight,Intersection,60,1,No,0,0,0,Serious
7803,2023-11-11,16,Sat,Clear,Daylight,Rural Road,60,2,Yes,0,0,2,Minor
7804,2023-04-06,20,Thu,Clear,Dark,Rural Road,100,1,No,0,0,3,Serious
7805,2023-04-04,11,Tue,Clear,Daylight,Rural Road,60,1,Yes,0,0,2,Fatal
7806,2023-04-09,17,Sun,Cloudy,Daylight,Intersection,60,2,No,0,0,1,Minor
7807,2024-06-30,15,Sun,Clear,Daylight,Highway,50,4,Yes,0,0,2,Fatal
7808,2023-01-14,20,Sat,Clear,Dark,Urban Road,50,5,Yes,0,0,4,Fatal
7809,2024-10-22,11,Tue,Cloudy,Daylight,Rural Road,60,3,No,0,0,1,Serious
7810,2022-12-30,9,Fri,Cloudy,Daylight,Highway,50,2,Yes,0,0,0,Serious
7811,2022-03-13,19,Sun,Fog,Dusk/Dawn,Intersection,50,3,Yes,0,0,1,Serious
7812,2023-09-30,4,Sat,Clear,Dark,Urban Road,120,2,No,0,0,2,Serious
7813,2022-12-03,7,Sat,Clear,Daylight,Urban Road,50,2,No,0,0,3,Minor
7814,2022-07-14,6,Thu,Cloudy,Daylight,Rural Road,50,2,No,0,0,0,Minor
7815,2024-10-08,18,Tue,Cloudy,Daylight,Urban Road,50,3,No,0,0,3,Minor
7816,2023-10-15,1,Sun,Rain,Dark,Intersection,60,1,No,0,0,1,Serious
7817,2022-01-07,19,Fri,Clear,Dusk/Dawn,Intersection,120,1,Yes,0,0,1,Fatal
7818,2024-06-23,12,Sun,Clear,Daylight,Rural Road,80,5,No,0,0,2,Serious
7819,2024-09-05,0,Thu,Clear,Dark,Highway,100,2,No,0,0,0,Fatal
7820,2023-07-20,11,Thu,Rain,Daylight,Highway,100,2,No,0,0,2,Serious
7821,2023-09-08,8,Fri,Clear,Daylight,Urban Road,120,2,Yes,0,0,1,Serious
7822,2023-07-27,16,Thu,Cloudy,Daylight,Intersection,40,2,Yes,0,0,0,Minor
7823,2023-08-22,16,Tue,Clear,Daylight,Highway,60,1,Yes,0,0,0,Serious
7824,2024-02-09,13,Fri,Fog,Daylight,Highway,50,1,No,1,0,2,Fatal
7825,2022-08-30,3,Tue,Clear,Dark,Highway,50,2,Yes,0,0,3,Fatal
7826,2024-02-05,16,Mon,Rain,Daylight,Urban Road,70,1,No,0,0,1,Serious
7827,2023-01-19,18,Thu,Clear,Daylight,Intersection,50,2,No,1,0,6,Fatal
7828,2023-01-26,17,Thu,Snow,Daylight,Highway,70,1,No,0,0,6,Fatal
7829,2024-06-14,18,Fri,Rain,Daylight,Highway,50,1,No,0,0,0,Fatal
7830,2023-11-19,8,Sun,Clear,Daylight,Rural Road,50,3,Yes,0,0,0,Serious
7831,2022-02-16,19,Wed,Cloudy,Dusk/Dawn,Intersection,50,3,No,0,0,2,Minor
7832,2023-09-11,9,Mon,Rain,Daylight,Intersection,100,2,No,0,0,4,Serious
7833,2023-04-09,1,Sun,Cloudy,Dark,Rural Road,70,1,Yes,1,0,3,Fatal
7834,2022-05-03,18,Tue,Cloudy,Daylight,Highway,120,1,Yes,0,0,4,Serious
7835,2022-05-14,21,Sat,Cloudy,Dark,Urban Road,100,3,No,0,0,2,Minor
7836,2024-04-20,16,Sat,Clear,Daylight,Intersection,60,1,No,0,0,1,Serious
7837,2024-04-28,8,Sun,Clear,Daylight,Intersection,40,3,No,0,0,1,Serious
7838,2023-08-30,8,Wed,Cloudy,Daylight,Urban Road,70,2,No,0,0,2,Fatal
7839,2022-01-23,13,Sun,Clear,Daylight,Rural Road,80,3,No,0,0,1,Fatal
7840,2023-07-20,19,Thu,Clear,Dusk/Dawn,Intersection,60,2,Yes,0,0,1,Serious
7841,2024-02-05,7,Mon,Snow,Daylight,Urban Road,40,2,No,0,0,5,Serious
7842,2024-08-22,18,Thu,Clear,Daylight,Highway,60,2,No,0,0,1,Minor
7843,2022-08-23,9,Tue,Fog,Daylight,Rural Road,50,2,Yes,0,0,1,Fatal
7844,2024-09-22,18,Sun,Cloudy,Daylight,Intersection,120,3,No,0,0,2,Fatal
7845,2024-12-18,20,Wed,Snow,Dark,Rural Road,70,1,No,0,0,1,Fatal
7846,2024-04-05,12,Fri,Clear,Daylight,Intersection,50,2,No,0,0,2,Minor
7847,2022-08-04,10,Thu,Clear,Daylight,Urban Road,40,2,No,0,0,3,Minor
7848,2023-10-19,18,Thu,Clear,Daylight,Highway,80,2,No,0,0,0,Minor
7849,2024-07-23,14,Tue,Clear,Daylight,Highway,80,1,Yes,0,0,7,Fatal
7850,2022-11-07,16,Mon,Clear,Daylight,Intersection,60,4,No,0,0,4,Fatal
7851,2023-07-11,16,Tue,Clear,Daylight,Urban Road,70,2,Yes,0,0,3,Fatal
7852,2024-08-29,7,Thu,Rain,Daylight,Highway,70,4,Yes,0,0,4,Serious
7853,2022-09-14,18,Wed,Rain,Daylight,Intersection,50,3,Yes,0,0,0,Minor
7854,2023-06-17,8,Sat,Cloudy,Daylight,Urban Road,120,1,No,0,0,0,Serious
7855,2022-02-21,20,Mon,Rain,Dark,Intersection,60,1,No,0,0,3,Serious
7856,2024-12-26,8,Thu,Clear,Daylight,Urban Road,30,3,No,0,0,2,Fatal
7857,2022-10-27,17,Thu,Rain,Daylight,Highway,50,2,No,0,0,1,Fatal
7858,2023-11-03,9,Fri,Snow,Daylight,Urban Road,40,1,No,0,0,5,Serious
7859,2024-02-17,9,Sat,Clear,Daylight,Intersection,50,4,No,0,0,3,Fatal
7860,2024-04-11,9,Thu,Rain,Daylight,Highway,70,2,Yes,0,0,1,Fatal
7861,2022-08-20,17,Sat,Clear,Daylight,Intersection,30,2,Yes,0,0,5,Minor
7862,2024-09-01,14,Sun,Clear,Daylight,Highway,100,2,Yes,0,0,2,Fatal
7863,2024-12-27,19,Fri,Cloudy,Dusk/Dawn,Urban Road,70,3,Yes,0,0,0,Serious
7864,2022-01-28,9,Fri,Cloudy,Daylight,Urban Road,50,1,Yes,0,0,4,Serious
7865,2024-12-10,16,Tue,Rain,Daylight,Intersection,50,2,No,0,0,1,Serious
7866,2023-08-14,17,Mon,Fog,Daylight,Urban Road,60,2,Yes,0,0,2,Serious
7867,2024-02-24,7,Sat,Cloudy,Daylight,Urban Road,40,3,Yes,0,0,2,Fatal
7868,2023-09-12,11,Tue,Cloudy,Daylight,Intersection,30,3,Yes,0,0,4,Minor
7869,2023-08-09,13,Wed,Clear,Daylight,Highway,30,2,No,0,0,0,Minor
7870,2024-09-28,10,Sat,Rain,Daylight,Highway,50,2,No,1,0,1,Fatal
7871,2022-07-03,9,Sun,Clear,Daylight,Highway,40,2,No,0,0,1,Minor
7872,2024-11-12,16,Tue,Clear,Daylight,Rural Road,30,2,No,0,0,1,Minor
7873,2022-05-09,8,Mon,Clear,Daylight,Urban Road,100,5,No,0,0,2,Fatal
7874,2022-10-18,17,Tue,Snow,Daylight,Intersection,50,2,No,0,0,0,Serious
7875,2023-05-16,20,Tue,Cloudy,Dark,Urban Road,60,5,No,0,0,3,Fatal
7876,2022-07-05,15,Tue,Cloudy,Daylight,Highway,40,3,No,0,0,2,Fatal
7877,2023-04-24,15,Mon,Clear,Daylight,Intersection,30,1,No,0,0,0,Minor
7878,2023-05-07,5,Sun,Rain,Dark,Highway,80,3,No,1,0,2,Fatal
7879,2023-05-28,19,Sun,Clear,Dusk/Dawn,Intersection,40,1,No,0,0,1,Minor
7880,2024-12-26,9,Thu,Clear,Daylight,Highway,30,2,Yes,0,0,0,Serious
7881,2023-04-12,15,Wed,Cloudy,Daylight,Highway,60,2,No,0,0,1,Serious
7882,2022-10-12,22,Wed,Clear,Dark,Urban Road,30,4,Yes,0,0,4,Fatal
7883,2023-08-24,15,Thu,Snow,Daylight,Highway,50,1,No,0,0,2,Fatal
7884,2022-07-08,17,Fri,Clear,Daylight,Highway,50,3,Yes,0,0,1,Fatal
7885,2024-09-15,12,Sun,Clear,Daylight,Urban Road,50,4,No,0,0,2,Serious
7886,2024-06-08,5,Sat,Rain,Dark,Highway,30,1,No,0,0,3,Minor
7887,2023-01-23,18,Mon,Clear,Daylight,Highway,120,4,No,0,0,1,Fatal
7888,2022-08-29,3,Mon,Clear,Dark,Highway,60,2,No,0,0,0,Serious
7889,2023-02-21,17,Tue,Clear,Daylight,Urban Road,60,1,No,0,0,0,Minor
7890,2022-06-25,2,Sat,Rain,Dark,Urban Road,70,4,No,0,1,2,Fatal
7891,2023-01-22,19,Sun,Cloudy,Dusk/Dawn,Highway,80,2,No,0,0,2,Minor
7892,2024-05-02,7,Thu,Cloudy,Daylight,Urban Road,70,2,No,0,0,2,Serious
7893,2023-10-25,14,Wed,Cloudy,Daylight,Rural Road,80,2,No,0,0,1,Serious
7894,2023-03-28,15,Tue,Cloudy,Daylight,Rural Road,50,1,Yes,0,0,3,Minor
7895,2022-10-04,12,Tue,Cloudy,Daylight,Urban Road,50,2,No,0,0,0,Minor
7896,2022-08-01,10,Mon,Rain,Daylight,Highway,100,1,Yes,0,0,4,Fatal
7897,2022-02-10,13,Thu,Rain,Daylight,Urban Road,100,1,Yes,0,0,1,Fatal
7898,2022-10-21,9,Fri,Clear,Daylight,Intersection,40,4,No,0,0,2,Minor
7899,2023-08-23,12,Wed,Cloudy,Daylight,Urban Road,60,4,No,0,0,0,Minor
7900,2023-06-25,10,Sun,Clear,Daylight,Highway,70,2,Yes,0,0,2,Fatal
7901,2023-03-27,15,Mon,Clear,Daylight,Highway,30,1,No,0,0,3,Serious
7902,2024-12-20,8,Fri,Cloudy,Daylight,Intersection,120,2,Yes,0,0,1,Serious
7903,2024-02-29,22,Thu,Clear,Dark,Rural Road,60,3,No,0,1,2,Fatal
7904,2022-11-30,13,Wed,Cloudy,Daylight,Urban Road,70,1,No,0,0,2,Serious
7905,2024-06-09,8,Sun,Fog,Daylight,Highway,40,1,No,0,0,2,Serious
7906,2022-02-13,13,Sun,Clear,Daylight,Intersection,50,4,No,0,0,2,Fatal
7907,2022-05-24,19,Tue,Fog,Dusk/Dawn,Highway,40,2,Yes,0,0,3,Serious
7908,2022-11-29,2,Tue,Cloudy,Dark,Urban Road,50,1,No,0,0,0,Minor
7909,2024-09-24,16,Tue,Clear,Daylight,Rural Road,60,1,No,0,0,1,Fatal
7910,2022-02-24,14,Thu,Snow,Daylight,Urban Road,100,4,No,0,0,3,Fatal
7911,2024-05-19,7,Sun,Cloudy,Daylight,Highway,60,2,No,0,0,1,Serious
7912,2024-03-07,18,Thu,Clear,Daylight,Highway,40,1,No,1,0,2,Fatal
7913,2022-11-21,11,Mon,Clear,Daylight,Intersection,30,4,Yes,1,0,3,Fatal
7914,2022-03-21,9,Mon,Clear,Daylight,Urban Road,70,3,Yes,0,0,2,Minor
7915,2024-11-20,18,Wed,Clear,Daylight,Intersection,50,1,No,0,0,3,Fatal
7916,2024-09-11,16,Wed,Clear,Daylight,Urban Road,120,2,Yes,0,0,2,Serious
7917,2023-07-12,20,Wed,Fog,Dark,Intersection,80,1,No,0,0,2,Fatal
7918,2024-05-14,16,Tue,Clear,Daylight,Intersection,100,2,No,0,0,0,Serious
7919,2023-12-18,17,Mon,Cloudy,Daylight,Urban Road,30,2,Yes,0,0,1,Serious
7920,2023-04-17,18,Mon,Clear,Daylight,Urban Road,80,2,No,0,0,3,Serious
7921,2022-03-15,5,Tue,Clear,Dark,Urban Road,40,2,No,0,0,2,Serious
7922,2023-08-12,18,Sat,Rain,Daylight,Rural Road,60,2,No,0,0,1,Minor
7923,2023-07-18,15,Tue,Cloudy,Daylight,Urban Road,50,2,Yes,0,0,2,Minor
7924,2023-04-12,5,Wed,Rain,Dark,Intersection,60,1,Yes,0,0,2,Serious
7925,2023-08-22,13,Tue,Clear,Daylight,Highway,40,5,No,0,0,0,Fatal
7926,2024-09-18,6,Wed,Cloudy,Daylight,Urban Road,60,1,Yes,0,0,2,Minor
7927,2024-01-07,17,Sun,Clear,Daylight,Rural Road,30,2,Yes,1,0,1,Serious
7928,2024-09-20,14,Fri,Clear,Daylight,Highway,30,1,No,0,0,2,Serious
7929,2022-09-05,21,Mon,Clear,Dark,Urban Road,70,2,No,0,0,2,Fatal
7930,2022-03-08,7,Tue,Snow,Daylight,Intersection,120,1,No,0,0,1,Fatal
7931,2023-07-27,15,Thu,Clear,Daylight,Urban Road,80,1,Yes,0,0,3,Minor
7932,2023-12-04,8,Mon,Rain,Daylight,Intersection,60,2,Yes,0,0,0,Serious
7933,2023-04-15,15,Sat,Rain,Daylight,Rural Road,30,2,Yes,0,0,1,Minor
7934,2023-05-08,17,Mon,Cloudy,Daylight,Rural Road,30,2,No,0,0,2,Minor
7935,2023-10-25,17,Wed,Clear,Daylight,Urban Road,40,1,Yes,0,0,1,Minor
7936,2022-10-13,18,Thu,Clear,Daylight,Highway,120,1,Yes,0,0,4,Fatal
7937,2022-11-08,19,Tue,Clear,Dusk/Dawn,Urban Road,50,3,Yes,0,0,3,Serious
7938,2022-11-05,6,Sat,Clear,Daylight,Highway,100,1,No,0,0,1,Serious
7939,2024-02-14,10,Wed,Fog,Daylight,Intersection,80,1,No,0,0,3,Fatal
7940,2024-08-22,16,Thu,Rain,Daylight,Highway,70,1,No,0,0,4,Serious
7941,2023-04-01,13,Sat,Snow,Daylight,Highway,120,1,Yes,0,0,2,Fatal
7942,2022-05-12,8,Thu,Cloudy,Daylight,Urban Road,40,1,No,0,0,0,Serious
7943,2024-07-18,14,Thu,Cloudy,Daylight,Urban Road,60,2,No,0,0,0,Serious
7944,2024-08-22,11,Thu,Clear,Daylight,Highway,100,1,No,0,0,1,Fatal
7945,2024-07-17,11,Wed,Cloudy,Daylight,Highway,60,3,No,0,0,3,Serious
7946,2022-05-01,18,Sun,Clear,Daylight,Intersection,40,1,Yes,0,1,1,Serious
7947,2023-09-26,11,Tue,Fog,Daylight,Urban Road,40,3,No,0,1,8,Fatal
7948,2024-06-15,2,Sat,Rain,Dark,Highway,80,3,No,0,0,1,Fatal
7949,2024-02-11,5,Sun,Cloudy,Dark,Urban Road,30,1,Yes,0,0,2,Fatal
7950,2024-11-28,19,Thu,Clear,Dusk/Dawn,Highway,120,1,Yes,0,0,5,Fatal
7951,2023-07-20,21,Thu,Snow,Dark,Highway,30,1,No,0,0,8,Fatal
7952,2023-05-27,16,Sat,Cloudy,Daylight,Intersection,70,2,Yes,0,0,1,Serious
7953,2022-10-16,10,Sun,Fog,Daylight,Urban Road,70,2,No,0,0,3,Serious
7954,2022-07-19,20,Tue,Snow,Dark,Highway,60,2,No,0,0,3,Fatal
7955,2023-06-12,16,Mon,Clear,Daylight,Intersection,60,2,Yes,0,0,2,Minor
7956,2024-07-05,18,Fri,Clear,Daylight,Rural Road,100,1,No,0,0,1,Serious
7957,2024-12-21,17,Sat,Cloudy,Daylight,Highway,70,3,Yes,0,0,4,Serious
7958,2024-03-09,11,Sat,Fog,Daylight,Urban Road,80,2,Yes,0,0,1,Serious
7959,2024-12-01,13,Sun,Rain,Daylight,Intersection,40,5,No,0,0,3,Fatal
7960,2022-01-12,8,Wed,Clear,Daylight,Urban Road,30,2,No,0,0,2,Serious
7961,2024-04-12,9,Fri,Clear,Daylight,Urban Road,30,2,Yes,0,0,2,Minor
7962,2024-04-20,18,Sat,Clear,Daylight,Urban Road,40,4,Yes,0,0,0,Serious
7963,2023-10-05,19,Thu,Clear,Dusk/Dawn,Urban Road,70,2,No,0,0,1,Serious
7964,2022-04-16,17,Sat,Clear,Daylight,Urban Road,60,3,Yes,0,0,4,Serious
7965,2023-11-22,13,Wed,Clear,Daylight,Urban Road,80,2,No,0,0,2,Serious
7966,2023-06-12,6,Mon,Rain,Daylight,Highway,40,4,Yes,0,0,4,Serious
7967,2024-04-25,5,Thu,Rain,Dark,Intersection,50,4,No,0,1,5,Fatal
7968,2024-06-11,11,Tue,Clear,Daylight,Highway,100,2,Yes,0,0,1,Fatal
7969,2023-01-22,13,Sun,Rain,Daylight,Urban Road,120,1,No,0,0,3,Serious
7970,2023-04-26,15,Wed,Cloudy,Daylight,Urban Road,120,2,No,0,0,1,Serious
7971,2023-02-12,0,Sun,Clear,Dark,Rural Road,100,4,No,1,0,2,Fatal
7972,2024-06-16,22,Sun,Cloudy,Dark,Urban Road,70,2,No,0,0,3,Serious
7973,2023-12-12,10,Tue,Cloudy,Daylight,Rural Road,120,4,Yes,0,0,1,Fatal
7974,2023-10-01,19,Sun,Clear,Dusk/Dawn,Highway,80,2,No,0,0,3,Serious
7975,2024-11-10,14,Sun,Clear,Daylight,Rural Road,120,4,No,0,0,2,Fatal
7976,2024-03-25,7,Mon,Clear,Daylight,Intersection,30,1,No,0,0,4,Serious
7977,2024-07-06,18,Sat,Rain,Daylight,Intersection,120,2,No,0,0,2,Fatal
7978,2022-07-22,17,Fri,Clear,Daylight,Urban Road,60,2,Yes,0,0,0,Serious
7979,2023-02-21,14,Tue,Clear,Daylight,Urban Road,40,2,Yes,0,0,2,Serious
7980,2023-02-20,14,Mon,Rain,Daylight,Highway,40,2,No,0,0,1,Serious
7981,2022-03-26,6,Sat,Clear,Daylight,Urban Road,100,4,Yes,1,0,4,Fatal
7982,2022-06-16,16,Thu,Cloudy,Daylight,Urban Road,60,4,No,1,0,3,Fatal
7983,2023-01-19,20,Thu,Clear,Dark,Highway,120,3,No,0,0,3,Serious
7984,2023-04-13,6,Thu,Cloudy,Daylight,Intersection,40,1,No,0,0,2,Serious
7985,2024-03-20,8,Wed,Clear,Daylight,Intersection,50,1,Yes,1,0,2,Serious
7986,2024-09-23,20,Mon,Clear,Dark,Highway,50,2,No,0,0,1,Serious
7987,2023-04-18,9,Tue,Clear,Daylight,Urban Road,60,3,Yes,0,0,3,Fatal
7988,2024-09-19,16,Thu,Cloudy,Daylight,Rural Road,70,1,No,0,0,1,Minor
7989,2022-10-02,14,Sun,Clear,Daylight,Highway,70,2,Yes,0,0,4,Fatal
7990,2024-11-09,15,Sat,Rain,Daylight,Urban Road,30,2,No,0,0,3,Serious
7991,2023-05-05,12,Fri,Cloudy,Daylight,Urban Road,30,3,No,0,0,1,Serious
7992,2022-11-22,9,Tue,Rain,Daylight,Highway,30,2,No,0,0,1,Serious
7993,2023-06-13,4,Tue,Clear,Dark,Urban Road,100,2,Yes,0,1,2,Fatal
7994,2024-06-10,17,Mon,Cloudy,Daylight,Intersection,50,1,Yes,0,0,1,Serious
7995,2022-03-30,17,Wed,Cloudy,Daylight,Urban Road,50,1,Yes,0,0,1,Serious
7996,2023-05-01,16,Mon,Clear,Daylight,Urban Road,60,4,No,0,0,0,Minor
7997,2023-12-09,16,Sat,Rain,Daylight,Urban Road,100,2,Yes,0,0,1,Fatal
7998,2022-12-16,8,Fri,Cloudy,Daylight,Intersection,30,5,Yes,0,0,0,Serious
7999,2023-01-22,2,Sun,Cloudy,Dark,Intersection,40,1,Yes,0,0,4,Fatal
8000,2022-03-28,18,Mon,Clear,Daylight,Highway,70,2,No,0,0,2,Serious
